4d 37 52 00 14 00 00 00  48 44 01 00 0d 00 00 00
40 06 00 00 07 00 00 00  14 00 00 00 84 02 00 00
00 00 00 00 00 00 00 00  90 00 00 00 90 00 00 00
da 0f 49 3f 68 01 00 00  15 00 00 00 3f 00 00 00
ff 1f 00 00 09 00 00 00  44 00 00 00 f7 00 00 00
0a 00 00 00 00 00 00 00  27 00 00 00 03 00 00 00
04 00 00 00 00 00 00 00  00 00 00 00 4d 69 64 64
6c 65 20 76 35 2e 33 00  00 00 00 00 00 00 00 00
00 00 00 00 00 00 00 00  00 00 00 00 00 00 00 00
00 00 00 00 00 00 00 00  00 00 00 00 00 00 00 00
00 00 00 00 00 00 00 00  00 00 00 00 10 00 00 00
03 00 00 00 00 00 00 00  00 87 93 03 28 63 29 20
41 2e 41 64 61 6d 6f 76  2c 20 43 61 73 70 65 72
6f 66 66 2c 20 6d 65 74  61 6d 6f 72 66 3b 20 41
4c 4c 4f 44 53 4e 45 54  ae 32 30 30 33 00 00 00
00 00 00 00 00 00 00 00  00 00 00 00 00 00 00 00
00 00 00 00 00 00 00 00  00 00 00 00 00 00 00 00
00 00 00 00 00 00 00 00  00 00 00 00 00 00 00 00
00 00 00 00 00 00 00 00  00 00 00 00 00 00 00 00
00 00 00 00 00 00 00 00  00 00 00 00 00 00 00 00
00 00 00 00 00 00 00 00  00 00 00 00 00 00 00 00
00 00 00 00 00 00 00 00  00 00 00 00 00 00 00 00
00 00 00 00 00 00 00 00  00 00 00 00 00 00 00 00
00 00 00 00 00 00 00 00  00 00 00 00 00 00 00 00
00 00 00 00 00 00 00 00  00 00 00 00 00 00 00 00
00 00 00 00 00 00 00 00  00 00 00 00 00 00 00 00
00 00 00 00 00 00 00 00  00 00 00 00 00 00 00 00
00 00 00 00 00 00 00 00  00 00 00 00 00 00 00 00
00 00 00 00 00 00 00 00  00 00 00 00 00 00 00 00
00 00 00 00 00 00 00 00  00 00 00 00 00 00 00 00
00 00 00 00 00 00 00 00  00 00 00 00 00 00 00 00
00 00 00 00 00 00 00 00  00 00 00 00 00 00 00 00
00 00 00 00 00 00 00 00  00 00 00 00 00 00 00 00
00 00 00 00 00 00 00 00  00 00 00 00 00 00 00 00
00 00 00 00 00 00 00 00  00 00 00 00 00 00 00 00
00 00 00 00 00 00 00 00  00 00 00 00 00 00 00 00
00 00 00 00 00 00 00 00  00 00 00 00 00 00 00 00
00 00 00 00 00 00 00 00  00 00 00 00 00 00 00 00
00 00 00 00 00 00 00 00  00 00 00 00 00 00 00 00
00 00 00 00 00 00 00 00  00 00 00 00 00 00 00 00
00 00 00 00 00 00 00 00  00 00 00 00 00 00 00 00
00 00 00 00 00 00 00 00  00 00 00 00 00 00 00 00
00 00 00 00 00 00 00 00  00 00 00 00 00 00 00 00
00 00 00 00 00 00 00 00  00 00 00 00 07 00 00 00
14 00 00 00 00 a2 00 00  01 00 00 00 00 00 00 00
34 00 34 00 34 00 34 00  34 00 34 00 34 00 34 00
34 00 34 00 34 00 34 00  34 00 34 00 34 00 34 00
34 00 34 00 34 00 34 00  34 00 34 00 34 00 34 00
34 00 34 00 34 00 34 00  34 00 34 00 34 00 34 00
34 00 34 00 34 00 34 00  34 00 34 00 34 00 34 00
34 00 34 00 34 00 34 00  34 00 34 00 34 00 34 00
34 00 34 00 34 00 34 00  34 00 34 00 34 00 34 00
34 00 34 00 34 00 34 00  34 00 34 00 34 00 34 00
34 00 34 00 34 00 34 00  34 00 34 00 34 00 34 00
34 00 34 00 34 00 34 00  34 00 34 00 34 00 34 00
34 00 34 00 34 00 34 00  34 00 34 00 34 00 34 00
34 00 34 00 34 00 34 00  34 00 34 00 34 00 34 00
34 00 34 00 34 00 34 00  34 00 34 00 34 00 34 00
34 00 34 00 34 00 34 00  34 00 34 00 34 00 34 00
34 00 34 00 34 00 34 00  34 00 34 00 34 00 34 00
34 00 34 00 34 00 34 00  34 00 34 00 34 00 34 00
34 00 34 00 34 00 34 00  34 00 34 00 34 00 34 00
34 00 34 00 34 00 34 00  34 00 34 00 34 00 34 00
34 00 34 00 34 00 34 00  34 00 34 00 34 00 34 00
34 00 34 00 34 00 34 00  34 00 34 00 34 00 34 00
34 00 34 00 34 00 34 00  34 00 34 00 34 00 34 00
34 00 34 00 34 00 34 00  34 00 34 00 34 00 34 00
34 00 34 00 34 00 34 00  34 00 34 00 34 00 34 00
34 00 34 00 34 00 34 00  34 00 34 00 34 00 34 00
34 00 34 00 34 00 34 00  34 00 34 00 34 00 34 00
34 00 34 00 34 00 34 00  34 00 34 00 34 00 34 00
34 00 34 00 34 00 34 00  34 00 34 00 34 00 34 00
34 00 34 00 34 00 34 00  34 00 34 00 34 00 34 00
34 00 34 00 34 00 34 00  34 00 34 00 34 00 34 00
34 00 34 00 34 00 34 00  34 00 34 00 34 00 34 00
34 00 34 00 34 00 34 00  34 00 34 00 34 00 34 00
34 00 34 00 34 00 34 00  34 00 34 00 34 00 34 00
34 00 34 00 34 00 34 00  34 00 34 00 34 00 34 00
34 00 34 00 34 00 34 00  34 00 34 00 34 00 34 00
34 00 34 00 34 00 34 00  34 00 34 00 34 00 34 00
34 00 34 00 34 00 34 00  34 00 34 00 34 00 34 00
34 00 34 00 34 00 34 00  34 00 34 00 34 00 34 00
34 00 34 00 34 00 34 00  34 00 34 00 34 00 34 00
34 00 34 00 34 00 34 00  34 00 34 00 34 00 34 00
34 00 34 00 34 00 34 00  34 00 34 00 34 00 34 00
34 00 34 00 34 00 34 00  34 00 34 00 34 00 34 00
34 00 34 00 34 00 34 00  34 00 34 00 34 00 34 00
34 00 34 00 34 00 34 00  34 00 34 00 34 00 34 00
34 00 34 00 34 00 34 00  34 00 34 00 34 00 34 00
34 00 34 00 34 00 34 00  34 00 34 00 34 00 34 00
34 00 34 00 34 00 34 00  34 00 34 00 34 00 34 00
34 00 34 00 34 00 34 00  34 00 34 00 34 00 34 00
34 00 34 00 34 00 34 00  34 00 34 00 34 00 34 00
34 00 34 00 34 00 34 00  34 00 34 00 34 00 34 00
34 00 34 00 34 00 34 00  34 00 34 00 34 00 34 00
34 00 34 00 34 00 34 00  34 00 34 00 34 00 34 00
34 00 34 00 34 00 34 00  34 00 34 00 34 00 34 00
34 00 34 00 34 00 34 00  34 00 34 00 34 00 34 00
34 00 34 00 34 00 34 00  34 00 34 00 34 00 34 00
34 00 34 00 34 00 34 00  34 00 34 00 34 00 34 00
34 00 34 00 34 00 34 00  34 00 34 00 34 00 34 00
34 00 34 00 34 00 34 00  34 00 34 00 34 00 34 00
34 00 34 00 34 00 34 00  34 00 34 00 34 00 34 00
34 00 34 00 34 00 34 00  34 00 34 00 34 00 34 00
34 00 34 00 34 00 34 00  34 00 34 00 34 00 34 00
34 00 34 00 34 00 34 00  34 00 34 00 34 00 34 00
34 00 34 00 34 00 34 00  34 00 34 00 34 00 34 00
34 00 34 00 34 00 34 00  34 00 34 00 34 00 34 00
34 00 34 00 34 00 34 00  34 00 34 00 34 00 34 00
34 00 34 00 34 00 34 00  34 00 34 00 34 00 34 00
34 00 34 00 34 00 34 00  34 00 34 00 34 00 34 00
34 00 34 00 34 00 34 00  34 00 34 00 34 00 34 00
34 00 34 00 34 00 34 00  34 00 34 00 34 00 34 00
34 00 34 00 34 00 34 00  34 00 34 00 34 00 34 00
34 00 34 00 34 00 34 00  34 00 34 00 34 00 34 00
34 00 34 00 34 00 34 00  34 00 34 00 34 00 34 00
34 00 34 00 34 00 34 00  34 00 34 00 34 00 34 00
34 00 34 00 34 00 34 00  34 00 34 00 34 00 34 00
34 00 34 00 34 00 34 00  34 00 34 00 34 00 34 00
34 00 34 00 34 00 34 00  34 00 34 00 34 00 34 00
34 00 34 00 34 00 34 00  34 00 34 00 34 00 34 00
34 00 34 00 34 00 34 00  34 00 34 00 34 00 34 00
34 00 34 00 34 00 34 00  34 00 34 00 34 00 34 00
34 00 34 00 34 00 34 00  34 00 34 00 34 00 34 00
34 00 34 00 34 00 34 00  34 00 34 00 34 00 34 00
34 00 34 00 34 00 34 00  34 00 34 00 34 00 34 00
34 00 34 00 34 00 34 00  34 00 34 00 34 00 34 00
34 00 34 00 34 00 34 00  34 00 34 00 34 00 34 00
34 00 34 00 34 00 34 00  34 00 34 00 34 00 34 00
34 00 34 00 34 00 34 00  34 00 34 00 34 00 34 00
34 00 34 00 34 00 34 00  34 00 34 00 34 00 34 00
34 00 34 00 34 00 34 00  34 00 34 00 34 00 34 00
34 00 34 00 34 00 34 00  34 00 34 00 34 00 34 00
34 00 34 00 34 00 34 00  34 00 34 00 34 00 34 00
34 00 34 00 34 00 34 00  34 00 34 00 34 00 34 00
34 00 34 00 34 00 34 00  34 00 34 00 34 00 34 00
34 00 34 00 34 00 34 00  34 00 34 00 34 00 34 00
34 00 34 00 34 00 34 00  34 00 34 00 34 00 34 00
34 00 34 00 34 00 34 00  34 00 34 00 34 00 34 00
34 00 34 00 34 00 34 00  34 00 34 00 34 00 34 00
34 00 34 00 34 00 34 00  34 00 34 00 34 00 34 00
34 00 34 00 34 00 34 00  34 00 34 00 34 00 34 00
34 00 34 00 34 00 34 00  34 00 34 00 34 00 34 00
34 00 34 00 34 00 34 00  34 00 34 00 34 00 34 00
34 00 34 00 34 00 34 00  34 00 34 00 34 00 34 00
34 00 34 00 34 00 34 00  34 00 34 00 34 00 34 00
34 00 34 00 34 00 34 00  34 00 34 00 34 00 34 00
34 00 34 00 34 00 34 00  34 00 34 00 34 00 34 00
34 00 34 00 34 00 34 00  34 00 34 00 34 00 34 00
34 00 34 00 34 00 34 00  34 00 34 00 34 00 34 00
34 00 34 00 34 00 34 00  34 00 34 00 34 00 34 00
34 00 34 00 34 00 34 00  34 00 34 00 34 00 34 00
34 00 34 00 34 00 34 00  34 00 34 00 34 00 34 00
34 00 34 00 34 00 34 00  34 00 34 00 34 00 34 00
34 00 34 00 34 00 34 00  34 00 34 00 34 00 34 00
34 00 34 00 34 00 34 00  34 00 34 00 34 00 34 00
34 00 34 00 34 00 34 00  34 00 34 00 34 00 34 00
34 00 34 00 34 00 34 00  34 00 34 00 34 00 34 00
34 00 34 00 34 00 34 00  34 00 34 00 34 00 34 00
34 00 34 00 34 00 34 00  34 00 34 00 34 00 34 00
34 00 34 00 34 00 34 00  34 00 34 00 34 00 34 00
34 00 34 00 34 00 34 00  34 00 34 00 34 00 34 00
34 00 34 00 34 00 34 00  34 00 34 00 34 00 34 00
34 00 34 00 34 00 34 00  34 00 34 00 34 00 34 00
34 00 34 00 34 00 34 00  34 00 34 00 34 00 34 00
34 00 34 00 34 00 34 00  34 00 34 00 34 00 34 00
34 00 34 00 34 00 34 00  34 00 34 00 34 00 34 00
34 00 34 00 34 00 34 00  34 00 34 00 34 00 34 00
34 00 34 00 34 00 34 00  34 00 34 00 34 00 34 00
34 00 34 00 34 00 34 00  34 00 34 00 34 00 34 00
34 00 34 00 34 00 34 00  34 00 34 00 34 00 34 00
34 00 34 00 34 00 34 00  34 00 34 00 34 00 34 00
34 00 34 00 34 00 34 00  34 00 34 00 34 00 34 00
34 00 34 00 34 00 34 00  34 00 34 00 34 00 34 00
34 00 34 00 34 00 34 00  34 00 34 00 34 00 34 00
34 00 34 00 34 00 34 00  34 00 34 00 34 00 34 00
34 00 34 00 34 00 34 00  34 00 34 00 34 00 34 00
34 00 34 00 34 00 34 00  34 00 34 00 34 00 34 00
34 00 34 00 34 00 34 00  34 00 34 00 34 00 34 00
34 00 34 00 34 00 34 00  34 00 34 00 34 00 34 00
34 00 34 00 34 00 34 00  34 00 34 00 34 00 34 00
34 00 34 00 34 00 34 00  34 00 34 00 34 00 34 00
34 00 34 00 34 00 34 00  34 00 34 00 34 00 34 00
34 00 34 00 34 00 34 00  34 00 34 00 34 00 34 00
34 00 34 00 34 00 34 00  34 00 34 00 34 00 34 00
34 00 34 00 34 00 34 00  34 00 34 00 34 00 34 00
34 00 34 00 34 00 34 00  34 00 34 00 34 00 34 00
34 00 34 00 34 00 34 00  34 00 34 00 34 00 34 00
34 00 34 00 34 00 34 00  34 00 34 00 34 00 34 00
31 00 32 00 31 00 31 00  34 00 30 00 21 00 01 02
d1 02 11 02 11 02 11 02  31 02 34 02 34 02 91 02
11 02 30 02 d1 02 30 02  91 02 51 02 45 02 30 02
51 02 91 02 d1 02 11 02  32 02 51 02 d1 02 30 02
d1 02 51 02 91 02 32 02  51 02 91 02 11 02 32 02
d1 02 83 02 12 02 62 02  00 00 1c 00 33 00 34 00
31 00 33 00 34 00 31 00  27 00 22 00 1b 01 1c 01
e4 01 f4 01 f1 01 f5 01  f3 01 f5 01 f4 01 f1 01
d1 01 f5 01 f1 01 f5 01  f5 01 f2 01 f5 01 f5 01
f3 01 f1 01 f2 01 d1 01  d1 01 f1 01 f2 01 e1 01
2c 01 20 01 01 00 34 00  34 00 11 00 31 00 31 00
33 00 03 00 22 00 24 01  c0 01 e5 01 f4 01 f5 01
f3 01 f2 01 f3 01 f1 01  f1 01 c5 01 eb 01 05 01
1c 01 32 01 35 01 32 01  35 01 32 01 35 01 35 01
25 01 34 01 11 01 34 01  35 01 31 01 34 01 2c 01
35 01 34 01 35 01 34 01  32 01 32 01 32 01 31 01
30 01 31 01 34 01 11 01  11 01 35 01 31 01 04 01
01 00 32 00 11 00 11 00  34 00 11 00 32 00 32 00
11 00 11 00 11 00 32 00  33 00 34 00 21 00 a4 02
51 02 35 02 d1 02 d1 02  d1 02 11 02 11 02 91 02
03 02 13 02 53 02 92 02  13 02 52 02 12 02 a3 02
d1 02 32 02 35 02 11 02  11 02 43 02 12 02 93 02
12 02 63 02 34 02 33 02  11 02 32 02 51 02 30 02
96 02 a2 02 1b 00 15 00  25 00 11 00 31 00 11 00
11 00 32 00 33 00 11 00  21 00 1b 01 1c 01 32 01
c2 01 d2 01 d7 01 f4 01  f1 01 d1 01 f5 01 f2 01
f4 01 f5 01 f3 01 f5 01  f3 01 f2 01 f3 01 f3 01
d1 01 f4 01 d1 01 f1 01  f4 01 f4 01 f1 01 c5 01
eb 01 21 01 18 00 13 00  23 00 30 00 33 00 30 00
27 00 22 00 1b 01 1c 01  c1 01 f4 01 d1 01 f4 01
f1 01 f1 01 f2 01 f2 01  f4 01 f5 01 e1 01 11 01
30 01 11 01 35 01 32 01  32 01 32 01 11 01 35 01
32 01 35 01 11 01 34 01  31 01 34 01 32 01 34 01
11 01 11 01 35 01 34 01  32 01 32 01 31 01 30 01
30 01 30 01 31 01 30 01  30 01 11 01 11 01 21 01
01 00 11 00 31 00 31 00  34 00 31 00 31 00 11 00
31 00 34 00 33 00 11 00  30 00 11 00 21 00 81 02
91 02 d1 02 51 02 30 02  34 02 51 02 43 02 92 02
97 02 00 00 10 00 15 00  15 00 10 00 20 00 02 02
63 02 d1 02 51 02 83 02  52 02 97 02 1b 00 26 00
36 00 01 02 51 02 33 02  34 02 11 02 96 02 93 02
97 02 00 00 1c 00 33 00  30 00 11 00 33 00 31 00
31 00 32 00 b0 01 33 00  04 00 01 01 35 01 32 01
31 01 11 01 c2 01 d2 01  d7 01 f4 01 f4 01 f5 01
f4 01 d1 01 f4 01 f2 01  d1 01 f1 01 f4 01 f4 01
f4 01 f1 01 d1 01 f5 01  f4 01 f2 01 d1 01 f4 01
e1 01 05 01 15 01 2b 01  02 00 17 00 b1 01 32 00
04 00 00 01 25 01 db 01  dc 01 f1 01 f3 01 d1 01
f3 01 f1 01 f2 01 d1 01  d1 01 d1 01 e1 01 35 01
31 01 31 01 34 01 11 01  31 01 31 01 34 01 31 01
34 01 11 01 11 01 34 01  34 01 35 01 31 01 32 01
35 01 31 01 31 01 11 01  35 01 30 01 32 01 32 01
32 01 32 01 31 01 34 01  31 01 11 01 35 01 21 01
01 00 32 00 30 00 11 00  31 00 34 00 11 00 33 00
32 00 30 00 32 00 32 00  11 00 11 00 21 00 81 02
91 02 33 02 35 02 51 02  83 02 93 02 22 02 00 00
15 00 1c 00 30 00 34 00  31 00 33 00 2c 00 2b 00
82 02 92 02 13 02 17 02  1b 00 10 00 25 00 11 00
37 00 42 02 63 02 35 02  11 02 83 02 22 02 00 00
10 00 1c 00 30 00 34 00  31 00 11 00 32 00 32 00
30 00 11 00 33 00 34 00  04 00 01 01 31 01 11 01
30 01 34 01 31 01 30 01  c2 01 d3 01 d2 01 d3 01
d2 01 e3 01 d1 01 f2 01  f3 01 f5 01 f3 01 f1 01
f1 01 f5 01 f4 01 f2 01  d1 01 f3 01 f2 01 f3 01
c5 01 d5 01 e0 01 2c 01  2b 01 01 00 32 00 34 00
21 00 01 01 c0 01 e5 01  d1 01 f4 01 e7 01 d2 01
d2 01 d3 01 e3 01 f4 01  f5 01 f2 01 ec 01 eb 01
35 01 11 01 35 01 35 01  35 01 31 01 30 01 32 01
32 01 35 01 35 01 35 01  35 01 31 01 31 01 11 01
35 01 31 01 31 01 35 01  32 01 34 01 31 01 35 01
31 01 32 01 30 01 35 01  35 01 11 01 31 01 21 01
24 00 11 00 32 00 31 00  33 00 11 00 11 00 30 00
11 00 11 00 11 00 33 00  32 00 34 00 21 00 a4 02
33 02 91 02 83 02 92 02  62 02 00 00 10 00 25 00
11 00 32 00 32 00 32 00  34 00 33 00 30 00 05 00
10 00 15 00 10 00 10 00  25 00 83 01 92 01 a3 01
2c 00 2b 00 82 02 06 02  83 02 22 02 00 00 1c 00
11 00 33 00 33 00 31 00  30 00 31 00 30 00 34 00
31 00 31 00 30 00 32 00  21 00 01 01 11 01 35 01
34 01 32 01 30 01 32 01  32 01 31 01 35 01 31 01
11 01 d8 01 d3 01 e3 01  f3 01 f3 01 f4 01 f1 01
f1 01 f1 01 f5 01 f1 01  f2 01 f2 01 f4 01 d1 01
f5 01 d1 01 ec 01 eb 01  04 01 24 00 33 00 32 00
21 00 01 01 c1 01 d1 01  c3 01 d3 01 e2 01 27 01
13 01 17 01 c2 01 d3 01  d2 01 e3 01 d1 01 ec 01
e0 01 31 01 34 01 31 01  11 01 32 01 32 01 35 01
32 01 30 01 11 01 31 01  31 01 31 01 31 01 34 01
11 01 30 01 35 01 34 01  32 01 11 01 35 01 32 01
34 01 30 01 35 01 35 01  30 01 11 01 32 01 21 01
24 00 30 00 30 00 11 00  11 00 31 00 32 00 33 00
34 00 33 00 32 00 11 00  31 00 30 00 04 00 41 02
91 02 91 02 61 02 1b 00  10 00 1c 00 31 00 b1 01
11 00 32 00 11 00 b4 01  a7 01 93 01 97 01 33 00
34 00 b3 01 30 00 a7 01  92 01 a2 01 f1 00 81 01
34 00 05 00 20 00 82 02  57 02 1b 00 1c 00 34 00
32 00 31 00 32 00 11 00  30 00 33 00 32 00 34 00
34 00 31 00 32 00 34 00  21 00 02 01 23 01 31 01
31 01 35 01 32 01 34 01  30 01 30 01 11 01 35 01
32 01 35 01 31 01 d8 01  d3 01 d3 01 d2 01 d7 01
f4 01 d1 01 f2 01 f4 01  f5 01 f4 01 f2 01 f5 01
f5 01 f2 01 f3 01 c4 01  21 01 24 00 33 00 34 00
04 00 24 01 c2 01 d2 01  e8 01 27 01 12 01 22 01
14 01 02 01 13 01 12 01  17 01 c2 01 e3 01 f2 01
e1 01 32 01 32 01 35 01  30 01 32 01 31 01 32 01
34 01 35 01 34 01 31 01  11 01 32 01 11 01 34 01
34 01 31 01 11 01 34 01  34 01 35 01 35 01 11 01
31 01 35 01 32 01 31 01  34 01 32 01 31 01 04 01
24 00 33 00 34 00 33 00  34 00 31 00 33 00 11 00
30 00 31 00 32 00 33 00  31 00 32 00 21 00 a4 02
d1 02 56 02 97 02 24 00  32 00 34 00 31 00 33 00
34 00 11 00 11 00 11 00  a1 01 f1 00 82 01 92 01
92 01 97 01 a7 01 a8 01  f1 00 f1 00 d1 00 82 01
a3 01 31 00 05 00 15 00  2b 00 18 00 13 00 13 00
12 00 12 00 17 00 33 00  11 00 33 00 33 00 31 00
b0 01 11 00 32 00 30 00  05 00 2b 00 24 01 35 01
11 01 31 01 35 01 32 01  30 01 34 01 30 01 30 01
11 01 11 01 35 01 34 01  32 01 30 01 35 01 c1 01
f4 01 f3 01 f5 01 f5 01  f1 01 f3 01 f3 01 f1 01
f3 01 f2 01 f4 01 e1 01  04 01 01 00 11 00 31 00
04 00 18 01 13 01 12 01  12 01 22 01 00 00 15 00
15 00 10 00 10 00 20 00  18 01 23 01 d8 01 d2 01
e2 01 34 01 31 01 11 01  34 01 34 01 11 01 32 01
c0 01 e0 01 11 01 11 01  32 01 11 01 31 01 35 01
34 01 35 01 35 01 32 01  30 01 30 01 c0 01 d5 01
d0 01 d5 01 e0 01 34 01  34 01 11 01 31 01 21 01
24 00 34 00 34 00 31 00  33 00 31 00 30 00 34 00
30 00 33 00 31 00 33 00  33 00 33 00 04 00 01 02
31 02 04 02 1b 00 1c 00  11 00 11 00 03 00 23 00
30 00 b2 01 33 00 34 00  ac 01 ab 01 f1 00 f3 00
f1 00 98 01 a2 01 f3 00  d1 00 f5 00 f5 00 d1 00
a4 01 31 00 91 01 03 00  28 00 1b 01 10 01 10 01
15 01 2b 01 18 00 17 00  31 00 31 00 11 00 30 00
31 00 30 00 32 00 34 00  11 00 21 00 01 01 31 01
11 01 32 01 11 01 32 01  35 01 34 01 35 01 11 01
35 01 35 01 35 01 35 01  11 01 30 01 35 01 d8 01
d2 01 d3 01 d7 01 f4 01  f1 01 f3 01 f4 01 f3 01
f4 01 f4 01 f2 01 c4 01  21 01 24 00 33 00 32 00
2c 00 15 00 15 00 15 00  15 00 10 00 1c 00 31 00
32 00 11 00 34 00 05 00  2b 00 02 01 12 01 13 01
13 01 12 01 23 01 31 01  31 01 34 01 db 01 d5 01
e5 01 ec 01 e0 01 03 01  12 01 23 01 35 01 30 01
35 01 34 01 31 01 32 01  db 01 d5 01 dc 01 f5 01
f2 01 f4 01 ec 01 e0 01  11 01 30 01 34 01 21 01
01 00 30 00 32 00 11 00  30 00 31 00 31 00 30 00
33 00 11 00 32 00 31 00  31 00 11 00 21 00 24 02
51 02 61 02 02 00 13 00  13 00 13 00 28 00 01 00
32 00 31 00 31 00 31 00  83 01 a2 01 d1 00 f3 00
d1 00 f2 00 f1 00 f2 00  f2 00 f3 00 d1 00 f4 00
82 01 a3 01 03 00 28 00  00 01 25 01 db 01 d5 01
eb 01 2c 01 20 01 24 00  30 00 34 00 30 00 11 00
31 00 11 00 34 00 31 00  34 00 21 00 02 01 23 01
30 01 34 01 30 01 32 01  32 01 30 01 35 01 30 01
11 01 34 01 32 01 35 01  32 01 34 01 35 01 31 01
31 01 35 01 c2 01 e3 01  f5 01 f4 01 f3 01 f4 01
f1 01 f5 01 e7 01 e8 01  04 01 18 00 23 00 91 01
30 00 b4 01 31 00 32 00  32 00 32 00 32 00 33 00
b3 01 34 00 32 00 30 00  05 00 10 00 10 00 15 00
10 00 2b 00 18 01 23 01  35 01 11 01 c1 01 f2 01
f4 01 d1 01 e1 01 04 01  14 01 01 01 11 01 35 01
c0 01 d5 01 eb 01 c0 01  dc 01 f1 01 f4 01 f2 01
f4 01 f4 01 d1 01 ec 01  d0 01 d5 01 eb 01 04 01
02 00 17 00 30 00 11 00  31 00 34 00 32 00 11 00
31 00 11 00 33 00 30 00  34 00 30 00 04 00 41 02
d1 02 61 02 14 01 36 02  10 02 10 02 a6 02 02 00
17 00 34 00 30 00 34 00  84 01 d1 00 f2 00 d1 00
d1 00 f1 00 f3 00 f4 00  f5 00 d1 00 d1 00 f3 00
f5 00 82 01 28 00 1b 01  1c 01 30 01 c1 01 d1 01
c5 01 e0 01 21 01 24 00  33 00 32 00 32 00 34 00
32 00 32 00 11 00 31 00  33 00 05 00 2b 00 01 01
31 01 34 01 31 01 11 01  30 01 32 01 31 01 31 01
32 01 30 01 30 01 11 01  34 01 35 01 11 01 11 01
11 01 31 01 30 01 d8 01  e3 01 f3 01 d1 01 f3 01
f3 01 f3 01 c5 01 eb 01  2c 01 2b 01 02 00 23 00
32 00 31 00 31 00 11 00  32 00 30 00 32 00 32 00
11 00 34 00 b3 01 31 00  32 00 32 00 30 00 11 00
34 00 05 00 20 00 02 01  12 01 23 01 c2 01 d3 01
d3 01 d2 01 e8 01 04 01  14 01 02 01 17 01 32 01
c1 01 f2 01 c5 01 dc 01  f5 01 f5 01 f3 01 f2 01
f2 01 f1 01 f2 01 f2 01  f2 01 f2 01 c4 01 2c 01
2b 01 24 00 30 00 34 00  31 00 32 00 30 00 34 00
33 00 32 00 32 00 31 00  34 00 32 00 04 00 24 02
34 02 67 02 10 02 77 02  34 02 d1 02 04 02 94 00
24 00 34 00 34 00 33 00  a1 01 d1 00 f1 00 f5 00
f1 00 f5 00 f3 00 f1 00  f5 00 f5 00 f1 00 f1 00
d1 00 e8 00 1b 01 25 01  c0 01 dc 01 d1 01 d7 01
f4 01 c4 01 21 01 24 00  11 00 31 00 32 00 32 00
32 00 11 00 30 00 31 00  11 00 30 00 21 00 18 01
23 01 30 01 11 01 30 01  35 01 32 01 32 01 34 01
32 01 35 01 32 01 35 01  32 01 31 01 31 01 30 01
32 01 34 01 35 01 35 01  d8 01 e3 01 f4 01 f5 01
f5 01 f5 01 f4 01 ec 01  eb 01 05 01 20 01 01 00
34 00 11 00 30 00 34 00  33 00 34 00 34 00 30 00
a7 01 92 01 92 01 93 01  97 01 30 00 a7 01 92 01
97 01 33 00 2c 00 10 00  2b 00 02 01 12 01 12 01
13 01 13 01 12 01 28 01  1b 00 2b 00 01 01 35 01
c2 01 d7 01 f5 01 d1 01  f2 01 f4 01 d1 01 f5 01
f5 01 f3 01 f2 01 f4 01  f1 01 f2 01 c5 01 e0 01
21 01 24 00 34 00 32 00  32 00 11 00 30 00 11 00
31 00 34 00 34 00 33 00  34 00 34 00 21 00 64 02
d1 02 33 02 d1 02 11 02  91 02 16 02 62 02 00 00
1c 00 32 00 11 00 11 00  a1 01 f2 00 f2 00 f3 00
f2 00 d1 00 f5 00 f3 00  d1 00 d1 00 f3 00 1b 01
10 01 10 01 1c 01 db 01  dc 01 f2 01 c3 01 d2 01
d2 01 e2 01 04 01 01 00  31 00 34 00 33 00 11 00
32 00 33 00 33 00 11 00  33 00 31 00 05 00 2b 00
01 01 35 01 11 01 32 01  31 01 31 01 34 01 11 01
32 01 31 01 31 01 31 01  35 01 32 01 34 01 30 01
35 01 11 01 31 01 34 01  35 01 c1 01 f3 01 f4 01
f3 01 f5 01 f5 01 f2 01  ec 01 e0 01 21 01 18 00
17 00 30 00 91 01 32 00  32 00 83 01 93 01 92 01
a8 01 f2 00 d1 00 f5 00  82 01 92 01 a2 01 d1 00
98 01 93 01 97 01 b4 01  05 00 2b 00 14 01 b6 02
95 02 a6 02 54 00 00 00  1c 00 04 00 02 01 12 01
17 01 c1 01 d1 01 d1 01  f1 01 f5 01 f1 01 f3 01
f3 01 f3 01 d1 01 f1 01  f4 01 d1 01 f5 01 c4 01
21 01 01 00 34 00 32 00  31 00 30 00 32 00 33 00
33 00 33 00 31 00 34 00  32 00 30 00 04 00 24 02
30 02 91 02 43 02 93 02  93 02 57 02 1b 00 1c 00
32 00 32 00 34 00 11 00  ac 01 ab 01 f1 00 f5 00
f5 00 f5 00 f1 00 f3 00  f2 00 f3 00 f2 00 01 01
c0 01 d5 01 d5 01 e5 01  d1 01 e7 01 e2 01 27 01
13 01 13 01 28 01 01 00  31 00 31 00 33 00 33 00
30 00 30 00 11 00 31 00  11 00 30 00 b5 01 04 00
02 01 17 01 31 01 35 01  31 01 35 01 35 01 35 01
31 01 11 01 34 01 31 01  31 01 32 01 30 01 35 01
35 01 32 01 30 01 31 01  35 01 d8 01 e3 01 f5 01
f1 01 f4 01 f5 01 f4 01  f2 01 c4 01 2c 01 20 01
02 00 13 00 12 00 93 01  92 01 a2 01 d1 00 f5 00
f4 00 f5 00 f1 00 f1 00  f1 00 f4 00 f4 00 f5 00
f5 00 f1 00 82 01 97 01  b3 01 2c 00 20 00 64 02
11 02 44 02 14 00 01 00  32 00 2c 00 15 00 20 00
01 01 d8 01 d2 01 d3 01  d3 01 d7 01 f3 01 f3 01
f1 01 f4 01 f1 01 f4 01  c3 01 d3 01 d2 01 e8 01
04 01 01 00 31 00 33 00  11 00 11 00 32 00 31 00
32 00 33 00 34 00 34 00  33 00 30 00 04 00 a4 02
30 02 11 02 a1 02 00 00  15 00 10 00 1c 00 32 00
11 00 33 00 33 00 30 00  a7 01 a2 01 f4 00 f4 00
d1 00 f3 00 f5 00 f3 00  f2 00 f4 00 00 01 1c 01
c1 01 f1 01 f4 01 c3 01  d2 01 e2 01 27 01 28 01
1b 00 15 00 15 00 1c 00  32 00 11 00 34 00 11 00
30 00 11 00 34 00 33 00  33 00 32 00 30 00 2c 00
2b 00 01 01 11 01 11 01  34 01 35 01 11 01 34 01
11 01 35 01 30 01 35 01  11 01 32 01 30 01 35 01
35 01 34 01 11 01 35 01  11 01 c0 01 e5 01 f1 01
f4 01 f5 01 f4 01 f1 01  f2 01 ec 01 eb 01 2c 01
10 01 20 01 94 00 f1 00  f3 00 f1 00 f3 00 f5 00
f5 00 f5 00 d1 00 d1 00  d1 00 c3 00 d3 00 d3 00
d3 00 e3 00 f3 00 98 01  97 01 34 00 04 00 02 02
46 02 85 02 60 02 01 00  31 00 91 01 34 00 21 00
18 01 17 01 32 01 31 01  31 01 c1 01 f1 01 c3 01
d7 01 f4 01 e7 01 d3 01  e8 01 34 01 11 01 03 01
28 01 01 00 11 00 30 00  32 00 33 00 11 00 34 00
11 00 11 00 33 00 33 00  30 00 11 00 21 00 41 02
d1 02 83 02 97 02 01 00  31 00 32 00 34 00 33 00
30 00 b2 01 11 00 30 00  a1 01 f1 00 d1 00 f4 00
f4 00 f1 00 f2 00 9b 01  a0 01 e8 00 01 01 c0 01
e5 01 f2 01 c3 01 e8 01  27 01 12 01 28 01 1b 00
1c 00 33 00 33 00 31 00  30 00 31 00 b0 01 34 00
31 00 34 00 32 00 32 00  32 00 33 00 11 00 11 00
21 00 01 01 34 01 27 01  23 01 30 01 11 01 34 01
11 01 35 01 11 01 34 01  30 01 11 01 32 01 32 01
30 01 30 01 31 01 11 01  34 01 e5 01 f5 01 f1 01
f4 01 f5 01 f1 01 f4 01  f1 01 f3 01 e1 01 35 01
34 01 21 01 e4 00 d1 00  f2 00 f2 00 f1 00 f1 00
f5 00 f1 00 f5 00 f3 00  f5 00 c4 00 00 01 10 01
2b 01 d8 00 d2 00 d2 00  24 00 11 00 2c 00 20 00
01 02 30 02 04 02 18 00  17 00 11 00 11 00 05 00
20 00 18 01 23 01 30 01  11 01 c2 01 d3 01 e8 01
c2 01 d2 01 e2 01 32 01  32 01 27 01 13 01 22 01
00 00 25 00 33 00 30 00  34 00 30 00 34 00 34 00
31 00 33 00 34 00 11 00  11 00 30 00 04 00 a4 02
33 02 44 02 1b 00 25 00  31 00 34 00 30 00 31 00
33 00 11 00 31 00 30 00  a1 01 f4 00 f5 00 f3 00
f4 00 f1 00 80 01 a5 01  21 00 00 01 1c 01 e4 01
f3 01 f5 01 ec 01 eb 01  04 01 00 00 15 00 25 00
32 00 33 00 33 00 32 00  11 00 33 00 31 00 11 00
30 00 31 00 31 00 31 00  31 00 31 00 30 00 31 00
04 00 18 01 13 01 22 01  02 01 13 01 23 01 32 01
32 01 34 01 32 01 34 01  03 01 13 01 13 01 17 01
35 01 11 01 30 01 30 01  c1 01 f2 01 f2 01 f5 01
f1 01 f4 01 f3 01 f4 01  f1 01 f4 01 e1 01 32 01
32 01 21 01 e4 00 f4 00  f5 00 d1 00 f5 00 d1 00
f1 00 d1 00 f1 00 e7 00  d2 00 1b 01 25 01 31 01
05 01 15 01 10 01 2b 01  18 00 17 00 b5 01 04 00
82 02 46 02 a7 02 26 02  01 00 33 00 34 00 34 00
2c 00 20 00 08 01 30 01  11 01 31 01 31 01 31 01
35 01 34 01 27 01 12 01  13 01 28 01 1b 00 10 00
25 00 30 00 11 00 30 00  33 00 30 00 34 00 34 00
30 00 30 00 11 00 31 00  30 00 30 00 04 00 81 02
d1 02 61 02 24 00 31 00  30 00 31 00 11 00 31 00
b0 01 34 00 33 00 30 00  84 01 f3 00 d1 00 f4 00
d1 00 f5 00 81 01 27 00  22 00 24 01 c0 01 dc 01
f1 01 d1 01 f2 01 e1 01  04 01 24 00 33 00 30 00
33 00 31 00 32 00 11 00  11 00 33 00 30 00 b0 01
30 00 34 00 33 00 33 00  31 00 32 00 31 00 b1 01
2c 00 10 00 15 00 15 00  10 00 2b 00 02 01 12 01
23 01 30 01 03 01 12 01  22 01 00 00 a0 01 02 01
13 01 12 01 17 01 11 01  d8 01 d3 01 e3 01 f1 01
f2 01 f4 01 d1 01 f4 01  f4 01 f2 01 ec 01 eb 01
31 01 21 01 d8 00 e3 00  f3 00 f5 00 f2 00 f4 00
d1 00 f5 00 f4 00 e1 00  1b 01 25 01 db 01 d5 01
e0 01 35 01 31 01 2c 01  20 01 24 00 11 00 2c 00
20 00 41 02 35 02 21 02  24 00 32 00 32 00 30 00
11 00 04 00 09 01 19 01  13 01 13 01 17 01 11 01
27 01 13 01 22 01 00 00  10 00 15 00 25 00 11 00
34 00 32 00 34 00 31 00  30 00 11 00 11 00 32 00
30 00 34 00 11 00 30 00  31 00 32 00 04 00 a4 02
34 02 61 02 02 00 17 00  33 00 34 00 34 00 33 00
31 00 31 00 32 00 33 00  84 01 f1 00 f3 00 f3 00
d1 00 f2 00 81 01 21 00  1b 01 1c 01 c2 01 d7 01
f1 01 e7 01 d2 01 e2 01  21 01 01 00 34 00 30 00
31 00 30 00 30 00 34 00  31 00 11 00 11 00 31 00
11 00 31 00 33 00 b0 01  34 00 11 00 30 00 31 00
b5 01 30 00 11 00 33 00  30 00 2c 00 10 00 20 00
18 01 12 01 28 01 db 00  f3 00 81 01 84 01 ec 00
00 00 2b 00 24 01 31 01  32 01 db 01 dc 01 f5 01
f3 01 f2 01 d1 01 f3 01  f1 01 f3 01 f4 01 c4 01
32 01 05 01 20 01 c1 00  f4 00 f4 00 f2 00 d1 00
f3 00 f1 00 d1 00 e1 00  24 01 11 01 c1 01 f5 01
c5 01 eb 01 30 01 32 01  04 01 18 00 17 00 11 00
21 00 82 02 52 02 a2 02  01 00 33 00 30 00 32 00
33 00 2c 00 15 00 15 00  10 00 20 00 02 01 12 01
22 01 00 00 10 00 1c 00  30 00 b0 01 31 00 30 00
30 00 34 00 34 00 32 00  11 00 32 00 33 00 11 00
11 00 32 00 30 00 11 00  11 00 32 00 21 00 81 02
91 02 85 02 a0 02 18 00  23 00 33 00 31 00 30 00
33 00 31 00 31 00 33 00  84 01 f2 00 f1 00 f4 00
f3 00 9b 01 a5 01 21 00  24 01 c0 01 d5 01 dc 01
f2 01 c4 01 34 01 03 01  22 01 24 00 32 00 11 00
34 00 30 00 32 00 32 00  34 00 30 00 27 00 12 00
12 00 13 00 13 00 13 00  13 00 13 00 17 00 30 00
33 00 11 00 27 00 12 00  12 00 12 00 23 00 2c 00
15 00 15 00 15 00 a0 01  f3 00 98 01 a8 01 f4 00
98 01 22 00 01 01 11 01  db 01 e5 01 f5 01 f3 01
f3 01 f1 01 f1 01 d1 01  f2 01 f3 01 f4 01 c4 01
34 01 32 01 21 01 c1 00  f2 00 f3 00 f4 00 f2 00
d1 00 f4 00 f1 00 e1 00  24 01 35 01 c2 01 d7 01
f5 01 c5 01 eb 01 32 01  05 01 20 01 02 00 17 00
05 00 15 00 10 00 10 00  25 00 03 00 13 00 12 00
13 00 23 00 33 00 31 00  31 00 05 00 20 00 14 01
94 00 02 00 93 01 97 01  11 00 32 00 33 00 34 00
32 00 31 00 30 00 33 00  33 00 32 00 33 00 31 00
32 00 34 00 34 00 34 00  32 00 33 00 04 00 81 02
91 02 32 02 67 02 a0 02  24 00 33 00 32 00 b4 01
11 00 32 00 31 00 34 00  85 01 ab 01 f3 00 d1 00
f1 00 a4 01 b4 01 21 00  24 01 c1 01 d1 01 f1 01
f5 01 ec 01 eb 01 04 01  00 00 1c 00 30 00 32 00
31 00 32 00 30 00 34 00  27 00 13 00 22 00 76 02
15 02 55 02 15 02 50 02  50 02 60 02 02 00 12 00
23 00 03 00 28 00 1b 03  15 03 20 03 02 00 17 00
33 00 83 01 93 01 a8 01  f4 00 f5 00 d1 00 d1 00
f2 00 1b 01 25 01 34 01  dc 01 d1 01 f2 01 d1 01
f5 01 f1 01 d1 01 d1 01  f4 01 f5 01 e7 01 e2 01
30 01 35 01 21 01 e4 00  f4 00 f1 00 f4 00 f1 00
f3 00 f4 00 f3 00 c4 00  18 01 23 01 30 01 c2 01
d7 01 f5 01 c4 01 34 01  30 01 2c 01 2b 01 01 00
30 00 11 00 33 00 31 00  27 00 28 00 00 03 10 03
2b 03 02 00 23 00 11 00  a7 01 93 01 a2 01 f2 00
f4 00 f3 00 f5 00 98 01  a3 01 33 00 34 00 30 00
11 00 33 00 32 00 32 00  30 00 30 00 30 00 33 00
32 00 30 00 33 00 30 00  34 00 32 00 04 00 41 02
51 02 31 02 51 02 44 02  24 00 11 00 33 00 32 00
31 00 31 00 33 00 a7 01  93 01 a2 01 f2 00 f3 00
f1 00 82 01 97 01 04 00  01 01 d8 01 d7 01 d1 01
f1 01 f4 01 e1 01 21 01  24 00 34 00 32 00 30 00
11 00 34 00 27 00 13 00  22 00 36 02 55 02 a5 02
11 02 33 02 91 02 51 02  33 02 05 02 10 02 60 02
02 00 22 00 14 00 24 03  30 03 2c 03 20 03 02 00
17 00 84 01 f3 00 f2 00  f4 00 f1 00 f3 00 d1 00
1b 01 25 01 db 01 dc 01  f1 01 f5 01 f2 01 f1 01
f3 01 d1 01 f5 01 f4 01  f2 01 f3 01 c4 01 31 01
34 01 27 01 22 01 e4 00  f2 00 f4 00 f3 00 f5 00
f2 00 f5 00 f2 00 c5 00  94 00 24 01 34 01 30 01
d8 01 e3 01 c5 01 e0 01  34 01 35 01 04 01 24 00
33 00 32 00 31 00 33 00  21 00 1b 03 25 03 31 03
05 03 20 03 24 00 83 01  a2 01 f5 00 f4 00 f4 00
f1 00 f2 00 f3 00 f1 00  98 01 93 01 93 01 97 01
31 00 33 00 33 00 31 00  30 00 30 00 31 00 11 00
11 00 11 00 31 00 33 00  11 00 34 00 04 00 01 02
d1 02 11 02 34 02 84 02  01 00 34 00 30 00 11 00
11 00 30 00 11 00 84 01  f5 00 f3 00 d1 00 f5 00
d1 00 d1 00 81 01 04 00  02 01 17 01 e4 01 d1 01
c3 01 d3 01 e8 01 04 01  02 00 17 00 34 00 34 00
33 00 27 00 22 00 00 02  15 02 b7 02 31 02 32 02
30 02 51 02 33 02 d1 02  11 02 33 02 51 02 45 02
55 02 20 02 94 00 18 03  23 03 35 03 05 03 20 03
24 00 84 01 f1 00 d1 00  f4 00 f1 00 1b 01 15 01
1c 01 32 01 e5 01 f2 01  f4 01 f4 01 d1 01 d1 01
f3 01 f1 01 f5 01 f5 01  f3 01 c3 01 e8 01 03 01
12 01 28 01 14 00 c1 00  f4 00 f1 00 f2 00 f1 00
f4 00 f4 00 d1 00 f3 00  e1 00 02 01 23 01 31 01
35 01 d8 01 d7 01 c4 01  32 01 03 01 28 01 18 00
12 00 23 00 30 00 34 00  04 00 01 03 31 03 30 03
35 03 21 03 01 00 84 01  d1 00 f3 00 f1 00 f2 00
f5 00 f2 00 f4 00 f5 00  f5 00 f3 00 f1 00 a4 01
34 00 30 00 31 00 33 00  11 00 34 00 30 00 34 00
31 00 31 00 30 00 33 00  33 00 30 00 21 00 01 02
11 02 51 02 16 02 a2 02  24 00 34 00 33 00 31 00
30 00 11 00 b0 01 a1 01  f3 00 f4 00 f2 00 f5 00
f5 00 f5 00 a4 01 05 00  20 00 01 01 c1 01 f2 01
ec 01 eb 01 11 01 2c 01  2b 01 24 00 34 00 31 00
11 00 04 00 40 02 a5 02  34 02 51 02 d1 02 11 02
91 02 51 02 31 02 d1 02  11 02 30 02 51 02 32 02
11 02 84 02 1b 00 20 00  02 03 23 03 30 03 21 03
01 00 84 01 f4 00 f3 00  d1 00 e7 00 24 01 35 01
32 01 e4 01 f5 01 f2 01  f3 01 f4 01 f3 01 f3 01
f1 01 f1 01 f1 01 f5 01  e7 01 e2 01 34 01 21 01
1b 03 10 03 20 03 d8 00  d3 00 d7 00 f4 00 c3 00
d2 00 d2 00 d3 00 e3 00  c4 00 54 00 18 01 13 01
23 01 30 01 c2 01 e2 01  31 01 04 01 1b 03 15 03
2b 03 24 00 b0 01 11 00  04 00 02 03 17 03 35 03
32 03 04 03 01 00 85 01  ab 01 f4 00 f5 00 f1 00
d1 00 f2 00 f4 00 f1 00  d1 00 f3 00 f5 00 81 01
34 00 31 00 30 00 34 00  34 00 32 00 34 00 34 00
30 00 31 00 31 00 33 00  30 00 32 00 21 00 41 02
11 02 51 02 a1 02 1b 00  25 00 32 00 30 00 34 00
34 00 b1 01 31 00 84 01  d1 00 f4 00 f1 00 d1 00
f1 00 f2 00 82 01 97 01  04 00 01 01 d8 01 e3 01
f1 01 c5 01 d5 01 e0 01  04 01 01 00 32 00 30 00
30 00 21 00 64 02 34 02  32 02 35 02 30 02 11 02
32 02 51 02 91 02 51 02  11 02 35 02 11 02 31 02
83 02 97 02 24 00 2c 00  20 00 24 03 31 03 21 03
02 00 22 00 e3 00 f1 00  f1 00 14 01 18 01 17 01
11 01 c2 01 d7 01 d1 01  f4 01 f1 01 f2 01 f2 01
f2 01 f3 01 f4 01 d1 01  c4 01 30 01 32 01 04 01
24 03 11 03 05 03 10 03  2b 03 c2 00 d2 00 e8 00
1b 03 10 03 20 03 c2 00  e8 00 14 00 c0 00 eb 00
18 01 12 01 13 01 23 01  03 01 28 01 01 03 11 03
21 03 01 00 33 00 32 00  2c 00 20 00 18 03 12 03
12 03 28 03 24 00 34 00  84 01 f2 00 f1 00 f3 00
f2 00 f2 00 f4 00 f5 00  f3 00 f2 00 d1 00 a4 01
11 00 30 00 31 00 31 00  33 00 30 00 32 00 32 00
31 00 30 00 30 00 11 00  31 00 11 00 04 00 24 02
91 02 91 02 61 02 01 00  30 00 32 00 33 00 34 00
31 00 32 00 30 00 84 01  f2 00 f4 00 f1 00 f1 00
f3 00 f2 00 d1 00 a4 01  04 00 01 01 31 01 c2 01
e3 01 d1 01 f2 01 c4 01  04 01 24 00 11 00 32 00
33 00 04 00 02 02 52 02  23 02 91 02 34 02 91 02
d1 02 11 02 31 02 51 02  91 02 83 02 12 02 93 02
62 02 54 00 01 00 32 00  21 00 01 03 35 03 04 03
14 00 14 01 94 00 94 00  1b 03 15 03 2b 03 24 01
30 01 32 01 c1 01 f3 01  f1 01 f2 01 f1 01 f4 01
f4 01 d1 01 f2 01 f2 01  c4 01 32 01 30 01 21 01
02 03 13 03 23 03 11 03  2c 03 10 03 15 03 15 03
1c 03 32 03 2c 03 15 03  2b 03 d4 00 c2 00 e8 00
1b 03 10 03 20 03 02 01  28 01 00 03 1c 03 03 03
28 03 24 00 34 00 30 00  31 00 2c 00 15 00 10 00
15 00 10 00 1c 00 32 00  ac 01 90 01 90 01 ab 01
f1 00 f2 00 9b 01 95 01  90 01 a0 01 f1 00 a4 01
11 00 11 00 30 00 32 00  33 00 31 00 11 00 32 00
30 00 11 00 34 00 32 00  31 00 11 00 21 00 81 02
30 02 03 02 97 02 24 00  31 00 11 00 33 00 33 00
31 00 11 00 32 00 ac 01  ab 01 f2 00 f2 00 d1 00
f4 00 f3 00 f2 00 a4 01  21 00 01 01 db 01 d0 01
e5 01 c3 01 d3 01 e8 01  21 01 24 00 32 00 31 00
30 00 2c 00 15 00 2b 00  02 02 23 02 30 02 d1 02
32 02 91 02 43 02 53 02  53 02 a2 02 1b 00 15 00
2b 00 14 01 18 00 13 00  22 00 18 03 23 03 2c 03
20 03 00 03 10 03 10 03  25 03 31 03 04 03 01 01
11 01 11 01 d8 01 e3 01  f5 01 f1 01 f3 01 f4 01
f5 01 d1 01 f2 01 d1 01  c4 01 35 01 31 01 04 01
db 00 e0 00 18 03 12 03  23 03 32 03 11 03 30 03
03 03 13 03 17 03 30 03  2c 03 15 03 10 03 15 03
1c 03 30 03 04 03 1b 03  15 03 25 03 35 03 21 03
1b 00 25 00 32 00 11 00  11 00 b4 01 32 00 11 00
11 00 03 00 13 00 13 00  12 00 17 00 32 00 85 01
95 01 90 01 9c 01 31 00  11 00 85 01 95 01 a5 01
34 00 30 00 34 00 31 00  11 00 33 00 34 00 31 00
32 00 33 00 34 00 33 00  30 00 34 00 21 00 64 02
51 02 a1 02 00 00 25 00  30 00 32 00 11 00 34 00
11 00 31 00 33 00 33 00  ac 01 ab 01 f4 00 d1 00
f4 00 f2 00 9b 01 9c 01  04 00 24 01 c1 01 d1 01
c3 01 e2 01 27 01 12 01  28 01 24 00 11 00 34 00
11 00 34 00 34 00 2c 00  2b 00 81 02 11 02 43 02
52 02 92 02 62 02 00 00  10 00 15 00 1c 00 27 00
22 00 14 00 1b 03 10 03  15 03 10 03 1c 03 32 03
05 03 25 03 35 03 35 03  34 03 27 03 22 03 02 01
23 01 32 01 32 01 d8 01  d7 01 f5 01 f3 01 f2 01
f4 01 f5 01 f1 01 f3 01  e1 01 32 01 11 01 21 01
e4 00 c5 00 d0 00 e0 00  02 03 13 03 12 03 13 03
28 03 94 00 18 03 12 03  23 03 11 03 11 03 30 03
03 03 13 03 28 03 24 03  32 03 03 03 12 03 28 03
18 00 17 00 31 00 11 00  33 00 31 00 11 00 11 00
34 00 21 00 b6 02 50 02  a6 02 02 00 12 00 17 00
33 00 03 00 12 00 13 00  12 00 23 00 31 00 11 00
31 00 32 00 32 00 30 00  34 00 11 00 33 00 32 00
11 00 33 00 30 00 34 00  33 00 31 00 21 00 24 02
34 02 84 02 02 00 17 00  34 00 11 00 30 00 11 00
11 00 03 00 12 00 12 00  17 00 ac 01 ab 01 f1 00
f3 00 f2 00 a4 01 11 00  04 00 24 01 d8 01 d2 01
e8 01 27 01 22 01 1b 00  15 00 25 00 32 00 11 00
11 00 11 00 11 00 32 00  21 00 42 02 12 02 97 02
1b 00 10 00 15 00 25 00  32 00 34 00 27 00 22 00
00 03 10 03 25 03 11 03  35 03 31 03 27 03 13 03
23 03 34 03 27 03 13 03  13 03 22 03 14 00 d4 00
01 01 30 01 11 01 c0 01  dc 01 f3 01 f1 01 f4 01
f4 01 d1 01 f5 01 c3 01  e2 01 32 01 35 01 04 01
e4 00 f1 00 f1 00 ec 00  d5 00 d0 00 d5 00 d0 00
d0 00 d5 00 d0 00 e0 00  02 03 13 03 13 03 13 03
28 03 54 00 d4 00 18 03  13 03 22 03 1b 01 15 01
2b 01 24 00 33 00 32 00  31 00 30 00 11 00 33 00
27 00 22 00 81 02 32 02  67 02 90 02 a0 02 18 00
13 00 28 00 36 02 15 02  66 02 24 00 11 00 32 00
11 00 11 00 32 00 32 00  11 00 30 00 33 00 32 00
33 00 31 00 31 00 30 00  30 00 33 00 21 00 01 02
91 02 85 02 60 02 02 00  23 00 33 00 b1 01 33 00
27 00 28 00 80 02 20 02  01 00 33 00 85 01 a0 01
f5 00 9b 01 9c 01 32 00  21 00 02 01 12 01 13 01
13 01 22 01 1b 00 25 00  33 00 11 00 30 00 32 00
32 00 31 00 31 00 34 00  05 00 15 00 10 00 15 00
25 00 34 00 03 00 12 00  12 00 13 00 28 00 00 03
25 03 34 03 27 03 12 03  13 03 13 03 22 03 14 00
01 03 31 03 21 03 54 00  1b 00 15 00 20 00 00 01
25 01 31 01 34 01 c1 01  f5 01 d1 01 f3 01 f2 01
f5 01 d1 01 f4 01 c4 01  30 01 31 01 30 01 21 01
e4 00 f3 00 f4 00 f4 00  f3 00 d1 00 f4 00 f4 00
f1 00 d1 00 f4 00 c5 00  e0 00 14 00 d4 00 d4 00
1b 01 10 01 10 01 15 01  10 01 15 01 1c 01 11 01
21 01 01 00 33 00 30 00  34 00 30 00 11 00 30 00
21 00 76 02 65 02 d1 02  91 02 33 02 a7 02 a0 02
b6 02 50 02 77 02 32 02  44 02 01 00 33 00 32 00
11 00 33 00 31 00 32 00  11 00 33 00 32 00 11 00
30 00 33 00 32 00 33 00  30 00 34 00 04 00 24 02
31 02 d1 02 67 02 60 02  18 00 13 00 12 00 13 00
22 00 36 02 77 02 61 02  24 00 11 00 32 00 85 01
95 01 9c 01 34 00 30 00  2c 00 10 00 10 00 10 00
15 00 10 00 1c 00 31 00  32 00 30 00 31 00 31 00
03 00 12 00 13 00 12 00  17 00 33 00 30 00 32 00
27 00 12 00 22 00 1b 03  10 03 20 03 1b 03 25 03
32 03 03 03 28 03 94 00  94 00 14 01 d4 00 d4 00
02 03 17 03 2c 03 2b 03  01 00 30 00 21 00 01 01
31 01 34 01 30 01 e4 01  f4 01 d1 01 f1 01 f4 01
f1 01 f4 01 e7 01 e8 01  30 01 31 01 27 01 22 01
c1 00 f1 00 f3 00 d1 00  d1 00 f1 00 f1 00 d1 00
f2 00 f1 00 f3 00 d1 00  c4 00 54 00 14 00 1b 01
25 01 11 01 34 01 34 01  c0 01 d0 01 e0 01 35 01
21 01 01 00 32 00 33 00  b5 01 30 00 11 00 03 00
28 00 41 02 30 02 30 02  31 02 91 02 51 02 a7 02
25 02 32 02 11 02 96 02  97 02 01 00 30 00 32 00
30 00 32 00 32 00 33 00  31 00 11 00 33 00 32 00
33 00 30 00 30 00 33 00  33 00 32 00 04 00 24 02
11 02 91 02 33 02 a7 02  15 02 66 02 54 00 80 02
15 02 77 02 96 02 a2 02  24 00 34 00 33 00 31 00
34 00 32 00 30 00 33 00  27 00 12 00 13 00 13 00
23 00 30 00 32 00 11 00  30 00 34 00 34 00 32 00
21 00 1b 03 15 03 2b 03  02 00 13 00 12 00 13 00
22 00 1b 03 15 03 25 03  32 03 2c 03 25 03 32 03
03 03 22 03 d4 00 54 00  40 00 50 00 6b 00 94 00
14 01 24 03 35 03 21 03  18 00 17 00 04 00 01 01
34 01 31 01 c0 01 dc 01  d1 01 f1 01 f2 01 f4 01
f1 01 f2 01 e1 01 35 01  11 01 30 01 21 01 c0 00
e5 00 f4 00 f5 00 f5 00  f4 00 f1 00 f2 00 f1 00
f1 00 f4 00 d1 00 f2 00  e1 00 1b 01 15 01 1c 01
32 01 11 01 30 01 35 01  e4 01 d1 01 e1 01 11 01
04 01 01 00 32 00 32 00  33 00 03 00 12 00 28 00
80 02 65 02 91 02 91 02  d1 02 51 02 30 02 11 02
11 02 d1 02 35 02 21 02  14 00 01 00 30 00 11 00
11 00 31 00 32 00 34 00  33 00 34 00 30 00 11 00
34 00 34 00 33 00 33 00  31 00 31 00 21 00 81 02
11 02 11 02 91 02 11 02  d1 02 85 02 90 02 77 02
11 02 32 02 67 02 66 02  02 00 13 00 12 00 12 00
23 00 34 00 27 00 13 00  22 00 b6 02 90 02 a6 02
24 00 33 00 33 00 34 00  b5 01 33 00 33 00 31 00
04 00 24 03 35 03 05 03  10 03 20 03 d4 00 00 03
15 03 1c 03 34 03 03 03  23 03 34 03 03 03 13 03
22 03 14 00 14 01 5b 00  5c 00 75 00 6c 00 55 00
6b 00 18 03 17 03 2c 03  20 03 02 00 28 00 24 01
30 01 34 01 e4 01 f2 01  f4 01 f2 01 f2 01 f1 01
f4 01 f1 01 c4 01 35 01  31 01 32 01 04 01 d8 00
d7 00 f5 00 f5 00 d1 00  f2 00 f5 00 f2 00 f4 00
f1 00 f3 00 f3 00 f5 00  c4 00 24 01 11 01 11 01
32 01 db 01 d0 01 d0 01  e5 01 c3 01 e8 01 27 01
22 01 24 00 32 00 30 00  03 00 22 00 36 02 15 02
77 02 11 02 11 02 d1 02  d1 02 91 02 91 02 91 02
32 02 34 02 51 02 27 02  26 02 02 00 13 00 13 00
23 00 32 00 32 00 30 00  11 00 34 00 32 00 32 00
33 00 34 00 31 00 30 00  11 00 33 00 04 00 a4 02
30 02 91 02 51 02 32 02  51 02 d1 02 32 02 51 02
d1 02 11 02 30 02 85 02  10 02 15 02 15 02 26 02
18 00 12 00 28 00 40 02  90 02 25 02 31 02 61 02
01 00 11 00 11 00 33 00  27 00 13 00 12 00 12 00
22 00 18 03 12 03 23 03  34 03 05 03 10 03 1c 03
35 03 03 03 13 03 22 03  18 03 12 03 22 03 14 01
14 00 54 00 40 00 65 00  51 00 73 00 51 00 51 00
44 00 14 01 24 03 35 03  2c 03 2b 03 14 00 24 01
11 01 31 01 e4 01 f1 01  f1 01 f4 01 f5 01 f5 01
f2 01 f1 01 e1 01 11 01  34 01 11 01 05 01 2b 01
c1 00 f1 00 f3 00 d1 00  d1 00 d1 00 d1 00 f1 00
f2 00 f1 00 f1 00 e7 00  e8 00 24 01 35 01 34 01
db 01 dc 01 f3 01 f5 01  c3 01 e2 01 30 01 05 01
20 01 24 00 11 00 32 00  21 00 b6 02 25 02 91 02
34 02 11 02 32 02 d1 02  51 02 91 02 91 02 d1 02
d1 02 32 02 51 02 11 02  45 02 95 02 95 02 60 02
24 00 34 00 34 00 33 00  30 00 33 00 11 00 11 00
30 00 31 00 11 00 31 00  32 00 11 00 21 00 01 02
33 02 11 02 31 02 34 02  34 02 16 02 53 02 93 02
93 02 13 02 06 02 33 02  30 02 35 02 51 02 45 02
90 02 10 02 15 02 65 02  34 02 56 02 92 02 97 02
18 00 17 00 34 00 11 00  21 00 00 01 15 01 15 01
15 01 15 01 2b 01 02 03  12 03 13 03 17 03 27 03
13 03 28 03 54 00 14 00  94 00 c5 00 14 00 94 00
54 00 5b 00 5c 00 74 00  73 00 51 00 74 00 72 00
44 00 54 00 18 03 23 03  32 03 04 03 14 00 24 01
11 01 34 01 c2 01 d3 01  e3 01 f3 01 f5 01 f3 01
f1 01 f5 01 c4 01 31 01  32 01 31 01 32 01 04 01
c1 00 f4 00 f3 00 d1 00  f1 00 f5 00 d1 00 f3 00
f3 00 f1 00 f3 00 c4 00  1b 01 1c 01 31 01 11 01
e4 01 d1 01 f2 01 f5 01  ec 01 eb 01 30 01 31 01
21 01 18 00 17 00 11 00  04 00 41 02 30 02 35 02
91 02 33 02 11 02 11 02  34 02 31 02 11 02 11 02
d1 02 11 02 51 02 34 02  d1 02 91 02 33 02 21 02
01 00 32 00 34 00 34 00  31 00 33 00 11 00 11 00
31 00 34 00 32 00 11 00  34 00 31 00 21 00 24 02
51 02 35 02 91 02 03 02  12 02 62 02 00 00 10 00
10 00 2b 00 02 02 a3 02  51 02 30 02 51 02 51 02
30 02 30 02 d1 02 31 02  03 02 57 02 1b 03 10 03
20 03 01 00 33 00 30 00  04 00 01 01 c0 01 d0 01
d0 01 e0 01 04 01 f5 00  f2 00 e0 00 02 03 22 03
14 01 14 01 e5 00 f2 00  d1 00 f3 00 f1 00 c5 00
14 01 64 00 75 00 51 01  51 01 51 00 75 00 51 01
44 00 14 00 1b 03 25 03  27 03 28 03 54 00 02 01
17 01 32 01 35 01 35 01  e4 01 f3 01 f4 01 d1 01
f5 01 e7 01 e2 01 32 01  32 01 32 01 35 01 04 01
e4 00 f3 00 f5 00 f4 00  f2 00 f4 00 f1 00 f5 00
f2 00 d1 00 f1 00 c4 00  01 01 30 01 30 01 35 01
e4 01 f4 01 f5 01 d1 01  f5 01 c4 01 11 01 30 01
2c 01 20 01 02 00 13 00  28 00 82 02 52 02 46 02
51 02 30 02 d1 02 11 02  91 02 11 02 30 02 91 02
11 02 51 02 d1 02 d1 02  11 02 35 02 91 02 61 02
01 00 31 00 34 00 33 00  33 00 11 00 31 00 33 00
11 00 11 00 32 00 34 00  32 00 31 00 21 00 64 02
32 02 56 02 53 02 97 02  1b 00 10 00 1c 00 30 00
33 00 05 00 2b 00 42 02  12 02 92 02 46 02 91 02
16 02 12 02 13 02 92 02  22 02 00 03 25 03 30 03
21 03 01 00 11 00 27 00  28 00 24 01 c1 01 f3 01
f1 01 e1 01 04 01 f1 00  f3 00 f1 00 d0 00 e0 00
e5 00 f5 00 f2 00 f1 00  f3 00 d1 00 f4 00 f1 00
c4 00 42 00 53 00 53 00  57 00 72 00 72 00 67 00
68 00 54 00 01 03 11 03  04 03 00 00 2b 00 d4 00
24 01 31 01 31 01 c0 01  e5 01 f2 01 f4 01 f4 01
f2 01 c4 01 31 01 34 01  31 01 11 01 27 01 22 01
e4 00 f1 00 d1 00 f2 00  f4 00 f2 00 f1 00 f3 00
d1 00 d1 00 f4 00 e1 00  18 01 23 01 31 01 c0 01
dc 01 d1 01 f2 01 f3 01  f2 01 c4 01 31 01 35 01
11 01 05 01 10 01 20 01  d4 00 54 00 14 01 07 02
53 02 53 02 12 02 06 02  11 02 51 02 51 02 51 02
d1 02 11 02 d1 02 d1 02  11 02 91 02 91 02 04 02
24 00 11 00 34 00 31 00  11 00 31 00 11 00 31 00
31 00 34 00 31 00 34 00  33 00 11 00 21 00 24 02
91 02 04 02 00 00 15 00  25 00 32 00 33 00 a7 01
93 01 a3 01 04 00 14 00  14 00 14 00 82 02 52 02
62 02 1b 03 10 03 10 03  10 03 1c 03 32 03 35 03
21 03 02 00 12 00 22 00  1b 01 1c 01 c1 01 f3 01
c3 01 e2 01 04 01 f4 00  f3 00 d1 00 d1 00 f1 00
f1 00 d1 00 f4 00 d1 00  f2 00 f3 00 d1 00 f2 00
c5 00 d0 00 d0 00 d4 00  41 00 73 00 67 00 68 00
94 00 14 01 02 03 13 03  28 03 01 00 21 00 1b 01
25 01 31 01 34 01 c1 01  f3 01 f4 01 f1 01 f2 01
f5 01 e1 01 30 01 30 01  32 01 34 01 21 01 c0 00
e5 00 f4 00 d1 00 f1 00  f4 00 d1 00 f1 00 f4 00
f2 00 f2 00 f4 00 c5 00  eb 00 01 01 34 01 c2 01
e3 01 f1 01 f2 01 f4 01  d1 01 c5 01 d0 01 d0 01
eb 01 32 01 30 01 05 01  15 01 20 01 14 00 54 00
1b 00 10 00 2b 00 47 02  13 02 92 02 46 02 11 02
33 02 91 02 11 02 32 02  33 02 03 02 53 02 17 02
24 00 11 00 30 00 30 00  31 00 31 00 11 00 34 00
11 00 11 00 31 00 31 00  11 00 11 00 21 00 24 02
d1 02 04 02 01 00 34 00  31 00 11 00 83 01 a2 01
f2 00 02 00 28 00 1b 03  10 03 10 03 15 03 10 03
15 03 25 03 31 03 31 03  35 03 35 03 35 03 11 03
04 03 d4 00 14 00 1b 01  1c 01 34 01 e4 01 f1 01
c4 01 03 01 22 01 d1 00  f1 00 f4 00 d1 00 d1 00
f2 00 f1 00 d1 00 f1 00  f4 00 f1 00 d1 00 f3 00
f3 00 d1 00 d1 00 d4 00  58 00 52 00 62 00 d4 00
14 01 1b 03 15 03 2b 03  00 00 1c 00 21 00 01 01
c0 01 d0 01 d5 01 dc 01  d1 01 f5 01 f3 01 f2 01
f4 01 e1 01 32 01 32 01  27 01 13 01 28 01 c1 00
f5 00 f3 00 f5 00 f4 00  f5 00 f2 00 d1 00 f2 00
f5 00 f2 00 f4 00 f3 00  e1 00 01 01 32 01 11 01
d8 01 e3 01 f1 01 d1 01  f1 01 f1 01 f3 01 d1 01
ec 01 eb 01 34 01 11 01  30 01 05 01 15 01 20 01
18 00 17 00 2c 00 10 00  10 00 2b 00 02 02 13 02
92 02 a3 02 51 02 96 02  93 02 17 02 1b 00 10 00
1c 00 33 00 34 00 30 00  31 00 11 00 30 00 11 00
34 00 34 00 32 00 30 00  32 00 31 00 04 00 81 02
16 02 62 02 01 00 31 00  34 00 a7 01 a2 01 f5 00
f4 00 14 00 14 00 24 03  30 03 11 03 11 03 34 03
30 03 32 03 31 03 32 03  32 03 35 03 03 03 12 03
28 03 d4 00 14 00 24 01  db 01 e5 01 d1 01 d1 01
e1 01 04 01 f1 00 f5 00  f3 00 f1 00 f3 00 f2 00
d1 00 f2 00 f1 00 f1 00  d1 00 f4 00 f2 00 f3 00
d1 00 d1 00 f1 00 94 00  14 01 54 00 94 00 1b 03
15 03 1c 03 31 03 21 03  01 00 31 00 21 00 01 01
c1 01 f2 01 f1 01 f1 01  f1 01 f4 01 f3 01 f3 01
c3 01 e2 01 30 01 03 01  22 01 54 00 94 00 e5 00
f4 00 f4 00 f1 00 f3 00  f2 00 f4 00 d1 00 f1 00
f1 00 f3 00 f3 00 f1 00  c4 00 18 01 23 01 35 01
31 01 e4 01 f1 01 f2 01  f1 01 f2 01 f5 01 f2 01
f4 01 c5 01 d5 01 e0 01  11 01 30 01 30 01 05 01
2b 01 01 00 34 00 32 00  32 00 2c 00 15 00 15 00
20 00 42 02 12 02 62 02  00 00 10 00 25 00 30 00
30 00 30 00 33 00 33 00  33 00 33 00 34 00 32 00
11 00 31 00 32 00 30 00  11 00 34 00 04 00 64 02
a1 02 00 00 1c 00 11 00  32 00 a1 01 f4 00 f4 00
f1 00 c5 00 14 00 02 03  17 03 30 03 30 03 30 03
35 03 30 03 35 03 35 03  27 03 13 03 22 03 94 00
00 01 15 01 10 01 25 01  c1 01 f2 01 f1 01 c3 01
e8 01 04 01 f3 00 f2 00  f5 00 f4 00 f5 00 f4 00
f2 00 f3 00 d1 00 f5 00  f3 00 d1 00 f2 00 f1 00
d1 00 f4 00 f3 00 f4 00  94 00 00 03 10 03 1c 03
35 03 03 03 13 03 28 03  01 00 11 00 04 00 24 01
c1 01 f3 01 f1 01 f1 01  f1 01 f4 01 f5 01 f1 01
c4 01 11 01 11 01 04 01  54 00 94 00 14 01 d1 00
f4 00 f1 00 f5 00 f3 00  d1 00 f2 00 f5 00 f3 00
f3 00 f1 00 f5 00 d1 00  c5 00 eb 00 24 01 35 01
32 01 e4 01 f5 01 f5 01  d1 01 f3 01 f5 01 f3 01
d1 01 f3 01 f4 01 c5 01  d5 01 e0 01 35 01 30 01
04 01 24 00 11 00 91 01  33 00 32 00 31 00 34 00
05 00 15 00 15 00 10 00  1c 00 32 00 33 00 30 00
11 00 11 00 34 00 32 00  11 00 31 00 31 00 11 00
34 00 34 00 30 00 11 00  33 00 34 00 21 00 64 02
21 02 01 00 b2 01 a7 01  92 01 a8 01 f4 00 f2 00
f4 00 f4 00 ec 00 d0 00  18 03 23 03 30 03 31 03
35 03 34 03 11 03 27 03  22 03 1b 01 15 01 15 01
1c 01 c0 01 d0 01 d5 01  e5 01 f4 01 f1 01 c4 01
27 01 28 01 f1 00 f1 00  f3 00 f3 00 f5 00 d1 00
f1 00 f2 00 d1 00 d1 00  f5 00 d1 00 f1 00 f3 00
f1 00 d1 00 f4 00 54 00  14 00 01 03 31 03 03 03
12 03 22 03 00 00 10 00  1c 00 03 00 22 00 24 01
e4 01 f5 01 f3 01 f1 01  f5 01 f1 01 f5 01 f3 01
c4 01 11 01 11 01 21 01  1b 00 2b 00 dc 00 f3 00
f2 00 f3 00 f3 00 f1 00  f3 00 f5 00 f3 00 f5 00
f5 00 f3 00 d1 00 f5 00  f3 00 e1 00 24 01 11 01
35 01 c2 01 d3 01 d7 01  f5 01 f2 01 f1 01 d1 01
f3 01 f5 01 f1 01 f5 01  f2 01 c4 01 35 01 11 01
04 01 01 00 33 00 32 00  33 00 b0 01 11 00 31 00
31 00 31 00 31 00 34 00  34 00 32 00 34 00 31 00
11 00 34 00 33 00 11 00  31 00 11 00 32 00 32 00
31 00 30 00 32 00 34 00  30 00 34 00 04 00 01 02
44 02 01 00 34 00 84 01  d1 00 f3 00 f4 00 d1 00
f4 00 f1 00 f5 00 f3 00  c4 00 18 03 12 03 17 03
34 03 30 03 32 03 04 03  1b 01 1c 01 c0 01 d0 01
d0 01 e5 01 f1 01 d1 01  d1 01 f2 01 f4 01 e1 01
04 01 f4 00 f2 00 f4 00  f2 00 f4 00 f2 00 d1 00
d1 00 f2 00 f3 00 f1 00  f4 00 f5 00 f4 00 f3 00
f4 00 c3 00 94 00 94 00  00 03 25 03 27 03 22 03
1b 00 15 00 25 00 33 00  03 00 22 00 00 01 1c 01
d8 01 d7 01 f4 01 f2 01  f4 01 f1 01 f3 01 e7 01
e8 01 35 01 03 01 22 01  24 00 a1 01 f5 00 f2 00
f4 00 d1 00 f2 00 f1 00  f1 00 f1 00 d1 00 d1 00
f4 00 f3 00 f5 00 f3 00  f4 00 c4 00 02 01 17 01
34 01 32 01 11 01 c1 01  d1 01 f5 01 f2 01 f4 01
f2 01 f2 01 f5 01 d1 01  e7 01 e2 01 30 01 30 01
21 01 01 00 11 00 30 00  11 00 30 00 33 00 91 01
30 00 b1 01 33 00 32 00  30 00 31 00 33 00 31 00
30 00 33 00 31 00 32 00  30 00 30 00 30 00 11 00
33 00 11 00 30 00 34 00  32 00 34 00 04 00 a4 02
84 02 24 00 11 00 84 01  d1 00 f3 00 f3 00 f2 00
f4 00 f3 00 f3 00 f4 00  c5 00 d0 00 d0 00 02 03
17 03 27 03 12 03 22 03  24 01 c0 01 e5 01 f5 01
f1 01 f1 01 d1 01 f4 01  f2 01 e7 01 d3 01 e2 01
04 01 f5 00 f2 00 f5 00  f2 00 f1 00 f3 00 f2 00
d1 00 d1 00 f5 00 f5 00  f1 00 f5 00 f2 00 f4 00
d1 00 14 01 00 03 10 03  1c 03 35 03 04 03 00 00
25 00 32 00 11 00 03 00  28 00 1b 01 25 01 34 01
34 01 c1 01 d1 01 f2 01  f1 01 f2 01 f4 01 c4 01
35 01 11 01 21 01 1b 00  25 00 ac 01 a0 01 f1 00
f3 00 f1 00 f5 00 f1 00  f2 00 f2 00 f4 00 f2 00
f5 00 f5 00 f5 00 f2 00  f3 00 ec 00 d0 00 18 01
23 01 30 01 32 01 c1 01  f4 01 f1 01 d1 01 f4 01
f4 01 f1 01 f1 01 f1 01  e1 01 30 01 11 01 35 01
04 01 24 00 33 00 34 00  33 00 34 00 34 00 32 00
34 00 34 00 30 00 31 00  30 00 31 00 31 00 30 00
31 00 31 00 33 00 33 00  11 00 33 00 11 00 11 00
32 00 11 00 34 00 11 00  31 00 34 00 04 00 64 02
04 02 24 00 33 00 a1 01  f3 00 f3 00 f4 00 f4 00
f1 00 f5 00 f3 00 00 01  10 01 15 01 10 01 2b 01
02 03 22 03 00 01 10 01  25 01 c1 01 f2 01 f3 01
f1 01 f5 01 f4 01 f1 01  c3 01 e8 01 03 01 13 01
22 01 f2 00 d1 00 f5 00  f5 00 f4 00 f5 00 f3 00
d1 00 d1 00 54 00 54 00  d3 00 d2 00 d2 00 d4 00
1b 03 10 03 25 03 34 03  27 03 12 03 22 03 02 00
12 00 13 00 12 00 22 00  1b 01 1c 01 db 01 d5 01
d5 01 e5 01 d1 01 f5 01  f2 01 f3 01 f5 01 e1 01
31 01 30 01 21 01 24 00  33 00 11 00 85 01 90 01
ab 01 f1 00 d1 00 f5 00  f2 00 d1 00 f3 00 f4 00
f4 00 f3 00 f3 00 f2 00  f1 00 9b 01 90 01 2b 00
02 01 23 01 31 01 d8 01  d3 01 e3 01 f2 01 f1 01
d1 01 f4 01 f4 01 f4 01  e1 01 35 01 35 01 27 01
22 01 01 00 34 00 30 00  30 00 30 00 31 00 31 00
34 00 30 00 11 00 33 00  30 00 33 00 11 00 31 00
11 00 32 00 30 00 33 00  32 00 11 00 31 00 30 00
31 00 31 00 32 00 11 00  33 00 31 00 21 00 64 02
a1 02 24 00 34 00 85 01  a0 01 f4 00 f3 00 f4 00
f1 00 f2 00 1b 01 1c 01  c0 01 d0 01 e0 01 2c 01
10 01 15 01 1c 01 db 01  d5 01 dc 01 f3 01 f1 01
f3 01 f2 01 f3 01 c3 01  e8 01 03 01 28 01 14 01
14 01 00 03 10 03 20 03  f2 00 f1 00 f5 00 d1 00
f2 00 f5 00 00 03 15 03  15 03 10 03 10 03 15 03
25 03 32 03 27 03 12 03  22 03 94 00 d4 00 94 00
1b 01 15 01 15 01 10 01  25 01 db 01 e5 01 f3 01
f4 01 f2 01 f3 01 f3 01  f3 01 c3 01 d2 01 e8 01
11 01 03 01 22 01 02 00  92 01 a3 01 33 00 32 00
85 01 90 01 90 01 a0 01  d1 00 d1 00 f2 00 f1 00
f2 00 f3 00 d1 00 9b 01  90 01 9c 01 34 00 05 00
2b 00 24 01 35 01 30 01  35 01 d8 01 d3 01 d7 01
d1 01 f2 01 c3 01 d3 01  e8 01 31 01 27 01 28 01
1b 00 1c 00 32 00 11 00  30 00 31 00 34 00 33 00
34 00 33 00 11 00 31 00  32 00 31 00 30 00 11 00
11 00 30 00 30 00 33 00  33 00 11 00 32 00 11 00
11 00 32 00 30 00 34 00  30 00 11 00 04 00 24 02
a1 02 24 00 31 00 32 00  a1 01 f5 00 f5 00 f3 00
f2 00 00 01 25 01 c0 01  e5 01 f3 01 c5 01 d5 01
d0 01 d0 01 d0 01 e5 01  f1 01 d1 01 f2 01 f4 01
e7 01 e3 01 f4 01 e1 01  03 01 28 01 00 03 10 03
15 03 25 03 32 03 05 03  15 03 20 03 f4 00 f4 00
e8 00 1b 03 1c 03 30 03  35 03 30 03 31 03 30 03
03 03 13 03 28 03 d4 00  14 01 54 00 00 01 10 01
1c 01 db 01 d5 01 d5 01  d0 01 e5 01 f2 01 f2 01
f5 01 f1 01 f3 01 d1 01  f4 01 e1 01 31 01 32 01
35 01 21 01 d4 00 d4 00  f3 00 82 01 92 01 97 01
11 00 33 00 30 00 85 01  a0 01 f1 00 f4 00 f2 00
f3 00 80 01 90 01 a5 01  34 00 30 00 11 00 33 00
21 00 18 01 17 01 35 01  34 01 35 01 34 01 d8 01
d2 01 d3 01 e2 01 11 01  34 01 32 01 21 01 00 00
25 00 33 00 32 00 30 00  b4 01 33 00 32 00 11 00
30 00 32 00 34 00 30 00  30 00 32 00 30 00 31 00
32 00 32 00 34 00 34 00  32 00 33 00 34 00 30 00
32 00 34 00 31 00 11 00  32 00 30 00 21 00 81 02
a1 02 24 00 31 00 a7 01  a8 01 f5 00 f5 00 f4 00
f4 00 01 01 c0 01 e5 01  f3 01 f2 01 f3 01 d1 01
f2 01 f4 01 f1 01 f5 01  f4 01 f2 01 f2 01 c3 01
e8 01 c2 01 d2 01 e2 01  21 01 d4 00 01 03 11 03
31 03 03 03 12 03 23 03  35 03 05 03 15 03 2b 03
00 03 1c 03 35 03 35 03  35 03 32 03 27 03 13 03
28 03 14 01 d4 00 94 00  1b 01 15 01 1c 01 c0 01
d0 01 e5 01 f4 01 f5 01  f2 01 d1 01 f3 01 f5 01
f5 01 f4 01 f4 01 c3 01  d3 01 e8 01 34 01 27 01
13 01 22 01 54 00 d1 00  d1 00 f2 00 d1 00 98 01
92 01 97 01 33 00 33 00  85 01 95 01 95 01 90 01
95 01 a5 01 34 00 34 00  31 00 30 00 34 00 34 00
05 00 2b 00 02 01 13 01  17 01 11 01 27 01 17 01
34 01 31 01 30 01 35 01  27 01 12 01 28 01 24 00
11 00 30 00 34 00 34 00  11 00 34 00 33 00 11 00
30 00 11 00 11 00 11 00  32 00 31 00 32 00 b2 01
33 00 32 00 11 00 34 00  30 00 31 00 31 00 32 00
30 00 32 00 34 00 30 00  30 00 11 00 04 00 a4 02
84 02 02 00 17 00 a1 01  f1 00 f1 00 f5 00 f2 00
f1 00 24 01 d8 01 d3 01  d3 01 e3 01 f1 01 f1 01
f1 01 f4 01 f3 01 f4 01  f4 01 f3 01 f4 01 c4 01
03 01 12 01 13 01 13 01  28 01 54 00 02 03 13 03
12 03 22 03 d4 00 02 03  13 03 23 03 11 03 2c 03
1c 03 32 03 34 03 30 03  35 03 30 03 04 03 14 01
1b 01 10 01 15 01 15 01  25 01 30 01 db 01 e5 01
f3 01 f4 01 f1 01 f3 01  f5 01 f3 01 f3 01 f2 01
f3 01 e7 01 d3 01 e8 01  11 01 11 01 03 01 28 01
db 00 f5 00 f4 00 d1 00  f5 00 f5 00 f5 00 f4 00
f3 00 98 01 97 01 33 00  31 00 34 00 32 00 30 00
33 00 11 00 34 00 31 00  32 00 33 00 b1 01 30 00
33 00 05 00 10 00 2b 00  02 01 13 01 22 01 18 01
12 01 12 01 13 01 12 01  28 01 00 00 15 00 25 00
34 00 33 00 11 00 30 00  31 00 31 00 32 00 30 00
34 00 31 00 11 00 11 00  31 00 32 00 33 00 32 00
32 00 32 00 32 00 34 00  31 00 31 00 11 00 11 00
33 00 31 00 30 00 30 00  32 00 11 00 21 00 a4 02
a7 02 a0 02 24 00 a1 01  f4 00 f5 00 f3 00 f4 00
f2 00 18 01 13 01 17 01  31 01 c2 01 d3 01 d7 01
f5 01 f4 01 f4 01 f5 01  f1 01 e7 01 d2 01 e8 01
04 01 1b 00 10 00 15 00  10 00 15 00 10 00 15 00
15 00 15 00 10 00 15 00  2b 00 02 03 23 03 35 03
31 03 34 03 11 03 32 03  35 03 27 03 22 03 54 00
24 01 34 01 32 01 31 01  db 01 d5 01 e5 01 f4 01
f3 01 f2 01 f2 01 f3 01  f4 01 e7 01 d2 01 d3 01
d2 01 e2 01 30 01 35 01  27 01 12 01 22 01 14 00
d1 00 f1 00 f5 00 f2 00  f5 00 f3 00 f4 00 f3 00
f5 00 d1 00 98 01 93 01  93 01 92 01 a3 01 11 00
31 00 31 00 11 00 32 00  32 00 32 00 32 00 31 00
30 00 11 00 30 00 05 00  15 00 15 00 10 00 15 00
10 00 15 00 10 00 10 00  10 00 1c 00 33 00 30 00
11 00 34 00 30 00 31 00  30 00 34 00 34 00 34 00
31 00 33 00 31 00 30 00  31 00 31 00 31 00 11 00
30 00 32 00 30 00 30 00  31 00 33 00 11 00 30 00
31 00 31 00 31 00 32 00  33 00 34 00 04 00 81 02
31 02 44 02 01 00 ac 01  a0 01 f4 00 d1 00 f5 00
f4 00 d0 00 eb 00 02 01  12 01 12 01 23 01 d8 01
d2 01 d2 01 e3 01 f2 01  e7 01 e2 01 27 01 12 01
28 01 01 00 34 00 30 00  30 00 33 00 32 00 11 00
33 00 11 00 33 00 11 00  04 00 00 03 1c 03 11 03
35 03 35 03 30 03 27 03  13 03 22 03 d4 00 14 00
01 01 31 01 31 01 db 01  e5 01 d1 01 f2 01 f3 01
c3 01 d3 01 d3 01 d3 01  d3 01 e2 01 31 01 34 01
11 01 34 01 27 01 13 01  22 01 d4 00 14 00 d4 00
f4 00 f5 00 f3 00 f1 00  f1 00 f1 00 f5 00 f1 00
d1 00 f3 00 f2 00 f3 00  f1 00 f3 00 81 01 30 00
11 00 34 00 34 00 34 00  11 00 34 00 30 00 33 00
33 00 33 00 31 00 31 00  31 00 31 00 11 00 33 00
32 00 32 00 30 00 33 00  32 00 11 00 31 00 32 00
33 00 11 00 32 00 32 00  11 00 31 00 32 00 33 00
30 00 11 00 31 00 83 01  93 01 a3 01 11 00 34 00
31 00 33 00 33 00 34 00  30 00 31 00 33 00 31 00
31 00 34 00 33 00 11 00  30 00 33 00 04 00 41 02
33 02 44 02 02 00 23 00  a1 01 f2 00 f1 00 d1 00
f4 00 f4 00 f3 00 14 00  00 00 2b 00 18 01 12 01
12 01 23 01 c2 01 d3 01  e8 01 03 01 28 01 1b 00
10 00 25 00 32 00 30 00  30 00 34 00 34 00 34 00
33 00 30 00 33 00 31 00  21 00 24 03 11 03 35 03
31 03 32 03 03 03 22 03  00 01 20 01 1b 01 15 01
1c 01 db 01 d5 01 dc 01  f4 01 f1 01 f1 01 e7 01
e2 01 30 01 11 01 34 01  31 01 31 01 32 01 34 01
27 01 12 01 28 01 1b 00  2b 00 54 00 94 00 14 00
dc 00 d1 00 f1 00 f4 00  d1 00 d1 00 f5 00 f5 00
f4 00 f1 00 f5 00 f3 00  d1 00 f3 00 82 01 93 01
97 01 30 00 31 00 31 00  11 00 32 00 33 00 31 00
32 00 91 01 31 00 30 00  11 00 11 00 33 00 32 00
34 00 11 00 31 00 32 00  11 00 32 00 30 00 30 00
32 00 32 00 30 00 30 00  30 00 33 00 32 00 33 00
33 00 83 01 92 01 a8 01  d1 00 98 01 97 01 30 00
11 00 31 00 33 00 33 00  30 00 31 00 11 00 32 00
34 00 34 00 11 00 33 00  34 00 30 00 04 00 41 02
11 02 a7 02 60 02 01 00  a1 01 f1 00 f3 00 f3 00
d1 00 f4 00 f4 00 1b 00  25 00 05 00 15 00 15 00
20 00 02 01 12 01 13 01  13 01 22 01 00 00 1c 00
34 00 33 00 32 00 33 00  30 00 32 00 33 00 32 00
33 00 30 00 33 00 34 00  04 00 18 03 13 03 17 03
11 03 27 03 22 03 54 00  25 01 32 01 1c 01 db 01
d0 01 e5 01 f1 01 f3 01  f3 01 e7 01 d2 01 e2 01
30 01 31 01 35 01 03 01  13 01 12 01 12 01 12 01
28 01 94 00 1b 00 25 00  2c 00 2b 00 dc 00 f3 00
f2 00 f3 00 d1 00 d1 00  f2 00 f4 00 f1 00 f3 00
f5 00 d1 00 d1 00 d1 00  f3 00 d1 00 f3 00 f4 00
a4 01 31 00 11 00 11 00  32 00 34 00 11 00 30 00
11 00 34 00 11 00 31 00  31 00 34 00 11 00 32 00
31 00 31 00 34 00 33 00  30 00 31 00 32 00 34 00
30 00 30 00 34 00 30 00  32 00 31 00 31 00 31 00
30 00 84 01 f3 00 f1 00  d1 00 f2 00 98 01 a3 01
31 00 31 00 31 00 34 00  32 00 30 00 31 00 33 00
33 00 30 00 31 00 31 00  11 00 32 00 21 00 a4 02
33 02 35 02 04 02 24 00  85 01 a0 01 f3 00 f2 00
d1 00 f3 00 f4 00 81 01  31 00 33 00 30 00 11 00
2c 00 10 00 15 00 10 00  10 00 10 00 25 00 32 00
31 00 30 00 b3 01 b3 01  b2 01 30 00 03 00 13 00
12 00 13 00 23 00 11 00  2c 00 10 00 20 00 01 03
11 03 21 03 1b 01 25 01  11 01 34 01 c0 01 dc 01
f3 01 d1 01 f3 01 f1 01  f3 01 e1 01 11 01 35 01
11 01 03 01 13 01 28 01  c0 00 d5 00 d0 00 d5 00
d5 00 d0 00 98 01 a3 01  33 00 85 01 95 01 a0 01
d1 00 f3 00 f5 00 f1 00  f4 00 f1 00 f5 00 d1 00
f1 00 f4 00 f5 00 f5 00  f1 00 f1 00 d1 00 9b 01
9c 01 31 00 11 00 11 00  32 00 30 00 30 00 31 00
30 00 31 00 b4 01 30 00  34 00 11 00 33 00 32 00
31 00 11 00 30 00 11 00  33 00 34 00 31 00 33 00
34 00 34 00 34 00 11 00  34 00 11 00 33 00 30 00
83 01 a2 01 f3 00 f3 00  f1 00 f2 00 f2 00 81 01
31 00 30 00 34 00 32 00  30 00 32 00 30 00 34 00
33 00 34 00 32 00 31 00  30 00 11 00 21 00 a4 02
32 02 31 02 a1 02 24 00  11 00 ac 01 ab 01 f5 00
f3 00 f1 00 f3 00 a4 01  11 00 03 00 13 00 13 00
12 00 17 00 30 00 32 00  33 00 33 00 32 00 32 00
31 00 31 00 34 00 33 00  34 00 03 00 22 00 00 01
15 01 2b 01 02 00 12 00  17 00 33 00 04 00 24 03
11 03 21 03 01 01 35 01  30 01 db 01 dc 01 f5 01
f4 01 f2 01 f3 01 c3 01  d3 01 e8 01 11 01 30 01
27 01 22 01 94 00 d4 00  dc 00 f2 00 f2 00 d1 00
d1 00 f1 00 f5 00 98 01  92 01 97 01 32 00 84 01
d1 00 d1 00 f3 00 f4 00  f1 00 d1 00 f1 00 f2 00
f2 00 f2 00 f3 00 f5 00  f5 00 f3 00 f4 00 81 01
33 00 34 00 b3 01 33 00  30 00 30 00 32 00 31 00
32 00 30 00 11 00 31 00  33 00 33 00 31 00 33 00
11 00 30 00 34 00 32 00  a7 01 93 01 93 01 97 01
32 00 31 00 33 00 33 00  11 00 34 00 83 01 92 01
a8 01 f2 00 d1 00 f3 00  f4 00 f5 00 f3 00 81 01
31 00 31 00 33 00 33 00  34 00 34 00 30 00 31 00
31 00 30 00 31 00 34 00  11 00 11 00 04 00 81 02
11 02 d1 02 21 02 18 00  23 00 31 00 a1 01 f5 00
f5 00 80 01 90 01 9c 01  03 00 28 00 36 02 10 02
66 02 24 00 31 00 11 00  31 00 11 00 33 00 31 00
11 00 32 00 30 00 03 00  12 00 28 00 1b 01 1c 01
31 01 05 01 10 01 2b 01  18 00 23 00 04 00 01 03
35 03 21 03 24 01 35 01  35 01 e4 01 f5 01 f1 01
c3 01 d3 01 d3 01 e2 01  11 01 30 01 31 01 27 01
28 01 e5 00 d1 00 f1 00  f3 00 f2 00 f3 00 f1 00
f2 00 f5 00 d1 00 f3 00  f2 00 a4 01 30 00 ac 01
ab 01 f4 00 f5 00 f3 00  f3 00 f2 00 d1 00 f2 00
d1 00 f1 00 f3 00 f4 00  d1 00 80 01 95 01 9c 01
34 00 32 00 11 00 31 00  11 00 33 00 33 00 03 00
12 00 12 00 13 00 13 00  12 00 23 00 31 00 30 00
31 00 30 00 34 00 34 00  84 01 d1 00 f1 00 82 01
92 01 a3 01 a7 01 93 01  92 01 93 01 a2 01 f2 00
f4 00 f3 00 f4 00 c3 00  d1 00 f1 00 f4 00 a4 01
33 00 11 00 11 00 30 00  11 00 34 00 30 00 30 00
31 00 11 00 32 00 33 00  34 00 34 00 21 00 64 02
d1 02 32 02 85 02 60 02  24 00 31 00 84 01 f2 00
80 01 a5 01 34 00 03 00  22 00 00 02 b7 02 91 02
84 02 02 00 12 00 23 00  33 00 33 00 34 00 33 00
91 01 31 00 34 00 21 00  1b 01 10 01 1c 01 32 01
35 01 34 01 32 01 2c 01  2b 01 02 00 22 00 01 03
32 03 04 03 18 01 17 01  c0 01 dc 01 f5 01 c3 01
e8 01 34 01 34 01 30 01  11 01 27 01 13 01 22 01
e4 00 f2 00 d1 00 f5 00  f5 00 f2 00 f5 00 d1 00
f3 00 f5 00 f4 00 d1 00  f3 00 82 01 97 01 30 00
a1 01 f3 00 f4 00 f1 00  f1 00 f4 00 f3 00 f4 00
9b 01 95 01 90 01 90 01  95 01 9c 01 34 00 31 00
33 00 33 00 11 00 34 00  27 00 13 00 12 00 28 00
00 01 15 01 15 01 10 01  20 01 24 00 a7 01 92 01
93 01 92 01 93 01 92 01  a2 01 f3 00 d1 00 f5 00
f3 00 98 01 a8 01 f4 00  f1 00 d1 00 d1 00 d1 00
d1 00 d1 00 f5 00 e2 00  c2 00 d2 00 d1 00 98 01
17 00 11 00 30 00 30 00  33 00 32 00 31 00 30 00
34 00 34 00 32 00 32 00  11 00 11 00 04 00 41 02
d1 02 d1 02 34 02 a1 02  24 00 32 00 ac 01 95 01
9c 01 27 00 13 00 28 00  00 02 37 02 51 02 43 02
a2 02 d4 00 94 00 18 00  17 00 b2 01 11 00 32 00
11 00 32 00 34 00 21 00  24 01 31 01 31 01 db 01
d0 01 d5 01 e0 01 31 01  2c 01 10 01 20 01 02 03
23 03 05 03 20 03 01 01  c2 01 d7 01 f1 01 c4 01
35 01 35 01 35 01 11 01  03 01 22 01 c5 00 d0 00
e5 00 f2 00 f1 00 f5 00  d1 00 f3 00 f1 00 f1 00
f4 00 f3 00 d1 00 f1 00  f2 00 f4 00 82 01 a3 01
ac 01 a0 01 f3 00 f2 00  f2 00 f3 00 f1 00 f5 00
a4 01 31 00 32 00 11 00  34 00 31 00 11 00 30 00
32 00 33 00 b4 01 34 00  21 00 1b 01 10 01 15 01
1c 01 db 01 d5 01 e0 01  04 01 02 00 a2 01 f1 00
f4 00 f3 00 f4 00 f4 00  f5 00 f4 00 e7 00 d1 00
f1 00 f1 00 f1 00 d1 00  f4 00 f5 00 f2 00 f4 00
f1 00 e8 00 5b 00 55 00  50 00 50 00 55 00 6b 00
24 00 11 00 33 00 34 00  34 00 33 00 30 00 11 00
33 00 30 00 11 00 33 00  32 00 32 00 04 00 a4 02
91 02 11 02 51 02 21 02  18 00 17 00 31 00 32 00
27 00 28 00 76 02 55 02  b7 02 34 02 83 02 62 02
14 01 d4 00 14 01 94 00  24 00 30 00 31 00 34 00
31 00 32 00 34 00 21 00  24 01 32 01 34 01 c1 01
f1 01 f1 01 c5 01 e0 01  11 01 34 01 2c 01 20 01
24 03 32 03 21 03 02 01  17 01 c1 01 f1 01 c4 01
30 01 30 01 34 01 27 01  28 01 f3 00 f5 00 d1 00
f2 00 f3 00 d1 00 f2 00  f2 00 f3 00 f5 00 f4 00
f3 00 f5 00 f3 00 f2 00  f2 00 f2 00 f4 00 81 01
34 00 84 01 f4 00 f5 00  f2 00 f5 00 9b 01 90 01
a5 01 33 00 30 00 34 00  b1 01 32 00 11 00 30 00
32 00 34 00 33 00 27 00  28 00 24 01 db 01 d5 01
d0 01 e5 01 f5 01 e1 01  04 01 e4 00 f2 00 f3 00
f1 00 f4 00 f1 00 f3 00  e2 00 40 00 6b 00 c2 00
d3 00 f2 00 f1 00 f5 00  f3 00 f2 00 e2 00 5b 00
6b 00 5b 00 5c 00 67 00  53 00 63 00 73 00 44 00
01 00 33 00 32 00 32 00  32 00 32 00 31 00 34 00
31 00 31 00 11 00 31 00  11 00 32 00 04 00 81 02
32 02 91 02 11 02 05 02  26 02 02 00 12 00 12 00
28 00 b6 02 37 02 31 02  16 02 13 02 a2 02 80 00
90 00 a0 00 54 00 54 00  01 00 11 00 11 00 91 01
11 00 30 00 31 00 21 00  24 01 31 01 11 01 c2 01
d3 01 e3 01 f5 01 e1 01  32 01 31 01 11 01 04 01
02 03 23 03 2c 03 2b 03  24 01 d8 01 d2 01 e2 01
31 01 35 01 32 01 04 01  d7 00 d1 00 f2 00 f1 00
f5 00 f3 00 d1 00 f1 00  f3 00 f3 00 f4 00 f2 00
f1 00 d1 00 f2 00 f4 00  f2 00 f1 00 d1 00 98 01
a3 01 85 01 90 01 90 01  ab 01 f3 00 a4 01 30 00
32 00 30 00 31 00 33 00  34 00 30 00 33 00 33 00
34 00 32 00 30 00 04 00  00 01 25 01 c1 01 f5 01
d1 01 f1 01 e7 01 e8 01  21 01 c1 00 e8 00 40 00
60 00 5b 00 55 00 6b 00  5b 00 5c 00 6c 00 50 00
50 00 50 00 6b 00 40 00  55 00 6b 00 5b 00 65 00
44 00 42 00 53 00 62 00  54 00 42 00 52 00 62 00
24 00 11 00 11 00 30 00  34 00 31 00 30 00 33 00
33 00 30 00 31 00 31 00  34 00 30 00 04 00 41 02
11 02 91 02 32 02 91 02  05 02 10 02 55 02 55 02
15 02 65 02 33 02 16 02  a2 02 14 01 80 00 9c 00
b2 00 84 00 d4 00 14 00  01 00 11 00 30 00 30 00
30 00 33 00 30 00 21 00  18 01 13 01 23 01 30 01
11 01 d8 01 d7 01 ec 01  d5 01 d5 01 e0 01 2c 01
2b 01 24 03 34 03 04 03  18 01 12 01 12 01 13 01
23 01 11 01 03 01 28 01  c1 00 f4 00 f2 00 f4 00
f2 00 f3 00 f4 00 f4 00  f2 00 f5 00 d1 00 f2 00
f5 00 d1 00 f1 00 f3 00  f4 00 f5 00 f2 00 f4 00
81 01 34 00 31 00 33 00  85 01 95 01 a5 01 31 00
32 00 11 00 32 00 32 00  11 00 34 00 30 00 34 00
32 00 33 00 33 00 21 00  24 01 db 01 e5 01 e7 01
d3 01 d7 01 ec 01 eb 01  04 01 5b 00 55 00 5c 00
61 00 64 00 73 00 44 00  42 00 53 00 53 00 53 00
63 00 73 00 61 00 64 00  51 00 61 00 58 00 53 00
68 00 14 00 94 00 94 00  d4 00 00 01 15 01 2b 01
24 00 31 00 32 00 32 00  34 00 32 00 30 00 30 00
34 00 33 00 32 00 11 00  31 00 31 00 21 00 24 02
51 02 91 02 11 02 91 02  31 02 11 02 32 02 91 02
35 02 32 02 33 02 61 02  80 00 90 00 9c 00 b5 00
83 00 a2 00 14 00 94 00  24 00 11 00 33 00 11 00
34 00 31 00 31 00 05 00  15 00 2b 00 02 01 17 01
35 01 32 01 c1 01 f1 01  f4 01 f4 01 ec 01 e0 01
04 01 18 03 12 03 28 03  14 01 00 03 15 03 20 03
24 01 34 01 21 01 db 00  dc 00 f5 00 d1 00 f4 00
f1 00 f2 00 d1 00 f5 00  f2 00 f2 00 f3 00 f1 00
f1 00 f4 00 f2 00 f1 00  f4 00 d1 00 f2 00 f2 00
98 01 97 01 33 00 34 00  32 00 b4 01 31 00 11 00
33 00 30 00 33 00 30 00  31 00 30 00 30 00 32 00
31 00 30 00 a7 01 22 00  24 01 e4 01 d1 01 e1 01
db 01 dc 01 f5 01 e1 01  04 01 41 00 67 00 52 00
68 00 58 00 52 00 62 00  5b 00 55 00 6b 00 14 01
42 00 53 00 62 00 58 00  52 00 62 00 14 00 14 00
54 00 14 01 1b 01 15 01  10 01 1c 01 34 01 04 01
01 00 33 00 33 00 11 00  34 00 34 00 33 00 33 00
30 00 31 00 30 00 32 00  30 00 33 00 04 00 64 02
51 02 33 02 51 02 30 02  d1 02 d1 02 91 02 33 02
30 02 11 02 03 02 17 02  81 00 91 00 83 00 92 00
a8 00 54 00 d4 00 00 00  1c 00 31 00 11 00 11 00
31 00 31 00 34 00 33 00  11 00 2c 00 20 00 18 01
17 01 34 01 c2 01 d7 01  f1 01 f1 01 f1 01 e1 01
2c 01 10 01 10 01 20 01  14 01 24 03 34 03 21 03
02 01 13 01 28 01 c1 00  f5 00 f3 00 f3 00 f1 00
f5 00 f1 00 f1 00 d1 00  f1 00 f4 00 f4 00 f2 00
f2 00 d1 00 f1 00 f4 00  d1 00 f4 00 d1 00 f5 00
f5 00 81 01 32 00 32 00  32 00 32 00 30 00 31 00
b4 01 11 00 34 00 34 00  30 00 33 00 34 00 11 00
11 00 a7 01 a2 01 e1 00  01 01 c2 01 d3 01 e2 01
c1 01 f5 01 e7 01 e2 01  04 01 42 00 68 00 14 00
14 00 d4 00 14 00 5b 00  65 00 74 00 44 00 d4 00
00 01 10 01 10 01 10 01  20 01 54 00 14 00 00 01
15 01 15 01 1c 01 31 01  11 01 35 01 11 01 04 01
18 00 13 00 17 00 33 00  32 00 34 00 11 00 31 00
32 00 34 00 11 00 11 00  11 00 30 00 21 00 81 02
51 02 31 02 d1 02 51 02  34 02 91 02 31 02 43 02
53 02 13 02 22 02 9b 00  a5 00 83 00 a8 00 94 00
14 00 d4 00 00 00 25 00  34 00 30 00 30 00 33 00
11 00 32 00 31 00 32 00  b1 01 33 00 05 00 2b 00
01 01 34 01 11 01 e4 01  f1 01 d1 01 d1 01 c5 01
d0 01 d5 01 e0 01 2c 01  2b 01 02 03 23 03 05 03
2b 03 14 01 14 01 c1 00  f3 00 f2 00 d1 00 f4 00
f4 00 f3 00 f4 00 f5 00  f1 00 f1 00 f2 00 f3 00
f1 00 f2 00 f1 00 d1 00  f2 00 f4 00 f5 00 d1 00
f2 00 98 01 a3 01 11 00  30 00 31 00 32 00 b0 01
33 00 32 00 11 00 b0 01  30 00 31 00 33 00 11 00
31 00 84 01 f5 00 c4 00  18 01 13 01 13 01 23 01
d8 01 d2 01 e8 01 03 01  28 01 d4 00 00 01 15 01
15 01 20 01 40 00 65 00  75 00 67 00 68 00 1b 01
25 01 11 01 32 01 11 01  2c 01 10 01 10 01 25 01
35 01 31 01 31 01 35 01  32 01 34 01 35 01 05 01
10 01 20 01 01 00 33 00  31 00 31 00 34 00 30 00
11 00 32 00 34 00 31 00  34 00 30 00 21 00 41 02
91 02 11 02 11 02 31 02  51 02 11 02 83 02 17 02
94 00 14 01 54 00 81 00  b2 00 84 00 14 00 54 00
54 00 1b 00 1c 00 34 00  34 00 34 00 31 00 34 00
b4 01 30 00 31 00 31 00  11 00 33 00 30 00 04 00
24 01 34 01 30 01 c2 01  d2 01 d3 01 d7 01 f2 01
d1 01 d1 01 ec 01 e0 01  2c 01 20 01 01 03 34 03
2c 03 15 03 2b 03 e4 00  f3 00 f4 00 f2 00 d1 00
f5 00 f5 00 d1 00 f1 00  f4 00 d1 00 d1 00 f5 00
f3 00 f5 00 f3 00 f5 00  f2 00 f4 00 f5 00 f5 00
f4 00 f5 00 98 01 97 01  31 00 31 00 30 00 33 00
31 00 32 00 31 00 11 00  11 00 33 00 32 00 30 00
83 01 a8 01 d1 00 c5 00  40 00 50 00 6b 00 02 01
13 01 13 01 13 01 22 01  14 00 1b 01 25 01 11 01
11 01 21 01 42 00 57 00  75 00 44 00 00 01 25 01
31 01 32 01 32 01 34 01  32 01 30 01 11 01 32 01
31 01 31 01 31 01 c0 01  d0 01 d5 01 d5 01 d5 01
eb 01 04 01 24 00 34 00  34 00 34 00 32 00 33 00
30 00 33 00 30 00 30 00  11 00 31 00 04 00 64 02
11 02 51 02 51 02 34 02  11 02 83 02 57 02 d4 00
9b 00 90 00 ab 00 98 00  92 00 a2 00 54 00 14 00
54 00 24 00 31 00 34 00  33 00 b3 01 34 00 b2 01
30 00 34 00 30 00 33 00  30 00 33 00 27 00 22 00
02 01 12 01 23 01 34 01  30 01 30 01 c2 01 d2 01
e3 01 f2 01 f5 01 ec 01  e0 01 04 01 02 03 13 03
23 03 32 03 21 03 c1 00  f2 00 f5 00 f3 00 f2 00
f5 00 d1 00 d1 00 f1 00  f4 00 f3 00 d1 00 d1 00
f2 00 f3 00 f5 00 f2 00  d1 00 f5 00 d1 00 f1 00
d1 00 f4 00 f5 00 a4 01  30 00 34 00 34 00 34 00
34 00 32 00 31 00 34 00  33 00 83 01 93 01 92 01
a2 01 f5 00 f5 00 f1 00  41 00 75 00 61 00 14 00
d4 00 d4 00 00 03 15 03  20 03 24 01 c0 01 d0 01
e0 01 2c 01 2b 01 42 00  53 00 62 00 01 01 30 01
35 01 db 01 d0 01 d0 01  eb 01 32 01 32 01 c0 01
d5 01 d0 01 d0 01 e5 01  f1 01 d1 01 f5 01 f2 01
c4 01 04 01 24 00 30 00  11 00 34 00 32 00 34 00
34 00 31 00 30 00 31 00  30 00 31 00 04 00 64 02
31 02 30 02 31 02 11 02  d1 02 84 02 9b 00 95 00
9c 00 b3 00 a1 00 9b 00  90 00 a0 00 d4 00 54 00
14 00 24 00 31 00 31 00  11 00 30 00 31 00 11 00
34 00 30 00 34 00 03 00  13 00 13 00 28 00 94 00
00 00 20 00 01 01 30 01  30 01 31 01 30 01 30 01
c2 01 d3 01 d2 01 d2 01  e8 01 2c 01 2b 01 1b 03
1c 03 03 03 28 03 e4 00  f5 00 f4 00 f2 00 f1 00
d1 00 f1 00 f5 00 f4 00  f2 00 f4 00 f4 00 f1 00
f5 00 d1 00 f5 00 f2 00  d1 00 f5 00 f1 00 f2 00
f2 00 f3 00 f1 00 81 01  11 00 31 00 30 00 33 00
33 00 33 00 34 00 a7 01  93 01 a2 01 f3 00 f4 00
f4 00 d1 00 f2 00 f2 00  58 00 52 00 62 00 40 00
60 00 1b 03 25 03 27 03  22 03 24 01 c1 01 f1 01
c4 01 35 01 2c 01 20 01  d4 00 94 00 02 01 17 01
32 01 d8 01 d7 01 d1 01  e1 01 35 01 34 01 c1 01
f5 01 f1 01 f3 01 c3 01  d7 01 f1 01 f3 01 f1 01
c4 01 21 01 01 00 32 00  31 00 11 00 31 00 30 00
11 00 32 00 33 00 30 00  33 00 32 00 21 00 a4 02
30 02 11 02 91 02 11 02  96 02 57 02 a4 00 b2 00
b1 00 b2 00 a1 00 a4 00  b3 00 85 00 a0 00 14 00
14 00 18 00 23 00 11 00  b4 01 27 00 12 00 13 00
12 00 12 00 12 00 22 00  1b 01 15 01 20 01 00 00
25 00 04 00 18 01 12 01  23 01 32 01 30 01 34 01
11 01 35 01 32 01 30 01  30 01 34 01 04 01 24 03
31 03 04 03 db 00 dc 00  f3 00 f4 00 f2 00 f1 00
f3 00 f3 00 f2 00 f5 00  d1 00 f5 00 f3 00 f1 00
d1 00 f5 00 f5 00 f2 00  f2 00 f5 00 d1 00 f5 00
d1 00 f5 00 f5 00 a4 01  30 00 30 00 11 00 34 00
34 00 83 01 92 01 a8 01  d1 00 d1 00 f4 00 d1 00
f4 00 d1 00 5b 00 50 00  6b 00 14 01 14 01 42 00
68 00 24 03 31 03 21 03  00 01 1c 01 e4 01 f2 01
c4 01 34 01 35 01 21 01  5b 00 55 00 60 00 18 01
23 01 30 01 c2 01 d7 01  c5 01 d0 01 d0 01 dc 01
c3 01 d7 01 f3 01 e1 01  e4 01 f4 01 e7 01 d3 01
e8 01 21 01 01 00 31 00  11 00 34 00 33 00 31 00
30 00 32 00 30 00 30 00  32 00 33 00 21 00 81 02
51 02 34 02 11 02 51 02  61 02 d4 00 82 00 92 00
97 00 b1 00 84 00 82 00  a3 00 b4 00 85 00 a0 00
d4 00 14 00 01 00 33 00  33 00 04 00 1b 01 10 01
2b 01 d4 00 00 01 15 01  25 01 34 01 21 01 01 00
31 00 05 00 15 00 2b 00  24 01 32 01 35 01 31 01
11 01 31 01 35 01 11 01  35 01 32 01 21 01 01 03
34 03 21 03 e4 00 f3 00  f5 00 d1 00 f2 00 f1 00
f4 00 f1 00 f1 00 f3 00  f1 00 f3 00 d1 00 d1 00
f4 00 f1 00 f4 00 f2 00  f5 00 f4 00 d1 00 f2 00
f2 00 f4 00 d1 00 81 01  34 00 33 00 b5 01 33 00
32 00 84 01 f2 00 f5 00  f2 00 f2 00 eb 00 40 00
60 00 40 00 5c 00 74 00  6c 00 55 00 6b 00 94 00
1b 03 1c 03 03 03 22 03  24 01 34 01 c1 01 f1 01
c4 01 35 01 34 01 21 01  41 00 51 01 45 00 6b 00
24 01 11 01 31 01 e4 01  f4 01 f3 01 d1 01 d1 01
c4 01 c2 01 d2 01 e8 01  c2 01 d2 01 e8 01 03 01
13 01 22 01 24 00 30 00  31 00 32 00 33 00 34 00
31 00 33 00 31 00 30 00  33 00 33 00 04 00 01 02
11 02 d1 02 30 02 34 02  27 02 95 02 20 02 14 00
82 00 93 00 a8 00 d4 00  98 00 a3 00 b3 00 84 00
d4 00 14 00 24 00 11 00  03 00 28 00 01 01 31 01
05 01 10 01 25 01 31 01  35 01 30 01 21 01 18 00
13 00 17 00 b1 01 21 00  01 01 31 01 31 01 c0 01
d5 01 e0 01 35 01 11 01  31 01 34 01 21 01 01 03
35 03 04 03 c2 00 d7 00  f1 00 f5 00 f2 00 f2 00
d1 00 f2 00 f2 00 f5 00  f4 00 f2 00 f2 00 f5 00
f1 00 f5 00 f5 00 f2 00  f1 00 f4 00 f2 00 f1 00
f4 00 f3 00 f3 00 a4 01  33 00 b1 01 30 00 11 00
11 00 ac 01 a0 01 d1 00  f1 00 f5 00 c4 00 64 00
61 00 41 00 51 01 67 00  57 00 51 00 61 00 14 01
24 03 35 03 21 03 00 01  1c 01 c0 01 e5 01 c3 01
e8 01 35 01 35 01 04 01  42 00 57 00 73 00 61 00
24 01 11 01 31 01 d8 01  d3 01 d3 01 d2 01 d3 01
e8 01 34 01 34 01 32 01  11 01 32 01 35 01 04 01
1b 00 15 00 1c 00 31 00  33 00 32 00 33 00 11 00
34 00 31 00 31 00 32 00  11 00 30 00 21 00 24 02
91 02 33 02 32 02 51 02  51 02 35 02 27 02 55 02
a0 02 54 00 b6 02 55 02  20 02 82 00 93 00 a2 00
94 00 14 00 02 00 12 00  28 00 d4 00 01 01 34 01
30 01 32 01 30 01 31 01  35 01 11 01 05 01 10 01
2b 01 01 00 31 00 04 00  01 01 31 01 31 01 c1 01
f2 01 ec 01 eb 01 35 01  34 01 32 01 04 01 18 03
23 03 2c 03 2b 03 d8 00  d3 00 d7 00 f5 00 f4 00
f3 00 f5 00 f1 00 f5 00  f3 00 d1 00 f1 00 d1 00
f2 00 f3 00 f4 00 f4 00  f4 00 f2 00 d1 00 f1 00
f4 00 86 01 96 01 9c 01  31 00 11 00 32 00 32 00
11 00 a7 01 a8 01 d1 00  f4 00 f1 00 e8 00 42 00
68 00 42 00 53 00 68 00  41 00 51 01 6c 00 6b 00
24 03 11 03 21 03 24 01  11 01 e4 01 f3 01 c4 01
31 01 34 01 32 01 2c 01  20 01 64 00 74 01 61 00
02 01 17 01 32 01 32 01  03 01 23 01 34 01 34 01
11 01 27 01 13 01 13 01  12 01 17 01 30 01 21 01
02 00 23 00 31 00 31 00  33 00 11 00 32 00 11 00
30 00 32 00 33 00 31 00  11 00 11 00 21 00 01 02
51 02 30 02 31 02 11 02  31 02 11 02 51 02 91 02
27 02 95 02 77 02 32 02  04 02 14 00 80 00 95 00
a0 00 d4 00 94 00 d4 00  54 00 d4 00 24 01 30 01
30 01 32 01 34 01 35 01  31 01 32 01 35 01 32 01
21 01 01 00 11 00 04 00  02 01 17 01 32 01 c2 01
e3 01 f4 01 c5 01 eb 01  34 01 31 01 05 01 20 01
01 03 35 03 05 03 10 03  2b 03 e4 00 d1 00 f1 00
f2 00 f2 00 f1 00 f5 00  f5 00 f2 00 f5 00 f3 00
f4 00 d1 00 d1 00 f1 00  f3 00 f3 00 f4 00 f3 00
d1 00 87 01 11 00 34 00  32 00 34 00 31 00 11 00
a7 01 a8 01 f4 00 d1 00  5b 00 55 00 60 00 d4 00
54 00 54 00 40 00 60 00  64 00 70 01 51 00 61 00
01 03 34 03 21 03 02 01  23 01 c2 01 e3 01 ec 01
d0 01 e0 01 31 01 11 01  04 01 64 00 51 00 44 00
54 00 18 01 12 01 13 01  28 01 01 01 35 01 30 01
03 01 22 01 40 00 55 00  6b 00 24 01 35 01 2c 01
20 01 01 00 34 00 11 00  30 00 32 00 33 00 34 00
30 00 11 00 31 00 33 00  32 00 11 00 21 00 24 02
d1 02 d1 02 51 02 91 02  11 02 51 02 31 02 31 02
35 02 33 02 43 02 53 02  62 02 9b 00 9c 00 91 00
84 00 54 00 d4 00 d4 00  94 00 1b 01 1c 01 34 01
34 01 35 01 30 01 11 01  32 01 31 01 27 01 13 01
22 01 24 00 33 00 2c 00  2b 00 24 01 30 01 11 01
d8 01 e3 01 f1 01 e1 01  34 01 32 01 31 01 04 01
18 03 17 03 35 03 35 03  21 03 c2 00 d7 00 f2 00
f5 00 f5 00 f3 00 f5 00  d1 00 d1 00 d1 00 d1 00
f1 00 f2 00 f4 00 d1 00  f5 00 f1 00 9b 01 95 01
90 01 a5 01 32 00 34 00  30 00 30 00 83 01 92 01
a2 01 f5 00 d1 00 e8 00  64 00 72 00 45 00 60 00
40 00 55 00 65 00 61 00  64 00 51 00 67 00 68 00
24 03 31 03 21 03 14 01  01 01 30 01 e4 01 f3 01
d1 01 e1 01 30 01 35 01  04 01 58 00 52 00 68 00
40 00 50 00 50 00 6b 00  54 00 02 01 13 01 12 01
22 01 40 00 65 00 73 00  44 00 02 01 13 01 17 01
04 01 01 00 33 00 30 00  30 00 11 00 33 00 30 00
32 00 34 00 11 00 30 00  11 00 32 00 21 00 a4 02
31 02 d1 02 31 02 d1 02  51 02 11 02 51 02 d1 02
96 02 13 02 17 02 14 00  9b 00 9c 00 91 00 83 00
a2 00 d4 00 14 01 14 00  1b 01 1c 01 30 01 31 01
31 01 32 01 30 01 32 01  30 01 11 01 2c 01 10 01
20 01 01 00 32 00 32 00  04 00 02 01 17 01 32 01
31 01 d8 01 e3 01 c5 01  eb 01 32 01 11 01 2c 01
20 01 18 03 13 03 17 03  2c 03 2b 03 e4 00 f3 00
f1 00 f3 00 f2 00 f5 00  f4 00 d1 00 f3 00 f3 00
f1 00 d1 00 f2 00 e7 00  d3 00 d3 00 18 00 17 00
b0 01 11 00 32 00 11 00  33 00 30 00 a1 01 d1 00
f2 00 f5 00 e8 00 5b 00  65 00 51 01 71 01 6c 00
5c 00 73 00 43 00 62 00  64 00 51 00 45 00 6b 00
01 03 11 03 05 03 2b 03  18 01 23 01 e4 01 f2 01
f1 01 c5 01 e0 01 34 01  2c 01 2b 01 5b 00 55 00
65 00 73 00 51 01 44 00  5b 00 50 00 6b 00 94 00
40 00 5c 00 72 00 74 00  6c 00 50 00 6b 00 18 01
28 01 01 00 34 00 33 00  30 00 30 00 32 00 30 00
11 00 11 00 31 00 30 00  11 00 32 00 21 00 24 02
91 02 32 02 51 02 91 02  d1 02 83 02 52 02 12 02
97 02 80 00 90 00 90 00  9c 00 b2 00 a7 00 a2 00
14 01 d4 00 00 01 15 01  1c 01 34 01 35 01 35 01
31 01 11 01 35 01 11 01  11 01 34 01 11 01 32 01
21 01 01 00 34 00 32 00  05 00 2b 00 24 01 32 01
30 01 30 01 e4 01 f2 01  e1 01 11 01 32 01 31 01
05 01 15 01 2b 01 24 03  32 03 21 03 c2 00 e3 00
f1 00 f1 00 d1 00 f1 00  d1 00 f5 00 f5 00 f4 00
f3 00 d1 00 f5 00 e1 00  00 03 10 03 2b 03 02 00
13 00 12 00 97 01 34 00  32 00 32 00 84 01 f5 00
d1 00 f4 00 5b 00 5c 00  43 00 52 00 57 00 74 00
51 01 43 00 62 00 d4 00  42 00 63 00 74 00 61 00
18 03 23 03 31 03 05 03  20 03 24 01 c2 01 d2 01
e3 01 f3 01 c4 01 34 01  30 01 04 01 64 00 73 00
67 00 52 00 52 00 62 00  41 00 51 01 44 00 94 00
64 00 72 00 51 00 74 00  74 00 75 00 44 00 d4 00
00 00 25 00 30 00 33 00  11 00 30 00 33 00 32 00
32 00 31 00 34 00 31 00  30 00 32 00 04 00 24 02
91 02 51 02 d1 02 33 02  56 02 22 02 14 00 80 00
95 00 a5 00 91 00 b3 00  b2 00 83 00 a2 00 14 00
94 00 14 01 24 01 32 01  32 01 11 01 35 01 11 01
35 01 30 01 35 01 31 01  11 01 35 01 32 01 27 01
22 01 01 00 31 00 33 00  32 00 21 00 02 01 23 01
31 01 34 01 c1 01 d1 01  c5 01 d5 01 eb 01 11 01
34 01 30 01 21 01 18 03  17 03 2c 03 20 03 d8 00
d2 00 d7 00 f3 00 f3 00  d1 00 f3 00 f4 00 f2 00
c3 00 d3 00 d3 00 e8 00  01 03 31 03 05 03 15 03
2b 03 d8 00 02 00 97 01  34 00 30 00 84 01 f3 00
f2 00 40 00 65 00 43 00  62 00 54 00 58 00 52 00
53 00 62 00 14 00 d4 00  94 00 58 00 63 00 45 00
60 00 02 03 13 03 23 03  21 03 18 01 17 01 31 01
c2 01 e3 01 c5 01 eb 01  31 01 04 01 58 00 52 00
62 00 d4 00 1b 01 20 01  58 00 53 00 68 00 d4 00
58 00 53 00 53 00 57 00  74 00 67 00 62 00 00 00
1c 00 30 00 31 00 31 00  33 00 33 00 32 00 33 00
33 00 33 00 11 00 33 00  33 00 32 00 21 00 24 02
51 02 d1 02 d1 02 11 02  21 02 14 00 94 00 81 00
b4 00 83 00 a3 00 b3 00  b1 00 a1 00 14 00 14 00
14 00 94 00 18 01 17 01  11 01 34 01 35 01 30 01
11 01 32 01 34 01 35 01  34 01 32 01 35 01 04 01
1b 00 25 00 11 00 32 00  34 00 05 00 2b 00 02 01
17 01 35 01 d8 01 d3 01  e3 01 d1 01 e1 01 11 01
35 01 31 01 05 01 20 01  24 03 30 03 05 03 15 03
20 03 c2 00 c2 00 e3 00  f2 00 f5 00 f3 00 c3 00
e2 00 1b 03 10 03 10 03  25 03 32 03 32 03 35 03
05 03 2b 03 d8 00 02 00  12 00 13 00 22 00 e3 00
d1 00 41 00 73 01 61 00  94 00 40 02 55 02 60 02
94 00 14 01 00 02 90 02  60 02 d4 00 58 00 53 00
68 00 5b 00 60 00 24 03  2c 03 20 03 02 01 17 01
34 01 e4 01 f3 01 c4 01  11 01 2c 01 15 01 15 01
20 01 1b 01 1c 01 05 01  15 01 15 01 15 01 20 01
5b 00 50 00 60 00 58 00  52 00 68 00 14 01 02 00
17 00 31 00 30 00 11 00  30 00 33 00 30 00 33 00
34 00 11 00 33 00 34 00  11 00 32 00 21 00 64 02
d1 02 91 02 d1 02 31 02  a7 02 95 02 66 02 82 00
93 00 a8 00 82 00 97 00  b2 00 a1 00 54 00 94 00
94 00 14 00 d4 00 01 01  34 01 31 01 35 01 31 01
11 01 32 01 31 01 34 01  32 01 31 01 03 01 22 01
24 00 30 00 11 00 34 00  33 00 32 00 05 00 2b 00
01 01 35 01 30 01 34 01  c2 01 e3 01 c5 01 e0 01
30 01 32 01 31 01 04 01  02 03 13 03 17 03 11 03
2c 03 15 03 2b 03 c2 00  d3 00 f3 00 f4 00 e2 00
00 03 25 03 03 03 13 03  13 03 13 03 12 03 23 03
30 03 05 03 2b 03 54 00  1b 03 15 03 20 03 d8 00
d3 00 41 00 70 01 61 00  94 00 01 02 34 02 45 02
90 02 55 02 77 02 d1 02  45 02 60 02 14 01 d4 00
40 00 65 00 61 00 01 03  11 03 21 03 d4 00 01 01
32 01 c1 01 f5 01 e1 01  34 01 31 01 31 01 35 01
05 01 1c 01 35 01 34 01  11 01 30 01 31 01 21 01
64 00 51 01 44 00 94 00  14 00 5b 00 50 00 60 00
01 00 11 00 34 00 33 00  31 00 34 00 11 00 11 00
11 00 30 00 34 00 33 00  30 00 31 00 21 00 64 02
11 02 30 02 91 02 32 02  91 02 d1 02 a7 02 90 02
20 02 94 00 94 00 82 00  93 00 a8 00 14 00 54 00
14 01 1b 00 20 00 18 01  17 01 31 01 11 01 35 01
32 01 03 01 17 01 35 01  03 01 12 01 22 01 00 00
1c 00 33 00 30 00 30 00  32 00 34 00 30 00 21 00
02 01 13 01 17 01 30 01  11 01 e4 01 d1 01 c5 01
d5 01 eb 01 11 01 05 01  15 01 2b 01 18 03 13 03
13 03 17 03 05 03 15 03  20 03 1b 03 10 03 15 03
25 03 27 03 28 03 1b 01  15 01 2b 01 14 01 18 03
23 03 35 03 05 03 10 03  1c 03 35 03 05 03 15 03
2b 03 58 00 53 00 62 00  94 00 82 02 92 02 63 02
d1 02 31 02 91 02 30 02  51 02 61 02 d4 00 54 00
41 00 51 01 61 00 02 03  17 03 2c 03 20 03 18 01
17 01 c1 01 f3 01 c5 01  d0 01 e0 01 35 01 32 01
30 01 11 01 35 01 c0 01  eb 01 34 01 31 01 04 01
42 00 52 00 68 00 40 00  50 00 65 00 51 00 44 00
24 00 32 00 31 00 32 00  11 00 11 00 33 00 30 00
30 00 30 00 30 00 31 00  33 00 31 00 04 00 81 02
91 02 91 02 51 02 11 02  51 02 35 02 11 02 32 02
85 02 55 02 95 02 66 02  14 01 94 00 94 00 14 01
14 00 01 00 05 00 20 00  24 01 34 01 35 01 27 01
13 01 22 01 18 01 13 01  22 01 1b 00 15 00 25 00
31 00 32 00 30 00 34 00  32 00 11 00 32 00 2c 00
15 00 20 00 18 01 17 01  32 01 d8 01 d3 01 d7 01
f2 01 c5 01 d5 01 d5 01  e0 01 05 01 15 01 10 01
2b 01 18 03 12 03 23 03  2c 03 1c 03 30 03 27 03
12 03 22 03 1b 01 1c 01  35 01 2c 01 15 01 2b 01
02 03 13 03 23 03 31 03  03 03 12 03 17 03 35 03
2c 03 15 03 2b 03 d4 00  d4 00 14 00 d4 00 81 02
32 02 35 02 11 02 91 02  11 02 85 02 60 02 94 00
58 00 52 00 62 00 d4 00  24 03 35 03 05 03 2b 03
24 01 c2 01 e3 01 f5 01  f4 01 e1 01 31 01 34 01
31 01 32 01 32 01 e4 01  ec 01 e0 01 34 01 2c 01
15 01 20 01 14 01 41 00  73 00 75 00 75 00 61 00
01 00 33 00 11 00 32 00  34 00 31 00 34 00 32 00
32 00 11 00 30 00 11 00  34 00 31 00 21 00 41 02
d1 02 51 02 51 02 51 02  11 02 51 02 31 02 91 02
31 02 32 02 91 02 85 02  10 02 60 02 d4 00 94 00
00 00 1c 00 33 00 21 00  01 01 32 01 03 01 22 01
00 00 15 00 10 00 15 00  10 00 25 00 11 00 33 00
34 00 32 00 31 00 11 00  32 00 30 00 31 00 34 00
34 00 05 00 20 00 18 01  23 01 31 01 35 01 c2 01
d2 01 d7 01 f1 01 d1 01  ec 01 e0 01 31 01 30 01
05 01 10 01 2b 01 01 03  30 03 34 03 03 03 28 03
1b 01 15 01 1c 01 30 01  35 01 30 01 30 01 05 01
15 01 20 01 18 03 13 03  28 03 14 01 18 03 12 03
23 03 32 03 05 03 10 03  2b 03 14 00 94 00 47 02
23 02 91 02 31 02 11 02  31 02 51 02 a7 02 15 02
20 02 d4 00 d4 00 94 00  02 03 17 03 34 03 21 03
02 01 23 01 c1 01 d1 01  f2 01 ec 01 e0 01 30 01
30 01 c0 01 d0 01 dc 01  f2 01 ec 01 e0 01 11 01
11 01 04 01 5b 00 5c 00  67 00 57 00 75 00 44 00
01 00 34 00 32 00 34 00  11 00 30 00 11 00 33 00
32 00 34 00 33 00 32 00  31 00 31 00 21 00 81 02
d1 02 30 02 d1 02 91 02  11 02 91 02 11 02 31 02
51 02 11 02 11 02 56 02  93 02 57 02 1b 00 15 00
1c 00 33 00 33 00 21 00  02 01 12 01 22 01 00 00
25 00 30 00 34 00 33 00  34 00 34 00 32 00 31 00
33 00 33 00 11 00 34 00  32 00 33 00 34 00 32 00
30 00 30 00 05 00 2b 00  01 01 35 01 35 01 30 01
35 01 d8 01 d2 01 d2 01  e3 01 c5 01 d0 01 d0 01
e0 01 34 01 04 01 02 03  13 03 13 03 28 03 00 01
1c 01 34 01 31 01 db 01  d0 01 d5 01 eb 01 35 01
11 01 2c 01 2b 01 54 00  d0 00 d0 00 eb 00 54 00
02 03 13 03 23 03 30 03  05 03 10 03 20 03 14 00
02 02 92 02 92 02 46 02  03 02 53 02 86 02 32 02
67 02 95 02 60 02 d4 00  14 00 18 03 23 03 05 03
20 03 01 01 c2 01 d7 01  f5 01 d1 01 c4 01 11 01
34 01 e4 01 d1 01 f2 01  d1 01 f1 01 e1 01 35 01
32 01 04 01 64 00 74 00  61 00 58 00 52 00 68 00
01 00 34 00 30 00 34 00  30 00 33 00 31 00 31 00
11 00 33 00 33 00 30 00  34 00 33 00 21 00 41 02
91 02 34 02 d1 02 33 02  33 02 30 02 d1 02 d1 02
51 02 03 02 12 02 62 02  00 00 15 00 1c 00 34 00
34 00 31 00 33 00 2c 00  10 00 15 00 15 00 25 00
32 00 31 00 34 00 30 00  34 00 11 00 31 00 33 00
34 00 30 00 11 00 30 00  33 00 31 00 11 00 31 00
30 00 11 00 30 00 21 00  02 01 17 01 30 01 11 01
32 01 31 01 31 01 32 01  c2 01 e3 01 f1 01 f5 01
c4 01 35 01 2c 01 15 01  10 01 10 01 15 01 25 01
32 01 31 01 db 01 dc 01  f1 01 f1 01 ec 01 d0 01
d0 01 e0 01 05 01 2b 01  f1 00 f4 00 ec 00 54 00
54 00 14 00 02 03 13 03  17 03 35 03 05 03 15 03
20 03 14 00 d4 00 87 02  62 02 14 00 47 02 93 02
63 02 33 02 44 02 36 02  10 02 a6 02 18 03 17 03
04 03 24 01 c0 01 e5 01  f5 01 c3 01 e2 01 30 01
11 01 c2 01 e3 01 f1 01  d1 01 c3 01 e2 01 34 01
30 01 21 01 42 00 52 00  62 00 5b 00 55 00 60 00
24 00 34 00 32 00 11 00  30 00 30 00 34 00 31 00
31 00 31 00 31 00 30 00  31 00 32 00 04 00 24 02
d1 02 91 02 11 02 d1 02  d1 02 d1 02 11 02 11 02
56 02 57 02 1b 00 10 00  25 00 33 00 32 00 11 00
32 00 33 00 11 00 32 00  30 00 30 00 33 00 30 00
b3 01 33 00 30 00 31 00  34 00 11 00 11 00 34 00
33 00 34 00 32 00 11 00  33 00 31 00 34 00 32 00
33 00 32 00 32 00 05 00  2b 00 18 01 17 01 30 01
34 01 35 01 31 01 31 01  35 01 dc 01 f3 01 e7 01
e2 01 30 01 31 01 31 01  11 01 11 01 34 01 11 01
34 01 db 01 dc 01 d1 01  f3 01 f4 01 f2 01 f5 01
e7 01 e8 01 34 01 04 01  f4 00 f1 00 f4 00 54 00
54 00 14 01 d4 00 94 00  18 03 13 03 17 03 11 03
2c 03 10 03 20 03 14 01  14 00 14 01 14 00 94 00
82 02 86 02 45 02 a5 02  51 02 44 02 d4 00 24 03
04 03 01 01 e4 01 d1 01  c3 01 e8 01 11 01 35 01
11 01 11 01 c2 01 d2 01  d3 01 e8 01 34 01 34 01
35 01 21 01 54 00 14 01  14 00 64 00 75 00 44 00
01 00 33 00 31 00 34 00  11 00 33 00 30 00 34 00
30 00 30 00 31 00 32 00  30 00 32 00 04 00 81 02
51 02 91 02 11 02 91 02  11 02 32 02 91 02 91 02
45 02 66 02 18 00 13 00  23 00 32 00 33 00 33 00
30 00 11 00 31 00 31 00  31 00 34 00 30 00 11 00
11 00 31 00 33 00 11 00  34 00 11 00 32 00 34 00
32 00 31 00 31 00 33 00  33 00 34 00 31 00 b3 01
34 00 30 00 31 00 34 00  21 00 1b 01 25 01 30 01
32 01 34 01 35 01 35 01  c1 01 f5 01 e7 01 e8 01
34 01 11 01 35 01 34 01  32 01 11 01 30 01 35 01
db 01 e5 01 d1 01 f2 01  f3 01 c3 01 d2 01 d2 01
e8 01 30 01 34 01 21 01  f2 00 f2 00 f4 00 1b 01
15 01 20 01 00 01 10 01  15 01 2b 01 02 03 12 03
23 03 31 03 05 03 15 03  20 03 d4 00 54 00 14 00
d4 00 81 02 d1 02 91 02  34 02 45 02 a0 02 24 03
21 03 01 01 d8 01 e3 01  ec 01 eb 01 11 01 30 01
32 01 31 01 34 01 34 01  31 01 11 01 34 01 31 01
30 01 21 01 5b 00 50 00  60 00 58 00 53 00 62 00
01 00 32 00 34 00 32 00  32 00 31 00 34 00 30 00
31 00 34 00 11 00 11 00  11 00 30 00 04 00 24 02
51 02 31 02 34 02 51 02  d1 02 30 02 11 02 34 02
d1 02 85 02 10 02 a6 02  18 00 12 00 13 00 12 00
12 00 12 00 23 00 34 00  30 00 30 00 32 00 03 00
13 00 12 00 13 00 12 00  13 00 23 00 32 00 32 00
32 00 31 00 32 00 32 00  34 00 b5 01 11 00 31 00
33 00 33 00 32 00 34 00  38 00 01 01 35 01 35 01
32 01 c0 01 eb 01 d0 01  e5 01 e7 01 e8 01 32 01
31 01 11 01 11 01 35 01  32 01 32 01 35 01 db 01
dc 01 f1 01 f3 01 f5 01  e7 01 e8 01 34 01 30 01
11 01 11 01 27 01 28 01  d1 00 f5 00 f2 00 24 01
11 01 05 01 25 01 30 01  31 01 05 01 10 01 2b 01
18 03 13 03 23 03 32 03  05 03 15 03 10 03 20 03
d4 00 64 02 91 02 35 02  11 02 51 02 04 02 24 03
21 03 18 01 17 01 e4 01  f5 01 ec 01 eb 01 35 01
11 01 32 01 31 01 35 01  30 01 31 01 03 01 13 01
12 01 22 01 41 00 73 00  61 00 5b 00 55 00 6b 00
24 00 30 00 11 00 11 00  11 00 33 00 11 00 31 00
30 00 32 00 31 00 11 00  31 00 31 00 21 00 81 02
11 02 91 02 91 02 11 02  91 02 11 02 11 02 11 02
51 02 d1 02 d1 02 a7 02  50 02 26 02 d4 00 80 02
50 02 a0 02 01 00 34 00  32 00 11 00 03 00 28 00
00 01 15 01 10 01 10 01  20 01 01 00 b0 01 30 00
b2 01 32 00 34 00 31 00  11 00 30 00 30 00 34 00
30 00 31 00 03 00 29 00  39 00 01 01 30 01 30 01
c0 01 e5 01 f4 01 f5 01  d1 01 c4 01 32 01 30 01
11 01 30 01 34 01 34 01  30 01 34 01 d0 01 e5 01
e7 01 d2 01 d2 01 d3 01  e2 01 11 01 34 01 27 01
13 01 12 01 28 01 94 00  f2 00 f5 00 e2 00 24 01
35 01 11 01 11 01 db 01  d5 01 e0 01 11 01 05 01
10 01 20 01 02 03 23 03  30 03 32 03 35 03 21 03
14 00 47 02 92 02 93 02  06 02 83 02 a2 02 01 03
2c 03 2b 03 01 01 c1 01  d1 01 f3 01 e1 01 32 01
11 01 11 01 35 01 03 01  13 01 12 01 28 01 5b 00
50 00 60 00 42 00 53 00  68 00 41 00 51 00 44 00
24 00 31 00 32 00 32 00  32 00 34 00 34 00 11 00
30 00 30 00 31 00 33 00  33 00 33 00 21 00 24 02
d1 02 51 02 32 02 11 02  11 02 91 02 51 02 32 02
91 02 34 02 11 02 11 02  11 02 a7 02 55 02 b7 02
31 02 21 02 01 00 34 00  31 00 27 00 22 00 00 01
25 01 c0 01 d0 01 e0 01  04 01 24 00 31 00 33 00
30 00 11 00 34 00 31 00  32 00 32 00 30 00 11 00
27 00 13 00 22 00 00 01  10 01 1c 01 db 01 d0 01
e5 01 f3 01 f4 01 e7 01  d3 01 e8 01 32 01 03 01
13 01 12 01 23 01 34 01  11 01 c1 01 f5 01 e7 01
e8 01 30 01 30 01 34 01  11 01 31 01 27 01 28 01
94 00 54 00 54 00 d4 00  00 01 15 01 10 01 25 01
30 01 35 01 32 01 e4 01  f1 01 ec 01 e0 01 30 01
30 01 05 01 20 01 02 03  12 03 13 03 23 03 2c 03
2b 03 d4 00 54 00 d4 00  82 02 97 02 d4 00 01 03
27 03 28 03 01 01 c1 01  f2 01 d1 01 c5 01 eb 01
32 01 32 01 34 01 04 01  14 01 54 00 54 00 64 00
72 00 45 00 60 00 14 01  5b 00 5c 00 67 00 62 00
18 00 23 00 32 00 30 00  34 00 30 00 32 00 31 00
34 00 11 00 33 00 30 00  31 00 11 00 04 00 a4 02
11 02 91 02 d1 02 31 02  51 02 11 02 34 02 91 02
91 02 31 02 32 02 51 02  33 02 31 02 11 02 d1 02
83 02 a2 02 18 00 23 00  03 00 28 00 1b 01 1c 01
c0 01 e5 01 f2 01 c4 01  21 01 24 00 34 00 31 00
31 00 11 00 11 00 31 00  30 00 11 00 34 00 34 00
04 00 00 01 10 01 25 01  35 01 db 01 dc 01 f3 01
f1 01 f3 01 e7 01 e2 01  31 01 03 01 12 01 28 01
1b 00 20 00 24 01 32 01  31 01 c1 01 f4 01 e1 01
35 01 11 01 27 01 12 01  12 01 12 01 22 01 1b 00
2b 00 00 01 10 01 10 01  25 01 11 01 31 01 c0 01
d5 01 d5 01 dc 01 f5 01  f3 01 f4 01 ec 01 eb 01
34 01 32 01 2c 01 15 01  10 01 20 01 24 03 35 03
21 03 14 00 40 00 60 00  54 00 14 00 1b 03 1c 03
04 03 00 01 25 01 c1 01  d1 01 d1 01 f4 01 e1 01
11 01 31 01 03 01 22 01  40 00 50 00 60 00 58 00
57 00 51 01 45 00 6b 00  41 00 74 00 45 00 55 00
60 00 24 00 11 00 34 00  30 00 32 00 34 00 34 00
31 00 32 00 32 00 11 00  30 00 11 00 04 00 a4 02
91 02 51 02 51 02 51 02  d1 02 91 02 11 02 51 02
d1 02 d1 02 30 02 91 02  91 02 51 02 56 02 93 02
a2 02 d4 00 14 01 18 00  28 00 00 01 1c 01 db 01
e5 01 f1 01 e7 01 e8 01  21 01 24 00 30 00 33 00
31 00 32 00 34 00 11 00  30 00 33 00 32 00 27 00
28 00 01 01 35 01 34 01  32 01 dc 01 f3 01 e7 01
d2 01 d3 01 e2 01 27 01  13 01 22 01 1b 00 10 00
25 00 04 00 01 01 32 01  30 01 c2 01 d3 01 e2 01
31 01 03 01 28 01 1b 00  15 00 10 00 2b 00 02 00
22 00 01 01 32 01 32 01  34 01 c0 01 e5 01 f4 01
f2 01 d1 01 f5 01 f1 01  f5 01 f1 01 f2 01 c5 01
d5 01 d0 01 eb 01 11 01  32 01 21 01 02 03 17 03
2c 03 20 03 64 00 61 00  00 03 15 03 1c 03 35 03
21 03 01 01 c0 01 dc 01  e7 01 d2 01 d2 01 e2 01
32 01 34 01 21 01 14 00  41 00 74 01 61 00 14 00
58 00 57 00 51 01 44 00  42 00 57 00 73 00 73 00
61 00 24 00 34 00 11 00  30 00 32 00 31 00 33 00
30 00 11 00 30 00 30 00  11 00 34 00 21 00 24 02
91 02 34 02 91 02 31 02  d1 02 51 02 d1 02 30 02
11 02 d1 02 91 02 33 02  11 02 51 02 44 02 1b 00
10 00 10 00 20 00 1b 01  10 01 1c 01 db 01 dc 01
f5 01 f2 01 c4 01 03 01  28 01 02 00 17 00 31 00
30 00 11 00 32 00 11 00  33 00 31 00 30 00 04 00
00 01 1c 01 30 01 30 01  e4 01 f5 01 e7 01 e2 01
11 01 34 01 34 01 21 01  00 00 10 00 25 00 33 00
30 00 04 00 18 01 23 01  30 01 11 01 31 01 03 01
13 01 22 01 00 00 25 00  30 00 27 00 28 00 1b 01
10 01 1c 01 32 01 35 01  db 01 e5 01 f2 01 e7 01
d7 01 f3 01 c3 01 d3 01  d3 01 d2 01 d7 01 f1 01
f2 01 f3 01 ec 01 e0 01  31 01 2c 01 20 01 24 03
32 03 04 03 42 00 68 00  01 03 31 03 27 03 12 03
22 03 01 01 e4 01 f3 01  e1 01 32 01 30 01 35 01
03 01 13 01 28 01 54 00  42 00 53 00 68 00 d4 00
14 00 41 00 71 01 61 00  14 01 64 00 51 00 75 00
61 00 24 00 11 00 30 00  32 00 31 00 31 00 31 00
31 00 33 00 11 00 31 00  32 00 31 00 21 00 a4 02
d1 02 11 02 51 02 51 02  11 02 11 02 91 02 11 02
91 02 d1 02 91 02 31 02  91 02 16 02 97 02 01 00
32 00 03 00 22 00 01 01  c0 01 d5 01 dc 01 f5 01
d1 01 d1 01 e1 01 05 01  10 01 20 01 01 00 31 00
03 00 12 00 12 00 12 00  23 00 30 00 34 00 04 00
01 01 30 01 35 01 c0 01  dc 01 c3 01 e8 01 35 01
30 01 03 01 13 01 28 01  01 00 34 00 30 00 11 00
33 00 2c 00 20 00 18 01  12 01 12 01 12 01 22 01
1b 00 15 00 25 00 b5 01  b5 01 21 00 1b 01 25 01
11 01 35 01 db 01 d5 01  dc 01 f3 01 c3 01 e8 01
d8 01 d2 01 e8 01 31 01  32 01 30 01 c2 01 d3 01
e3 01 f3 01 f4 01 c5 01  d5 01 e0 01 21 01 18 03
17 03 05 03 2b 03 1b 03  1c 03 03 03 28 03 00 01
15 01 25 01 c1 01 f2 01  e1 01 35 01 30 01 03 01
28 01 40 00 55 00 60 00  94 00 40 00 55 00 60 00
54 00 41 00 74 00 45 00  55 00 5c 00 73 00 51 00
44 00 01 00 11 00 34 00  32 00 31 00 30 00 11 00
32 00 11 00 32 00 32 00  31 00 33 00 21 00 a4 02
11 02 51 02 11 02 51 02  d1 02 d1 02 30 02 91 02
d1 02 33 02 51 02 d1 02  d1 02 44 02 1b 00 25 00
03 00 22 00 1b 01 1c 01  e4 01 f3 01 f4 01 f3 01
f1 01 f3 01 c5 01 d5 01  eb 01 04 01 24 00 30 00
21 00 1b 03 10 03 2b 03  02 00 12 00 13 00 28 00
01 01 35 01 11 01 c1 01  f2 01 c4 01 32 01 35 01
34 01 04 01 00 00 15 00  1c 00 33 00 33 00 30 00
32 00 b0 01 05 00 10 00  10 00 15 00 10 00 15 00
25 00 32 00 30 00 30 00  11 00 21 00 24 01 35 01
31 01 35 01 c1 01 f4 01  e7 01 d2 01 e8 01 32 01
32 01 32 01 30 01 32 01  03 01 23 01 35 01 31 01
d8 01 d3 01 e3 01 f5 01  f1 01 c4 01 05 01 20 01
24 03 31 03 2c 03 1c 03  34 03 21 03 14 00 01 01
35 01 35 01 c1 01 d1 01  e1 01 30 01 31 01 21 01
5b 00 65 00 73 00 6c 00  6b 00 64 00 51 01 44 00
d4 00 42 00 57 00 51 00  73 00 67 00 57 00 74 00
61 00 01 00 34 00 11 00  32 00 34 00 34 00 32 00
30 00 33 00 11 00 30 00  30 00 32 00 21 00 81 02
11 02 51 02 30 02 d1 02  91 02 91 02 91 02 d1 02
91 02 51 02 11 02 d1 02  43 02 17 02 01 00 32 00
04 00 1b 01 1c 01 c0 01  dc 01 f5 01 d1 01 f3 01
d1 01 d1 01 f5 01 d1 01  e1 01 04 01 02 00 13 00
22 00 24 03 11 03 2c 03  10 03 15 03 10 03 2b 03
02 01 17 01 11 01 e4 01  f3 01 e1 01 34 01 34 01
27 01 28 01 01 00 30 00  33 00 11 00 b2 01 31 00
32 00 30 00 30 00 31 00  33 00 03 00 12 00 13 00
12 00 13 00 23 00 32 00  30 00 21 00 01 01 30 01
31 01 c0 01 dc 01 c3 01  e8 01 11 01 27 01 13 01
13 01 12 01 13 01 13 01  28 01 18 01 23 01 32 01
30 01 32 01 c2 01 d7 01  f1 01 c4 01 34 01 21 01
02 03 23 03 35 03 32 03  03 03 22 03 1b 01 25 01
32 01 c0 01 dc 01 e7 01  e2 01 32 01 27 01 22 01
64 00 51 01 72 00 51 01  61 00 42 00 53 00 62 00
14 00 d4 00 41 00 74 00  74 00 6c 00 65 00 51 00
61 00 01 00 32 00 31 00  30 00 11 00 31 00 33 00
11 00 30 00 32 00 32 00  31 00 11 00 04 00 64 02
d1 02 d1 02 51 02 91 02  91 02 d1 02 51 02 d1 02
91 02 11 02 51 02 d1 02  44 02 1b 00 1c 00 11 00
04 00 24 01 c0 01 e5 01  f3 01 f2 01 f5 01 f4 01
c3 01 d2 01 d2 01 d2 01  e2 01 04 01 94 00 1b 03
10 03 25 03 11 03 34 03  32 03 31 03 32 03 04 03
54 00 24 01 11 01 d8 01  d3 01 e8 01 27 01 12 01
22 01 1b 00 25 00 30 00  30 00 30 00 31 00 30 00
31 00 33 00 27 00 12 00  12 00 28 00 00 02 10 02
90 02 26 02 01 00 11 00  30 00 04 00 24 01 35 01
11 01 e4 01 f1 01 e1 01  11 01 32 01 21 01 1b 00
10 00 10 00 10 00 15 00  15 00 20 00 18 01 12 01
12 01 17 01 34 01 c2 01  d3 01 e8 01 11 01 21 01
14 01 01 03 34 03 27 03  28 03 14 00 18 01 17 01
35 01 e4 01 f4 01 e1 01  31 01 34 01 21 01 14 00
42 00 53 00 53 00 52 00  62 00 14 00 d4 00 54 00
14 01 54 00 58 00 63 00  74 00 51 00 73 00 74 00
61 00 01 00 11 00 33 00  32 00 34 00 31 00 32 00
32 00 34 00 34 00 34 00  11 00 11 00 21 00 a4 02
51 02 d1 02 91 02 51 02  31 02 11 02 35 02 d1 02
51 02 d1 02 33 02 03 02  a2 02 24 00 32 00 33 00
04 00 01 01 e4 01 f3 01  f2 01 f5 01 d1 01 c3 01
e2 01 27 01 12 01 12 01  13 01 22 01 14 01 24 03
31 03 32 03 31 03 35 03  32 03 31 03 31 03 05 03
20 03 02 01 23 01 11 01  31 01 34 01 21 01 1b 00
15 00 25 00 33 00 11 00  30 00 31 00 30 00 27 00
12 00 13 00 22 00 76 02  90 02 15 02 37 02 91 02
11 02 a1 02 24 00 11 00  32 00 21 00 01 01 30 01
34 01 c2 01 d3 01 e8 01  03 01 12 01 22 01 24 00
30 00 03 00 13 00 13 00  12 00 28 00 1b 00 10 00
2b 00 01 01 32 01 32 01  32 01 35 01 11 01 11 01
21 01 18 03 17 03 04 03  40 00 55 00 60 00 01 01
35 01 e4 01 f4 01 c4 01  31 01 03 01 28 01 14 01
54 00 d4 00 54 00 94 00  14 00 14 00 36 02 10 02
a6 02 54 00 14 01 42 00  57 00 72 00 73 00 72 00
61 00 01 00 11 00 32 00  34 00 34 00 31 00 11 00
34 00 30 00 33 00 33 00  33 00 33 00 04 00 81 02
d1 02 32 02 11 02 11 02  d1 02 33 02 91 02 33 02
d1 02 11 02 11 02 44 02  00 00 25 00 31 00 03 00
22 00 24 01 e4 01 f5 01  f2 01 f1 01 f1 01 e1 01
03 01 22 01 00 00 15 00  20 00 00 03 10 03 1c 03
35 03 32 03 34 03 35 03  32 03 34 03 31 03 31 03
21 03 14 00 18 01 13 01  13 01 12 01 22 01 24 00
31 00 32 00 30 00 27 00  13 00 12 00 13 00 22 00
76 02 50 02 10 02 25 02  91 02 d1 02 35 02 83 02
52 02 97 02 01 00 11 00  31 00 04 00 18 01 17 01
11 01 03 01 17 01 32 01  21 01 1b 00 10 00 25 00
27 00 28 00 76 02 15 02  26 02 d4 00 01 00 31 00
21 00 18 01 23 01 11 01  03 01 12 01 13 01 12 01
22 01 14 00 01 03 04 03  41 00 51 00 61 00 01 01
11 01 c1 01 f1 01 c4 01  34 01 21 01 94 00 d4 00
b6 02 95 02 66 02 54 00  76 02 90 02 b7 02 35 02
a7 02 55 02 95 02 60 02  58 00 53 00 57 00 75 00
61 00 01 00 30 00 30 00  33 00 11 00 31 00 32 00
34 00 31 00 34 00 33 00  31 00 34 00 04 00 64 02
91 02 11 02 32 02 d1 02  51 02 31 02 91 02 91 02
51 02 51 02 91 02 21 02  01 00 30 00 27 00 22 00
1b 01 25 01 e4 01 f2 01  f3 01 f4 01 c3 01 e8 01
21 01 1b 00 25 00 33 00  04 00 01 03 35 03 30 03
35 03 31 03 34 03 35 03  11 03 30 03 35 03 35 03
2c 03 2b 03 00 00 15 00  10 00 15 00 10 00 25 00
27 00 12 00 13 00 28 00  00 02 10 02 95 02 90 02
a5 02 91 02 91 02 32 02  d1 02 d1 02 43 02 97 02
00 00 15 00 1c 00 33 00  34 00 2c 00 2b 00 18 01
12 01 28 01 18 01 13 01  28 01 01 00 27 00 13 00
28 00 76 02 25 02 16 02  97 02 00 00 1c 00 31 00
05 00 2b 00 02 01 12 01  28 01 14 01 14 01 d4 00
d4 00 94 00 18 03 22 03  58 00 53 00 62 00 24 01
c0 01 dc 01 f2 01 c4 01  31 01 05 01 2b 01 14 01
a4 02 35 02 a7 02 55 02  65 02 51 02 33 02 34 02
32 02 11 02 33 02 84 02  54 00 5b 00 5c 00 72 00
61 00 01 00 32 00 32 00  32 00 33 00 34 00 30 00
32 00 32 00 11 00 30 00  30 00 32 00 21 00 01 02
d1 02 51 02 d1 02 51 02  32 02 91 02 51 02 91 02
31 02 d1 02 d1 02 61 02  24 00 b2 01 21 00 00 01
25 01 c0 01 dc 01 f2 01  f4 01 e7 01 e8 01 27 01
28 01 01 00 11 00 34 00  21 00 18 03 12 03 23 03
30 03 35 03 30 03 35 03  30 03 31 03 30 03 34 03
35 03 04 03 02 00 17 00  31 00 11 00 32 00 03 00
22 00 80 02 90 02 15 02  25 02 91 02 d1 02 d1 02
d1 02 35 02 d1 02 91 02  11 02 51 02 84 02 14 00
18 00 17 00 34 00 32 00  30 00 30 00 05 00 10 00
15 00 10 00 15 00 10 00  2b 00 02 00 28 00 00 02
10 02 b7 02 56 02 62 02  1b 00 1c 00 31 00 b2 01
11 00 2c 00 10 00 10 00  20 00 94 00 b6 02 10 02
a6 02 40 00 60 00 00 03  15 03 20 03 1b 01 25 01
d8 01 e3 01 d1 01 c5 01  eb 01 35 01 21 01 14 01
47 02 13 02 23 02 34 02  33 02 11 02 51 02 d1 02
11 02 31 02 56 02 97 02  5b 00 5c 00 73 00 43 00
68 00 24 00 32 00 30 00  11 00 33 00 34 00 30 00
34 00 11 00 33 00 31 00  31 00 34 00 21 00 24 02
51 02 11 02 11 02 91 02  51 02 11 02 91 02 51 02
51 02 11 02 11 02 84 02  01 00 b4 01 21 00 24 01
c0 01 e5 01 f5 01 c3 01  d3 01 e2 01 03 01 22 01
1b 00 1c 00 30 00 b0 01  21 00 d4 00 14 01 02 03
13 03 17 03 32 03 35 03  11 03 32 03 31 03 35 03
35 03 05 03 2b 03 01 00  27 00 13 00 13 00 28 00
80 02 65 02 51 02 91 02  11 02 d1 02 d1 02 31 02
91 02 31 02 51 02 51 02  11 02 51 02 a7 02 55 02
a6 02 18 00 13 00 12 00  23 00 32 00 31 00 11 00
31 00 31 00 27 00 12 00  22 00 76 02 90 02 37 02
31 02 32 02 a1 02 00 00  25 00 30 00 b1 01 11 00
03 00 13 00 12 00 12 00  28 00 36 02 77 02 33 02
21 02 42 00 62 00 02 03  23 03 21 03 24 01 11 01
32 01 d8 01 e3 01 f3 01  e1 01 35 01 21 01 40 00
55 00 60 00 24 02 31 02  51 02 51 02 31 02 11 02
32 02 16 02 22 02 5b 00  5c 00 73 00 67 00 68 00
1b 00 1c 00 31 00 33 00  11 00 31 00 33 00 11 00
11 00 33 00 34 00 11 00  31 00 33 00 21 00 41 02
91 02 34 02 51 02 51 02  11 02 51 02 91 02 11 02
35 02 11 02 43 02 97 02  01 00 11 00 04 00 01 01
e4 01 f1 01 c3 01 e8 01  03 01 13 01 22 01 1b 00
25 00 33 00 03 00 13 00  22 00 b6 02 66 02 94 00
54 00 01 03 11 03 34 03  31 03 31 03 34 03 34 03
31 03 31 03 21 03 02 00  28 00 b6 02 95 02 55 02
65 02 31 02 91 02 30 02  d1 02 91 02 d1 02 91 02
d1 02 91 02 91 02 51 02  32 02 91 02 51 02 51 02
67 02 55 02 15 02 a0 02  02 00 13 00 23 00 34 00
27 00 12 00 28 00 00 02  55 02 77 02 51 02 35 02
91 02 51 02 61 02 18 00  23 00 03 00 13 00 12 00
22 00 54 00 b6 02 50 02  55 02 65 02 91 02 03 02
97 02 40 00 50 00 6b 00  01 03 21 03 01 01 30 01
32 01 11 01 c1 01 f5 01  c4 01 34 01 21 01 64 00
74 00 61 00 02 02 23 02  31 02 30 02 33 02 32 02
91 02 84 02 14 01 41 00  51 00 67 00 62 00 54 00
01 00 34 00 11 00 34 00  32 00 30 00 34 00 31 00
33 00 33 00 33 00 11 00  33 00 33 00 21 00 07 02
51 02 91 02 d1 02 d1 02  11 02 91 02 51 02 34 02
91 02 91 02 44 02 1b 00  1c 00 32 00 21 00 01 01
c2 01 d2 01 e2 01 03 01  28 01 00 00 10 00 1c 00
31 00 27 00 22 00 80 02  50 02 a5 02 a7 02 20 02
94 00 24 03 35 03 34 03  31 03 35 03 32 03 34 03
27 03 13 03 22 03 80 02  95 02 65 02 91 02 51 02
30 02 34 02 91 02 51 02  51 02 30 02 d1 02 91 02
91 02 51 02 91 02 d1 02  91 02 91 02 11 02 11 02
35 02 51 02 91 02 85 02  50 02 26 02 02 00 12 00
22 00 00 02 95 02 b7 02  d1 02 91 02 31 02 11 02
11 02 34 02 27 02 26 02  02 00 28 00 b6 02 90 02
10 02 15 02 37 02 91 02  30 02 51 02 43 02 57 02
14 01 64 00 51 00 44 00  01 03 04 03 18 01 23 01
30 01 34 01 c1 01 f4 01  e1 01 31 01 04 01 58 00
53 00 62 00 d4 00 07 02  92 02 92 02 93 02 06 02
35 02 21 02 54 00 42 00  53 00 68 00 1b 01 2b 01
02 00 23 00 34 00 30 00  11 00 34 00 33 00 33 00
33 00 30 00 32 00 33 00  11 00 11 00 05 00 15 00
91 02 51 02 35 02 d1 02  91 02 11 02 51 02 30 02
43 02 93 02 17 02 01 00  34 00 31 00 04 00 02 01
12 01 13 01 12 01 22 01  00 00 25 00 27 00 12 00
13 00 22 00 00 02 77 02  d1 02 11 02 35 02 85 02
66 02 18 03 13 03 23 03  35 03 03 03 13 03 13 03
22 03 80 02 95 02 25 02  11 02 35 02 51 02 11 02
d1 02 d1 02 91 02 51 02  51 02 91 02 35 02 30 02
30 02 33 02 91 02 d1 02  91 02 32 02 11 02 31 02
30 02 d1 02 91 02 34 02  51 02 67 02 10 02 15 02
15 02 25 02 d1 02 34 02  91 02 11 02 34 02 d1 02
34 02 51 02 51 02 67 02  10 02 15 02 a5 02 d1 02
d1 02 11 02 33 02 51 02  d1 02 03 02 97 02 94 00
5b 00 5c 00 43 00 62 00  24 03 21 03 14 01 02 01
23 01 30 01 c2 01 e3 01  ec 01 eb 01 05 01 15 01
20 01 14 00 d4 00 40 00  55 00 60 00 14 01 87 02
52 02 62 02 14 00 54 00  d4 00 1b 01 1c 01 05 01
2b 01 01 00 31 00 32 00  31 00 32 00 30 00 34 00
11 00 33 00 11 00 32 00  33 00 31 00 11 00 30 00
d1 02 91 02 d1 02 31 02  91 02 11 02 11 02 56 02
17 02 1b 00 15 00 25 00  32 00 30 00 05 00 15 00
10 00 10 00 10 00 15 00  1c 00 27 00 22 00 b6 02
55 02 50 02 25 02 11 02  30 02 11 02 91 02 d1 02
85 02 55 02 26 02 02 03  13 03 22 03 76 02 95 02
15 02 a5 02 11 02 31 02  51 02 51 02 51 02 31 02
51 02 d1 02 51 02 91 02  32 02 51 02 51 02 51 02
d1 02 d1 02 51 02 33 02  51 02 33 02 51 02 d1 02
11 02 91 02 11 02 51 02  91 02 51 02 91 02 51 02
d1 02 31 02 91 02 43 02  53 02 93 02 06 02 11 02
43 02 13 02 52 02 06 02  35 02 51 02 11 02 91 02
11 02 51 02 d1 02 35 02  91 02 a1 02 14 00 40 00
5c 00 67 00 68 00 1b 03  1c 03 21 03 14 00 14 00
24 01 35 01 35 01 c1 01  f3 01 c4 01 11 01 03 01
22 01 14 00 d4 00 64 00  51 01 61 00 14 01 5b 00
50 00 60 00 14 01 1b 01  10 01 25 01 30 01 34 01
21 01 01 00 11 00 31 00  30 00 30 00 30 00 11 00
33 00 31 00 32 00 33 00  33 00 30 00 11 00 33 00
51 02 32 02 91 02 11 02  51 02 d1 02 91 02 04 02
1b 00 25 00 32 00 32 00  30 00 32 00 30 00 27 00
13 00 23 00 34 00 03 00  13 00 28 00 00 02 77 02
51 02 51 02 11 02 32 02  34 02 34 02 11 02 32 02
d1 02 11 02 67 02 55 02  55 02 15 02 a5 02 11 02
91 02 d1 02 11 02 51 02  11 02 51 02 32 02 51 02
11 02 51 02 51 02 51 02  11 02 51 02 d1 02 d1 02
51 02 34 02 11 02 11 02  d1 02 32 02 d1 02 30 02
91 02 30 02 91 02 11 02  91 02 32 02 51 02 51 02
d1 02 d1 02 d1 02 61 02  1b 01 20 01 07 02 93 02
97 02 54 00 94 00 a4 02  11 02 51 02 32 02 d1 02
31 02 11 02 91 02 91 02  51 02 84 02 14 01 41 00
43 00 62 00 1b 03 25 03  03 03 28 03 14 01 54 00
18 01 23 01 11 01 d8 01  d2 01 e8 01 35 01 21 01
40 00 55 00 6b 00 58 00  52 00 68 00 14 00 41 00
75 00 61 00 00 01 1c 01  34 01 32 01 34 01 35 01
21 01 02 00 23 00 31 00  11 00 31 00 33 00 34 00
34 00 30 00 32 00 34 00  31 00 32 00 31 00 32 00
51 02 11 02 11 02 11 02  d1 02 34 02 43 02 22 02
01 00 32 00 33 00 33 00  31 00 27 00 12 00 22 00
14 01 02 00 13 00 22 00  00 02 95 02 77 02 51 02
31 02 51 02 91 02 d1 02  11 02 51 02 91 02 51 02
d1 02 11 02 d1 02 d1 02  d1 02 51 02 51 02 d1 02
11 02 35 02 51 02 d1 02  51 02 d1 02 11 02 11 02
d1 02 34 02 d1 02 91 02  d1 02 d1 02 34 02 d1 02
35 02 91 02 51 02 91 02  34 02 32 02 34 02 31 02
91 02 d1 02 51 02 d1 02  11 02 11 02 51 02 51 02
35 02 d1 02 16 02 97 02  01 01 05 01 10 01 10 01
15 01 20 01 d4 00 24 02  51 02 91 02 11 02 34 02
11 02 91 02 11 02 43 02  13 02 97 02 d4 00 42 00
68 00 00 03 1c 03 30 03  04 03 5b 00 50 00 60 00
14 01 01 01 32 01 32 01  32 01 31 01 11 01 21 01
64 00 74 00 61 00 1b 01  15 01 10 01 2b 01 58 00
53 00 68 00 24 01 11 01  32 01 32 01 c0 01 eb 01
2c 01 20 01 01 00 32 00  31 00 30 00 34 00 11 00
30 00 33 00 11 00 32 00  33 00 32 00 34 00 31 00
d1 02 11 02 d1 02 30 02  32 02 30 02 84 02 00 00
1c 00 32 00 33 00 27 00  13 00 28 00 40 02 90 02
95 02 95 02 95 02 50 02  77 02 30 02 32 02 33 02
91 02 51 02 11 02 51 02  11 02 32 02 11 02 d1 02
d1 02 91 02 35 02 34 02  d1 02 33 02 51 02 11 02
91 02 30 02 11 02 91 02  d1 02 d1 02 11 02 d1 02
31 02 30 02 91 02 11 02  11 02 11 02 91 02 51 02
d1 02 91 02 91 02 31 02  51 02 31 02 11 02 30 02
11 02 11 02 11 02 51 02  91 02 30 02 d1 02 91 02
d1 02 16 02 22 02 00 01  25 01 11 01 c0 01 eb 01
30 01 21 01 40 02 37 02  d1 02 30 02 91 02 30 02
91 02 33 02 43 02 62 02  54 00 d4 00 14 00 14 00
00 03 25 03 11 03 03 03  28 03 64 00 51 00 45 00
6b 00 02 01 13 01 12 01  23 01 11 01 03 01 28 01
58 00 53 00 68 00 01 01  30 01 31 01 2c 01 15 01
10 01 10 01 25 01 11 01  c0 01 d0 01 dc 01 c5 01
e0 01 04 01 24 00 34 00  34 00 32 00 11 00 11 00
31 00 34 00 30 00 30 00  34 00 32 00 34 00 30 00
d1 02 32 02 91 02 51 02  91 02 51 02 44 02 01 00
33 00 03 00 12 00 28 00  40 02 15 02 77 02 d1 02
11 02 34 02 11 02 91 02  35 02 51 02 11 02 11 02
32 02 11 02 30 02 d1 02  32 02 11 02 32 02 d1 02
d1 02 d1 02 91 02 d1 02  91 02 91 02 11 02 31 02
91 02 91 02 d1 02 d1 02  d1 02 51 02 d1 02 51 02
11 02 11 02 91 02 d1 02  91 02 91 02 11 02 31 02
51 02 32 02 32 02 51 02  11 02 11 02 34 02 51 02
30 02 51 02 51 02 32 02  91 02 35 02 d1 02 35 02
d1 02 04 02 1b 01 25 01  30 01 30 01 c1 01 c5 01
d5 01 21 01 64 02 91 02  32 02 30 02 d1 02 11 02
11 02 d1 02 44 02 14 00  d4 00 80 00 90 00 ab 00
24 03 32 03 27 03 28 03  40 00 5c 00 51 01 51 01
45 00 50 00 60 00 14 01  18 01 13 01 22 01 5b 00
55 00 6b 00 1b 01 25 01  db 01 d5 01 eb 01 30 01
11 01 11 01 32 01 db 01  e5 01 f2 01 f3 01 f5 01
c4 01 21 01 01 00 32 00  32 00 31 00 11 00 32 00
34 00 31 00 31 00 31 00  11 00 34 00 27 00 13 00
86 02 51 02 d1 02 d1 02  51 02 31 02 04 02 18 00
13 00 22 00 b6 02 90 02  65 02 d1 02 51 02 d1 02
31 02 31 02 31 02 11 02  51 02 31 02 d1 02 51 02
33 02 11 02 91 02 11 02  31 02 11 02 91 02 d1 02
d1 02 d1 02 d1 02 11 02  51 02 11 02 d1 02 11 02
51 02 91 02 51 02 51 02  91 02 30 02 91 02 d1 02
91 02 91 02 d1 02 11 02  51 02 91 02 31 02 51 02
51 02 33 02 91 02 51 02  d1 02 91 02 d1 02 d1 02
91 02 91 02 11 02 51 02  91 02 51 02 34 02 43 02
13 02 17 02 24 01 c0 01  d0 01 eb 01 d8 01 d3 01
e8 01 21 01 87 02 a3 02  11 02 51 02 11 02 51 02
35 02 03 02 17 02 9b 00  90 00 a5 00 91 00 a1 00
18 03 23 03 2c 03 2b 03  58 00 53 00 52 00 53 00
63 00 74 00 45 00 50 00  55 00 60 00 d4 00 41 00
74 00 61 00 24 01 11 01  e4 01 f2 01 e1 01 32 01
11 01 32 01 db 01 e5 01  f2 01 f4 01 f3 01 e7 01
e2 01 04 01 24 00 11 00  11 00 34 00 31 00 32 00
30 00 34 00 34 00 34 00  30 00 11 00 21 00 76 02
d1 02 11 02 11 02 51 02  51 02 91 02 a7 02 95 02
95 02 55 02 65 02 51 02  51 02 32 02 91 02 34 02
91 02 34 02 11 02 51 02  51 02 d1 02 d1 02 d1 02
11 02 31 02 91 02 51 02  91 02 30 02 51 02 51 02
51 02 11 02 91 02 11 02  51 02 d1 02 91 02 32 02
91 02 51 02 d1 02 51 02  91 02 51 02 d1 02 d1 02
51 02 51 02 d1 02 32 02  51 02 11 02 51 02 91 02
91 02 51 02 11 02 11 02  32 02 91 02 30 02 91 02
91 02 51 02 51 02 d1 02  51 02 91 02 30 02 a1 02
00 01 15 01 25 01 e4 01  d1 01 e1 01 31 01 32 01
30 01 04 01 d4 00 41 02  35 02 51 02 91 02 33 02
91 02 a1 02 54 00 81 00  b5 00 b1 00 83 00 a2 00
94 00 01 03 11 03 2c 03  10 03 15 03 10 03 20 03
58 00 52 00 53 00 53 00  53 00 68 00 94 00 42 00
52 00 68 00 24 01 34 01  c2 01 e3 01 ec 01 eb 01
32 01 db 01 dc 01 f3 01  f3 01 f1 01 e7 01 e8 01
03 01 22 01 24 00 33 00  34 00 32 00 31 00 32 00
33 00 34 00 11 00 34 00  34 00 32 00 04 00 64 02
d1 02 32 02 11 02 d1 02  34 02 d1 02 34 02 51 02
30 02 d1 02 11 02 34 02  d1 02 51 02 51 02 32 02
91 02 d1 02 91 02 30 02  51 02 91 02 d1 02 91 02
51 02 11 02 30 02 91 02  11 02 91 02 51 02 d1 02
11 02 11 02 51 02 d1 02  d1 02 91 02 51 02 d1 02
51 02 d1 02 d1 02 33 02  91 02 11 02 11 02 d1 02
d1 02 d1 02 32 02 51 02  34 02 d1 02 d1 02 51 02
34 02 11 02 51 02 11 02  31 02 d1 02 11 02 91 02
d1 02 91 02 11 02 91 02  32 02 31 02 91 02 21 02
01 01 35 01 db 01 dc 01  c3 01 e8 01 03 01 13 01
13 01 22 01 00 02 77 02  11 02 51 02 51 02 91 02
43 02 62 02 9b 00 9c 00  b4 00 b4 00 84 00 d4 00
14 00 02 03 12 03 23 03  31 03 35 03 34 03 2c 03
15 03 20 03 54 00 1b 03  10 03 20 03 14 00 14 01
54 00 14 00 01 01 34 01  32 01 c1 01 d1 01 c5 01
d5 01 dc 01 f5 01 f3 01  f5 01 e7 01 e8 01 03 01
22 01 1b 00 1c 00 30 00  30 00 30 00 30 00 11 00
33 00 31 00 32 00 31 00  31 00 33 00 04 00 01 02
51 02 51 02 51 02 11 02  33 02 11 02 11 02 11 02
d1 02 11 02 51 02 91 02  11 02 11 02 91 02 11 02
91 02 32 02 34 02 33 02  31 02 30 02 d1 02 34 02
11 02 d1 02 d1 02 34 02  d1 02 91 02 91 02 91 02
91 02 51 02 d1 02 91 02  11 02 30 02 91 02 51 02
51 02 32 02 d1 02 91 02  91 02 d1 02 30 02 d1 02
51 02 d1 02 11 02 51 02  11 02 30 02 d1 02 91 02
51 02 51 02 d1 02 30 02  34 02 51 02 33 02 51 02
91 02 d1 02 51 02 d1 02  11 02 34 02 d1 02 61 02
02 01 17 01 d8 01 d3 01  e2 01 03 01 22 01 36 02
50 02 10 02 37 02 51 02  11 02 91 02 11 02 43 02
17 02 14 01 81 00 b2 00  b5 00 83 00 a8 00 9b 00
95 00 ab 00 94 00 02 03  13 03 12 03 12 03 17 03
30 03 2c 03 15 03 1c 03  35 03 2c 03 20 03 54 00
40 00 6b 00 24 01 30 01  30 01 c2 01 d2 01 d7 01
d1 01 d1 01 f4 01 e7 01  d2 01 e2 01 30 01 21 01
00 00 1c 00 30 00 34 00  34 00 30 00 11 00 31 00
33 00 31 00 30 00 31 00  11 00 30 00 04 00 41 02
11 02 31 02 51 02 11 02  d1 02 51 02 d1 02 30 02
51 02 51 02 d1 02 91 02  d1 02 d1 02 51 02 d1 02
11 02 11 02 d1 02 91 02  11 02 11 02 11 02 33 02
51 02 11 02 51 02 91 02  91 02 33 02 51 02 11 02
32 02 51 02 11 02 51 02  d1 02 11 02 33 02 51 02
11 02 91 02 d1 02 91 02  51 02 51 02 d1 02 34 02
11 02 32 02 91 02 91 02  d1 02 d1 02 31 02 11 02
31 02 11 02 32 02 d1 02  11 02 51 02 35 02 91 02
51 02 d1 02 32 02 91 02  91 02 11 02 32 02 a7 02
20 02 02 01 23 01 35 01  03 01 22 01 40 02 65 02
51 02 30 02 51 02 d1 02  30 02 34 02 91 02 44 02
54 00 d4 00 98 00 a3 00  91 00 ac 00 a0 00 a4 00
b3 00 84 00 9b 00 95 00  90 00 ab 00 54 00 18 03
13 03 23 03 31 03 03 03  23 03 31 03 05 03 20 03
42 00 62 00 02 01 23 01  34 01 30 01 31 01 c2 01
d2 01 d3 01 d2 01 e8 01  11 01 34 01 03 01 22 01
01 00 33 00 11 00 33 00  32 00 32 00 30 00 33 00
31 00 11 00 11 00 30 00  11 00 11 00 21 00 64 02
32 02 11 02 32 02 d1 02  91 02 11 02 d1 02 d1 02
11 02 91 02 32 02 11 02  32 02 91 02 d1 02 11 02
31 02 30 02 51 02 51 02  34 02 91 02 91 02 d1 02
11 02 32 02 34 02 91 02  30 02 51 02 91 02 d1 02
11 02 51 02 51 02 51 02  91 02 51 02 32 02 11 02
91 02 91 02 11 02 51 02  30 02 91 02 35 02 11 02
d1 02 91 02 91 02 11 02  32 02 d1 02 51 02 11 02
d1 02 91 02 34 02 11 02  51 02 11 02 11 02 34 02
91 02 91 02 d1 02 11 02  51 02 11 02 11 02 11 02
67 02 20 02 02 01 13 01  28 01 94 00 02 02 63 02
34 02 91 02 51 02 51 02  34 02 d1 02 16 02 17 02
9b 00 95 00 a0 00 82 00  97 00 b5 00 a1 00 a4 00
b2 00 a1 00 a4 00 b5 00  83 00 a8 00 14 00 14 01
d4 00 18 03 13 03 28 03  02 03 23 03 35 03 04 03
14 00 d4 00 14 01 02 01  12 01 23 01 32 01 35 01
31 01 32 01 35 01 31 01  27 01 12 01 22 01 54 00
24 00 11 00 31 00 33 00  32 00 33 00 30 00 30 00
32 00 30 00 31 00 34 00  30 00 30 00 04 00 24 02
d1 02 34 02 d1 02 30 02  d1 02 32 02 d1 02 11 02
32 02 51 02 d1 02 51 02  51 02 34 02 11 02 d1 02
11 02 34 02 33 02 51 02  d1 02 91 02 91 02 d1 02
d1 02 91 02 11 02 51 02  91 02 d1 02 d1 02 11 02
91 02 51 02 51 02 30 02  d1 02 51 02 32 02 11 02
d1 02 51 02 d1 02 30 02  30 02 91 02 d1 02 11 02
32 02 d1 02 11 02 d1 02  d1 02 11 02 d1 02 51 02
91 02 d1 02 91 02 51 02  11 02 91 02 11 02 d1 02
11 02 91 02 34 02 91 02  d1 02 51 02 91 02 11 02
51 02 a7 02 90 02 90 02  a0 02 54 00 d4 00 a4 02
d1 02 51 02 51 02 33 02  56 02 13 02 97 02 9b 00
a5 00 91 00 85 00 ab 00  98 00 92 00 a8 00 a4 00
b3 00 84 00 98 00 92 00  a2 00 9b 00 95 00 ab 00
54 00 80 00 95 00 a0 00  94 00 02 03 17 03 05 03
20 03 40 00 50 00 6b 00  54 00 02 01 13 01 13 01
23 01 31 01 27 01 13 01  28 01 80 00 90 00 a0 00
24 00 30 00 30 00 11 00  34 00 30 00 30 00 11 00
34 00 11 00 30 00 33 00  31 00 11 00 21 00 01 02
11 02 91 02 11 02 11 02  d1 02 d1 02 d1 02 d1 02
91 02 11 02 91 02 11 02  91 02 34 02 11 02 51 02
30 02 d1 02 d1 02 51 02  d1 02 30 02 30 02 11 02
d1 02 d1 02 91 02 91 02  91 02 35 02 d1 02 51 02
d1 02 11 02 d1 02 11 02  11 02 51 02 91 02 91 02
d1 02 91 02 d1 02 11 02  51 02 91 02 d1 02 32 02
11 02 d1 02 d1 02 d1 02  11 02 11 02 d1 02 51 02
d1 02 91 02 d1 02 91 02  11 02 91 02 91 02 91 02
d1 02 d1 02 51 02 d1 02  d1 02 d1 02 d1 02 31 02
11 02 51 02 51 02 43 02  22 02 14 01 54 00 41 02
32 02 11 02 d1 02 16 02  57 02 9b 00 95 00 a5 00
b2 00 b3 00 91 00 84 00  14 01 94 00 14 01 82 00
93 00 a8 00 d4 00 94 00  54 00 a4 00 b4 00 ac 00
90 00 a5 00 b3 00 a1 00  9b 00 a0 00 01 03 35 03
21 03 64 00 74 00 61 00  40 00 55 00 60 00 d4 00
02 01 13 01 22 01 94 00  9b 00 9c 00 b1 00 a1 00
24 00 34 00 32 00 11 00  32 00 31 00 33 00 31 00
31 00 11 00 30 00 31 00  30 00 32 00 21 00 41 02
91 02 11 02 51 02 11 02  d1 02 30 02 91 02 91 02
d1 02 91 02 d1 02 91 02  11 02 11 02 11 02 91 02
d1 02 34 02 d1 02 51 02  51 02 11 02 d1 02 33 02
51 02 d1 02 d1 02 91 02  11 02 30 02 51 02 91 02
d1 02 d1 02 51 02 d1 02  11 02 11 02 11 02 d1 02
d1 02 d1 02 d1 02 31 02  51 02 d1 02 d1 02 51 02
11 02 11 02 d1 02 91 02  91 02 d1 02 91 02 11 02
51 02 11 02 11 02 51 02  51 02 91 02 91 02 51 02
d1 02 d1 02 d1 02 11 02  11 02 91 02 51 02 11 02
51 02 d1 02 51 02 44 02  d4 00 54 00 40 02 37 02
51 02 d1 02 91 02 84 02  54 00 a4 00 b3 00 b4 00
b5 00 91 00 a7 00 a8 00  40 02 95 02 a0 02 54 00
94 00 36 02 95 02 a6 02  54 00 82 00 a3 00 b2 00
b3 00 a7 00 93 00 a8 00  82 00 a8 00 18 03 17 03
04 03 58 00 52 00 62 00  41 00 72 00 6c 00 50 00
6b 00 54 00 14 01 9b 00  a5 00 b4 00 91 00 a1 00
01 00 31 00 11 00 32 00  33 00 11 00 32 00 33 00
34 00 32 00 30 00 30 00  33 00 33 00 04 00 41 02
11 02 30 02 91 02 51 02  51 02 91 02 d1 02 91 02
30 02 11 02 d1 02 11 02  51 02 33 02 91 02 51 02
d1 02 91 02 d1 02 51 02  91 02 51 02 51 02 11 02
91 02 11 02 51 02 d1 02  51 02 32 02 11 02 51 02
d1 02 11 02 51 02 11 02  91 02 30 02 11 02 51 02
51 02 51 02 91 02 51 02  51 02 51 02 d1 02 91 02
51 02 51 02 11 02 91 02  51 02 d1 02 30 02 91 02
51 02 11 02 d1 02 11 02  11 02 d1 02 d1 02 d1 02
d1 02 d1 02 91 02 51 02  91 02 32 02 91 02 31 02
d1 02 30 02 d1 02 04 02  14 01 14 00 07 02 a3 02
51 02 51 02 32 02 05 02  66 02 82 00 93 00 92 00
93 00 93 00 a8 00 14 01  41 02 d1 02 44 02 94 00
b6 02 25 02 35 02 84 02  9b 00 90 00 9c 00 b3 00
a7 00 a8 00 d4 00 94 00  9b 00 90 00 ab 00 01 03
05 03 15 03 20 03 d4 00  58 00 52 00 57 00 72 01
78 00 80 00 95 00 9c 00  b2 00 b2 00 b5 00 a1 00
24 00 32 00 31 00 30 00  34 00 11 00 32 00 33 00
34 00 11 00 33 00 11 00  31 00 33 00 04 00 81 02
11 02 d1 02 32 02 91 02  11 02 51 02 91 02 11 02
91 02 11 02 91 02 32 02  11 02 d1 02 d1 02 11 02
91 02 91 02 31 02 91 02  51 02 91 02 51 02 91 02
d1 02 32 02 91 02 d1 02  11 02 51 02 51 02 51 02
31 02 51 02 51 02 91 02  91 02 51 02 51 02 11 02
d1 02 11 02 11 02 91 02  91 02 91 02 d1 02 91 02
51 02 d1 02 d1 02 51 02  91 02 d1 02 11 02 11 02
11 02 91 02 d1 02 51 02  51 02 91 02 11 02 d1 02
d1 02 51 02 d1 02 51 02  d1 02 11 02 d1 02 11 02
51 02 91 02 33 02 85 02  a6 02 14 01 14 00 82 02
86 02 51 02 51 02 d1 02  05 02 15 02 a6 02 36 02
95 02 26 02 76 02 55 02  65 02 30 02 05 02 10 02
77 02 d1 02 56 02 17 02  81 00 b4 00 91 00 83 00
a8 00 80 00 95 00 90 00  a5 00 b5 00 a1 00 02 03
17 03 32 03 05 03 15 03  20 03 d4 00 42 00 69 00
79 00 81 00 b3 00 b4 00  b4 00 b3 00 b5 00 84 00
24 00 11 00 34 00 34 00  30 00 30 00 33 00 34 00
31 00 33 00 34 00 30 00  33 00 34 00 21 00 41 02
33 02 91 02 11 02 51 02  51 02 d1 02 51 02 31 02
d1 02 11 02 91 02 51 02  d1 02 51 02 91 02 11 02
91 02 51 02 51 02 11 02  51 02 11 02 d1 02 91 02
d1 02 11 02 11 02 91 02  91 02 d1 02 51 02 51 02
51 02 91 02 11 02 11 02  31 02 51 02 91 02 51 02
d1 02 51 02 51 02 d1 02  d1 02 51 02 51 02 51 02
51 02 11 02 11 02 91 02  d1 02 51 02 d1 02 51 02
51 02 30 02 11 02 91 02  11 02 30 02 91 02 51 02
31 02 51 02 11 02 51 02  91 02 11 02 11 02 34 02
d1 02 35 02 51 02 91 02  04 02 14 01 94 00 14 01
87 02 93 02 a3 02 11 02  91 02 51 02 05 02 25 02
51 02 67 02 25 02 51 02  d1 02 d1 02 33 02 91 02
30 02 32 02 44 02 54 00  81 00 b2 00 91 00 84 00
9b 00 a5 00 b4 00 b4 00  b5 00 b1 00 85 00 a0 00
02 03 12 03 17 03 35 03  05 03 10 03 2b 03 14 00
80 00 9c 00 91 00 b4 00  b4 00 b2 00 b4 00 a1 00
01 00 11 00 31 00 32 00  11 00 32 00 33 00 31 00
33 00 33 00 34 00 32 00  32 00 30 00 21 00 64 02
11 02 11 02 51 02 91 02  d1 02 11 02 d1 02 d1 02
d1 02 91 02 91 02 51 02  31 02 91 02 91 02 30 02
d1 02 d1 02 11 02 d1 02  91 02 35 02 11 02 51 02
d1 02 51 02 51 02 d1 02  d1 02 33 02 d1 02 91 02
11 02 91 02 91 02 11 02  11 02 d1 02 11 02 d1 02
51 02 11 02 51 02 11 02  d1 02 d1 02 d1 02 d1 02
03 02 12 02 92 02 53 02  06 02 d1 02 d1 02 d1 02
91 02 51 02 11 02 91 02  33 02 91 02 91 02 11 02
51 02 d1 02 31 02 30 02  91 02 d1 02 11 02 11 02
35 02 51 02 91 02 03 02  17 02 d4 00 9b 00 95 00
ab 00 14 00 47 02 86 02  d1 02 51 02 32 02 51 02
30 02 51 02 d1 02 30 02  51 02 51 02 35 02 d1 02
33 02 34 02 27 02 a0 02  98 00 a3 00 b5 00 85 00
a5 00 91 00 a7 00 a3 00  b1 00 b5 00 83 00 a8 00
94 00 94 00 18 03 13 03  23 03 35 03 2c 03 2b 03
98 00 a3 00 b3 00 b2 00  b3 00 91 00 b1 00 a1 00
24 00 34 00 33 00 34 00  34 00 33 00 30 00 11 00
31 00 31 00 32 00 34 00  33 00 30 00 21 00 01 02
51 02 31 02 91 02 30 02  33 02 11 02 11 02 91 02
91 02 11 02 51 02 d1 02  11 02 91 02 11 02 d1 02
51 02 d1 02 d1 02 91 02  91 02 51 02 31 02 11 02
11 02 d1 02 31 02 d1 02  d1 02 d1 02 51 02 d1 02
d1 02 11 02 51 02 91 02  11 02 16 02 93 02 23 02
11 02 d1 02 16 02 23 02  51 02 91 02 d1 02 03 02
62 02 80 00 90 00 ab 00  87 02 92 02 a3 02 51 02
51 02 11 02 31 02 11 02  91 02 34 02 11 02 31 02
34 02 11 02 d1 02 d1 02  11 02 03 02 12 02 93 02
92 02 52 02 52 02 17 02  14 01 9b 00 9c 00 b3 00
ac 00 a0 00 d4 00 02 02  93 02 92 02 63 02 11 02
91 02 51 02 51 02 34 02  d1 02 d1 02 51 02 91 02
30 02 51 02 32 02 05 02  20 02 82 00 97 00 b2 00
b1 00 b2 00 ac 00 a5 00  b3 00 b1 00 84 00 d4 00
54 00 54 00 94 00 54 00  02 03 23 03 30 03 05 03
20 03 82 00 93 00 97 00  b4 00 b5 00 83 00 a8 00
01 00 30 00 30 00 34 00  11 00 32 00 32 00 31 00
11 00 11 00 32 00 31 00  34 00 34 00 21 00 24 02
51 02 11 02 30 02 30 02  11 02 d1 02 11 02 34 02
51 02 31 02 32 02 32 02  11 02 91 02 51 02 11 02
11 02 11 02 34 02 d1 02  51 02 91 02 51 02 91 02
d1 02 11 02 91 02 91 02  91 02 d1 02 51 02 11 02
51 02 d1 02 32 02 83 02  93 02 62 02 80 02 77 02
11 02 43 02 57 02 02 02  12 02 53 02 92 02 17 02
9b 00 a5 00 b4 00 85 00  95 00 ab 00 42 02 53 02
53 02 23 02 91 02 11 02  51 02 51 02 91 02 83 02
92 02 52 02 53 02 53 02  13 02 62 02 94 00 54 00
d4 00 14 01 80 00 90 00  ab 00 81 00 b2 00 b2 00
91 00 85 00 90 00 ab 00  d4 00 14 01 82 02 93 02
12 02 92 02 52 02 23 02  11 02 31 02 30 02 d1 02
43 02 13 02 63 02 d1 02  04 02 d4 00 82 00 97 00
91 00 b1 00 b4 00 b2 00  b5 00 b5 00 85 00 90 00
95 00 90 00 95 00 90 00  a0 00 02 03 23 03 31 03
04 03 80 00 ab 00 98 00  a3 00 b4 00 84 00 00 00
25 00 33 00 34 00 33 00  34 00 33 00 11 00 32 00
31 00 34 00 31 00 33 00  34 00 30 00 04 00 81 02
91 02 91 02 d1 02 91 02  51 02 91 02 91 02 11 02
d1 02 91 02 11 02 51 02  11 02 31 02 91 02 91 02
91 02 d1 02 91 02 51 02  51 02 34 02 11 02 d1 02
11 02 d1 02 11 02 33 02  31 02 d1 02 91 02 91 02
11 02 d1 02 d1 02 67 02  60 02 14 01 81 02 91 02
56 02 17 02 80 00 95 00  90 00 95 00 95 00 95 00
9c 00 b5 00 91 00 b5 00  b1 00 85 00 90 00 90 00
ab 00 42 02 a3 02 83 02  53 02 52 02 93 02 22 02
54 00 d4 00 94 00 94 00  14 01 9b 00 95 00 ab 00
9b 00 95 00 9c 00 b4 00  84 00 81 00 b3 00 83 00
93 00 a3 00 b4 00 ac 00  95 00 ab 00 94 00 14 01
14 01 54 00 54 00 87 02  52 02 86 02 16 02 92 02
97 02 14 01 87 02 93 02  97 02 94 00 14 00 82 00
93 00 a3 00 91 00 b2 00  b1 00 b3 00 b4 00 b4 00
91 00 b3 00 b4 00 b2 00  ac 00 ab 00 01 03 32 03
21 03 81 00 85 00 a0 00  81 00 b4 00 a1 00 18 00
23 00 11 00 33 00 34 00  31 00 34 00 30 00 31 00
33 00 34 00 11 00 33 00  33 00 30 00 04 00 41 02
11 02 91 02 d1 02 11 02  91 02 51 02 91 02 51 02
91 02 35 02 11 02 11 02  d1 02 d1 02 51 02 51 02
51 02 d1 02 91 02 d1 02  d1 02 91 02 11 02 91 02
31 02 11 02 91 02 91 02  91 02 d1 02 d1 02 d1 02
d1 02 11 02 51 02 d1 02  67 02 a6 02 07 02 52 02
22 02 80 00 9c 00 b3 00  b2 00 b5 00 b5 00 b5 00
b2 00 b1 00 b4 00 b4 00  b5 00 b2 00 b4 00 91 00
a1 00 d4 00 87 02 17 02  94 00 94 00 14 00 d4 00
80 00 95 00 ab 00 9b 00  90 00 a5 00 b4 00 84 00
81 00 b4 00 a7 00 92 00  a2 00 81 00 b3 00 a1 00
14 00 98 00 97 00 b3 00  b3 00 85 00 95 00 90 00
90 00 95 00 ab 00 94 00  d4 00 47 02 17 02 9b 00
90 00 ab 00 14 01 54 00  14 01 9b 00 90 00 a0 00
d4 00 a4 00 b1 00 b5 00  91 00 b1 00 b5 00 b3 00
a7 00 92 00 92 00 97 00  b5 00 84 00 24 03 11 03
04 03 82 00 a3 00 8c 00  98 00 a3 00 ac 00 a0 00
01 00 31 00 34 00 11 00  33 00 31 00 32 00 34 00
30 00 34 00 31 00 33 00  33 00 31 00 21 00 64 02
91 02 d1 02 51 02 32 02  34 02 51 02 11 02 33 02
11 02 11 02 11 02 51 02  33 02 91 02 91 02 91 02
91 02 d1 02 51 02 11 02  51 02 91 02 d1 02 51 02
31 02 11 02 34 02 91 02  11 02 31 02 51 02 51 02
d1 02 43 02 92 02 86 02  11 02 44 02 94 00 80 00
90 00 9c 00 b2 00 b4 00  b2 00 b5 00 b1 00 b4 00
b5 00 b4 00 91 00 b3 00  b4 00 b1 00 b3 00 91 00
ac 00 ab 00 54 00 9b 00  95 00 ab 00 94 00 80 00
9c 00 91 00 a1 00 a4 00  91 00 83 00 92 00 a8 00
a4 00 91 00 84 00 54 00  14 01 a4 00 83 00 a8 00
14 01 54 00 81 00 b4 00  b2 00 91 00 91 00 b5 00
b1 00 b2 00 85 00 ab 00  94 00 14 01 9b 00 a5 00
91 00 ac 00 95 00 95 00  ab 00 a4 00 b4 00 84 00
d4 00 81 00 b2 00 b1 00  b5 00 b5 00 b2 00 b5 00
ac 00 ab 00 14 00 81 00  b1 00 a1 00 02 03 17 03
2c 03 2b 03 a4 00 8d 00  9d 00 9c 00 91 00 84 00
24 00 32 00 30 00 31 00  33 00 34 00 30 00 32 00
34 00 31 00 30 00 11 00  34 00 34 00 04 00 a4 02
d1 02 51 02 91 02 11 02  34 02 11 02 91 02 91 02
d1 02 91 02 11 02 91 02  91 02 51 02 51 02 d1 02
d1 02 31 02 11 02 51 02  91 02 d1 02 51 02 11 02
d1 02 91 02 31 02 51 02  11 02 91 02 51 02 d1 02
32 02 85 02 10 02 25 02  11 02 27 02 20 02 a4 00
91 00 b5 00 b4 00 91 00  b4 00 b4 00 b2 00 b1 00
b5 00 b3 00 b5 00 b1 00  b2 00 b4 00 91 00 b2 00
b2 00 85 00 95 00 9c 00  91 00 85 00 90 00 9c 00
91 00 b1 00 a1 00 98 00  93 00 a8 00 94 00 94 00
a4 00 b2 00 ac 00 ab 00  9b 00 9c 00 85 00 90 00
ab 00 d4 00 a4 00 b2 00  b3 00 b5 00 b4 00 a7 00
93 00 a3 00 91 00 ac 00  90 00 95 00 a5 00 b1 00
b2 00 b1 00 b5 00 b4 00  ac 00 9c 00 b1 00 84 00
80 00 9c 00 b2 00 a7 00  93 00 93 00 92 00 97 00
b5 00 85 00 a0 00 81 00  91 00 ac 00 a0 00 24 03
35 03 21 03 82 00 97 00  b4 00 b4 00 a7 00 a2 00
01 00 30 00 30 00 30 00  34 00 30 00 11 00 34 00
11 00 34 00 30 00 11 00  31 00 32 00 04 00 64 02
51 02 51 02 d1 02 d1 02  91 02 32 02 51 02 d1 02
11 02 d1 02 91 02 51 02  51 02 11 02 d1 02 11 02
51 02 91 02 51 02 31 02  51 02 91 02 11 02 51 02
91 02 51 02 91 02 11 02  d1 02 91 02 11 02 d1 02
51 02 91 02 d1 02 51 02  91 02 91 02 04 02 a4 00
b4 00 b5 00 b5 00 b2 00  b3 00 b1 00 b3 00 b3 00
b3 00 b3 00 b3 00 b2 00  b1 00 b2 00 b3 00 b3 00
b1 00 b1 00 b1 00 a7 00  97 00 b4 00 b3 00 b1 00
b4 00 b5 00 ac 00 95 00  95 00 90 00 ab 00 d4 00
98 00 97 00 b1 00 ac 00  9c 00 a7 00 97 00 b3 00
85 00 90 00 a5 00 b4 00  b4 00 b1 00 b3 00 85 00
95 00 a5 00 b4 00 b1 00  b1 00 b5 00 91 00 b2 00
b5 00 83 00 93 00 97 00  b4 00 91 00 b4 00 85 00
a5 00 b4 00 b2 00 ac 00  90 00 90 00 90 00 a5 00
b3 00 b5 00 84 00 82 00  97 00 b2 00 a1 00 18 03
17 03 05 03 2b 03 a4 00  b2 00 b4 00 ac 00 ab 00
01 00 32 00 32 00 33 00  33 00 30 00 33 00 30 00
32 00 33 00 34 00 34 00  33 00 33 00 21 00 24 02
91 02 51 02 91 02 11 02  d1 02 d1 02 51 02 91 02
11 02 51 02 91 02 51 02  51 02 11 02 11 02 11 02
51 02 91 02 11 02 11 02  d1 02 d1 02 91 02 d1 02
11 02 51 02 51 02 d1 02  11 02 d1 02 91 02 d1 02
11 02 03 02 13 02 92 02  13 02 12 02 a2 02 82 00
92 00 93 00 93 00 93 00  92 00 92 00 92 00 93 00
93 00 92 00 92 00 92 00  93 00 97 00 b2 00 b5 00
b2 00 83 00 93 00 a2 00  98 00 97 00 91 00 a7 00
92 00 a3 00 b1 00 b5 00  91 00 b2 00 84 00 94 00
9b 00 9c 00 b2 00 b2 00  91 00 84 00 82 00 a3 00
b1 00 b1 00 b4 00 b1 00  a7 00 a3 00 91 00 b4 00
b3 00 b2 00 b2 00 83 00  93 00 93 00 92 00 a3 00
b1 00 84 00 14 01 98 00  97 00 b2 00 83 00 a3 00
b2 00 a7 00 97 00 b1 00  b2 00 b2 00 b1 00 b5 00
b5 00 83 00 a8 00 14 00  a4 00 91 00 a1 00 14 01
01 03 32 03 04 03 82 00  93 00 a3 00 91 00 a1 00
01 00 32 00 11 00 31 00  11 00 32 00 30 00 34 00
32 00 11 00 33 00 31 00  11 00 32 00 04 00 47 02
53 02 52 02 86 02 51 02  11 02 51 02 d1 02 91 02
11 02 91 02 d1 02 91 02  11 02 11 02 51 02 51 02
51 02 51 02 11 02 91 02  11 02 51 02 d1 02 51 02
51 02 91 02 91 02 d1 02  d1 02 11 02 51 02 91 02
51 02 67 02 26 02 d4 00  d4 00 d4 00 94 00 14 00
94 00 54 00 14 01 94 00  54 00 14 00 14 01 d4 00
d4 00 54 00 94 00 54 00  54 00 a4 00 b1 00 a7 00
92 00 a8 00 00 00 15 00  20 00 98 00 93 00 a2 00
d4 00 98 00 97 00 91 00  83 00 92 00 a2 00 14 01
81 00 91 00 a7 00 92 00  92 00 a2 00 14 01 98 00
93 00 93 00 93 00 92 00  a8 00 82 00 93 00 93 00
92 00 92 00 93 00 a2 00  00 00 15 00 20 00 82 00
92 00 a8 00 1b 00 20 00  98 00 93 00 a8 00 98 00
93 00 a8 00 82 00 92 00  92 00 92 00 93 00 93 00
92 00 a2 00 1b 00 2b 00  82 00 92 00 a2 00 54 00
02 03 12 03 28 03 00 00  2b 00 82 00 93 00 a2 00
24 00 32 00 32 00 31 00  31 00 32 00 33 00 32 00
32 00 11 00 32 00 30 00  11 00 33 00 2c 00 10 00
10 00 15 00 65 02 d1 02  51 02 51 02 11 02 51 02
51 02 d1 02 51 02 91 02  11 02 d1 02 11 02 11 02
91 02 d1 02 51 02 11 02  d1 02 91 02 91 02 51 02
11 02 91 02 51 02 91 02  91 02 d1 02 51 02 91 02
91 02 91 02 67 02 15 00  10 00 10 00 10 00 15 00
10 00 15 00 10 00 15 00  10 00 15 00 10 00 15 00
10 00 10 00 10 00 15 00  20 00 82 00 93 00 a8 00
1b 00 15 00 1c 00 34 00  2c 00 15 00 10 00 15 00
10 00 20 00 82 00 93 00  a2 00 00 00 10 00 20 00
98 00 92 00 a2 00 00 00  15 00 15 00 10 00 15 00
15 00 15 00 15 00 10 00  15 00 15 00 10 00 15 00
15 00 10 00 10 00 10 00  25 00 11 00 05 00 10 00
15 00 15 00 1c 00 05 00  10 00 10 00 10 00 15 00
10 00 15 00 15 00 10 00  15 00 15 00 10 00 15 00
10 00 10 00 1c 00 2c 00  15 00 15 00 15 00 15 00
10 00 15 00 10 00 25 00  2c 00 10 00 10 00 15 00
1c 00 31 00 31 00 33 00  31 00 31 00 32 00 32 00
33 00 32 00 30 00 32 00  11 00 32 00 31 00 32 00
31 00 30 00 51 02 51 02  51 02 d1 02 d1 02 91 02
d1 02 11 02 d1 02 91 02  91 02 d1 02 51 02 91 02
d1 02 d1 02 11 02 91 02  11 02 51 02 d1 02 11 02
11 02 d1 02 91 02 91 02  d1 02 11 02 11 02 d1 02
91 02 d1 02 d1 02 11 00  33 00 33 00 31 00 30 00
11 00 33 00 34 00 11 00  30 00 33 00 34 00 32 00
11 00 30 00 34 00 11 00  2c 00 10 00 10 00 15 00
1c 00 32 00 11 00 32 00  34 00 31 00 32 00 32 00
11 00 05 00 10 00 15 00  15 00 1c 00 34 00 05 00
10 00 10 00 10 00 25 00  31 00 33 00 33 00 34 00
34 00 31 00 32 00 34 00  32 00 34 00 11 00 31 00
31 00 30 00 11 00 31 00  32 00 31 00 11 00 34 00
33 00 33 00 30 00 33 00  31 00 32 00 31 00 33 00
31 00 11 00 32 00 34 00  33 00 32 00 32 00 31 00
11 00 33 00 30 00 34 00  31 00 11 00 34 00 33 00
34 00 11 00 33 00 11 00  34 00 30 00 34 00 33 00
11 00 11 00 30 00 31 00  31 00 11 00 32 00 32 00
30 00 34 00 33 00 33 00  33 00 11 00 33 00 31 00
31 00 33 00 51 02 11 02  11 02 d1 02 51 02 d1 02
d1 02 51 02 d1 02 51 02  d1 02 11 02 91 02 91 02
d1 02 91 02 d1 02 d1 02  d1 02 51 02 11 02 11 02
11 02 11 02 91 02 11 02  d1 02 51 02 51 02 91 02
11 02 11 02 51 02 11 00  30 00 33 00 33 00 11 00
34 00 31 00 11 00 11 00  31 00 30 00 11 00 34 00
33 00 31 00 31 00 34 00  11 00 11 00 33 00 30 00
30 00 11 00 34 00 32 00  34 00 34 00 32 00 32 00
11 00 31 00 34 00 11 00  31 00 11 00 31 00 30 00
11 00 34 00 32 00 33 00  11 00 31 00 33 00 30 00
33 00 30 00 31 00 30 00  11 00 32 00 34 00 30 00
30 00 30 00 34 00 34 00  31 00 30 00 33 00 32 00
33 00 33 00 34 00 32 00  32 00 31 00 30 00 31 00
34 00 31 00 31 00 30 00  33 00 34 00 32 00 30 00
32 00 11 00 31 00 32 00  30 00 34 00 32 00 30 00
32 00 11 00 11 00 33 00  30 00 34 00 33 00 11 00
30 00 32 00 11 00 34 00  30 00 31 00 11 00 11 00
34 00 11 00 30 00 32 00  31 00 30 00 31 00 11 00
34 00 30 00 d1 02 11 02  91 02 51 02 91 02 d1 02
91 02 51 02 51 02 91 02  51 02 11 02 51 02 11 02
91 02 11 02 51 02 51 02  51 02 51 02 51 02 51 02
91 02 11 02 11 02 51 02  11 02 11 02 51 02 91 02
91 02 11 02 51 02 31 00  31 00 32 00 33 00 33 00
11 00 31 00 30 00 30 00  32 00 31 00 33 00 11 00
34 00 32 00 33 00 30 00  31 00 33 00 31 00 33 00
31 00 11 00 11 00 31 00  33 00 31 00 33 00 31 00
33 00 32 00 33 00 11 00  33 00 30 00 30 00 32 00
34 00 31 00 30 00 30 00  30 00 32 00 11 00 33 00
30 00 11 00 11 00 30 00  31 00 34 00 34 00 32 00
34 00 11 00 33 00 34 00  30 00 11 00 34 00 33 00
32 00 33 00 11 00 34 00  30 00 11 00 32 00 34 00
32 00 33 00 34 00 30 00  34 00 31 00 33 00 11 00
32 00 31 00 30 00 34 00  30 00 11 00 32 00 31 00
31 00 30 00 34 00 30 00  32 00 34 00 30 00 30 00
31 00 34 00 31 00 32 00  11 00 33 00 30 00 31 00
31 00 34 00 11 00 32 00  34 00 30 00 33 00 34 00
34 00 31 00 d1 02 91 02  11 02 d1 02 91 02 d1 02
d1 02 51 02 51 02 11 02  91 02 51 02 d1 02 d1 02
51 02 11 02 51 02 d1 02  91 02 d1 02 11 02 d1 02
d1 02 91 02 51 02 51 02  11 02 51 02 11 02 34 00
31 00 33 00 34 00 33 00  34 00 30 00 11 00 34 00
33 00 31 00 33 00 31 00  11 00 11 00 32 00 34 00
33 00 31 00 31 00 34 00  30 00 33 00 32 00 31 00
32 00 32 00 33 00 34 00  33 00 31 00 30 00 32 00
34 00 30 00 31 00 31 00  11 00 11 00 11 00 30 00
33 00 32 00 34 00 31 00  34 00 30 00 33 00 33 00
31 00 11 00 30 00 34 00  30 00 32 00 33 00 32 00
11 00 31 00 32 00 34 00  31 00 34 00 31 00 33 00
34 00 32 00 11 00 31 00  30 00 11 00 32 00 33 00
33 00 31 00 33 00 31 00  30 00 31 00 34 00 32 00
30 00 11 00 11 00 30 00  31 00 30 00 11 00 32 00
11 00 34 00 34 00 34 00  34 00 30 00 11 00 30 00
33 00 33 00 31 00 32 00  33 00 30 00 31 00 11 00
11 00 11 00 30 00 31 00  30 00 30 00 32 00 31 00
31 00 34 00 91 02 11 02  11 02 11 02 d1 02 11 02
11 02 91 02 51 02 91 02  51 02 91 02 d1 02 d1 02
d1 02 91 02 91 02 51 02  11 02 d1 02 51 02 51 02
91 02 d1 02 11 02 51 02  d1 02 51 02 d1 02 31 00
33 00 32 00 31 00 33 00  11 00 30 00 32 00 30 00
11 00 32 00 32 00 30 00  31 00 11 00 34 00 31 00
11 00 32 00 30 00 33 00  33 00 32 00 33 00 30 00
32 00 30 00 31 00 33 00  33 00 11 00 32 00 33 00
33 00 30 00 33 00 30 00  31 00 30 00 32 00 31 00
33 00 31 00 31 00 11 00  30 00 33 00 11 00 30 00
32 00 31 00 11 00 31 00  33 00 34 00 32 00 32 00
11 00 32 00 31 00 30 00  33 00 34 00 31 00 34 00
33 00 31 00 32 00 30 00  33 00 33 00 33 00 30 00
11 00 30 00 31 00 32 00  30 00 11 00 30 00 33 00
34 00 30 00 32 00 32 00  33 00 34 00 34 00 33 00
31 00 11 00 30 00 32 00  30 00 34 00 32 00 33 00
30 00 30 00 33 00 31 00  33 00 30 00 32 00 34 00
33 00 11 00 31 00 31 00  32 00 34 00 30 00 31 00
11 00 32 00 30 00 31 00  32 00 33 00 32 00 32 00
11 00 30 00 31 00 32 00  32 00 31 00 33 00 34 00
31 00 30 00 31 00 34 00  30 00 32 00 30 00 31 00
32 00 30 00 34 00 34 00  11 00 34 00 32 00 31 00
32 00 31 00 11 00 34 00  33 00 34 00 34 00 32 00
32 00 11 00 34 00 30 00  33 00 33 00 11 00 31 00
31 00 30 00 32 00 32 00  30 00 31 00 34 00 33 00
33 00 33 00 11 00 30 00  33 00 32 00 33 00 34 00
11 00 33 00 34 00 32 00  11 00 33 00 11 00 11 00
32 00 11 00 32 00 32 00  33 00 31 00 32 00 30 00
32 00 33 00 33 00 34 00  33 00 30 00 34 00 11 00
30 00 11 00 32 00 11 00  11 00 31 00 11 00 34 00
32 00 34 00 31 00 11 00  31 00 31 00 30 00 33 00
33 00 34 00 33 00 30 00  32 00 11 00 31 00 32 00
30 00 33 00 34 00 31 00  31 00 30 00 33 00 11 00
31 00 32 00 32 00 32 00  34 00 11 00 11 00 34 00
11 00 32 00 34 00 32 00  11 00 31 00 11 00 34 00
07 00 00 00 14 00 00 00  00 51 00 00 02 00 00 00
00 00 00 00 00 00 00 00  00 00 00 00 00 00 00 00
00 00 00 00 00 00 00 00  00 00 00 00 00 00 00 00
00 00 00 00 00 00 00 00  00 00 00 00 00 00 00 00
00 00 00 00 00 00 00 00  00 00 00 00 00 00 00 00
00 00 00 00 00 00 00 00  00 00 00 00 00 00 00 00
00 00 00 00 00 00 00 00  00 00 00 00 00 00 00 00
00 00 00 00 00 00 00 00  00 00 00 00 00 00 00 00
00 00 00 00 00 00 00 00  00 00 00 00 00 00 00 00
00 00 00 00 00 00 00 00  00 00 00 00 00 00 00 00
00 00 00 00 00 00 00 00  00 00 00 00 00 00 00 00
00 00 00 00 00 00 00 00  00 00 00 00 00 00 00 00
00 00 00 00 00 00 00 00  00 00 00 00 00 00 00 00
00 00 00 00 00 00 00 00  00 00 00 00 00 00 00 00
00 00 00 00 00 00 00 00  00 00 00 00 00 00 00 00
00 00 00 00 00 00 00 00  00 00 00 00 00 00 00 00
00 00 00 00 00 00 00 00  00 00 00 00 00 00 00 00
00 00 00 00 00 00 00 00  00 00 00 00 00 00 00 00
00 00 00 00 00 00 00 00  00 00 00 00 00 00 00 00
00 00 00 00 00 00 00 00  00 00 00 00 00 00 00 00
00 00 00 00 00 00 00 00  00 00 00 00 00 00 00 00
00 00 00 00 00 00 00 00  00 00 00 00 00 00 00 00
00 00 00 00 00 00 00 00  00 00 00 00 00 00 00 00
00 00 00 00 00 00 00 00  00 00 00 00 00 00 00 00
00 00 00 00 00 00 00 00  00 00 00 00 00 00 00 00
00 00 00 00 00 00 00 00  00 00 00 00 00 00 00 00
00 00 00 00 00 00 00 00  00 00 00 00 00 00 00 00
00 00 00 00 00 00 00 00  00 00 00 00 00 00 00 00
00 00 00 00 00 00 00 00  00 00 00 00 00 00 00 00
00 00 00 00 00 00 00 00  00 00 00 00 00 00 00 00
00 00 00 00 00 00 00 00  00 00 00 00 00 00 00 00
00 00 00 00 00 00 00 00  00 00 00 00 00 00 00 00
00 00 00 00 00 00 00 00  00 00 00 00 00 00 00 00
00 00 00 00 00 00 00 00  00 00 00 00 00 00 00 00
00 00 00 00 00 00 00 00  00 00 00 00 00 00 00 00
00 00 00 00 00 00 00 00  00 00 00 00 00 00 00 00
00 00 00 00 00 00 00 00  00 00 00 00 00 00 00 00
00 00 00 00 00 00 00 00  00 00 00 00 00 00 00 00
00 00 00 00 00 00 00 00  00 00 00 00 00 00 00 00
00 00 00 00 00 00 00 00  00 00 00 00 00 00 00 00
00 00 00 00 00 00 00 00  00 00 00 00 00 00 00 00
00 00 00 00 00 00 00 00  00 00 00 00 00 00 00 00
00 00 00 00 00 00 00 00  00 00 00 00 00 00 00 00
00 00 00 00 00 00 00 00  00 00 00 00 00 00 00 00
00 00 00 00 00 00 00 00  00 00 00 00 00 00 00 00
00 00 00 00 00 00 00 00  00 00 00 00 00 00 00 00
00 00 00 00 00 00 00 00  00 00 00 00 00 00 00 00
00 00 00 00 00 00 00 00  00 00 00 00 00 00 00 00
00 00 00 00 00 00 00 00  00 00 00 00 00 00 00 00
00 00 00 00 00 00 00 00  00 00 00 00 00 00 00 00
00 00 00 00 00 00 00 00  00 00 00 00 00 00 00 00
00 00 00 00 00 00 00 00  00 00 00 00 00 00 00 00
00 00 00 00 00 00 00 00  00 00 00 00 00 00 00 00
00 00 00 00 00 00 00 00  00 00 00 00 00 00 00 00
00 00 00 00 00 00 00 00  00 00 00 00 00 00 00 00
00 00 00 00 00 00 00 00  00 00 00 00 00 00 00 00
00 00 00 00 00 00 00 00  00 00 00 00 00 00 00 00
00 00 00 00 00 00 00 00  00 00 00 00 00 00 00 00
00 00 00 00 00 00 00 00  00 00 00 00 00 00 00 00
00 00 00 00 00 00 00 00  00 00 00 00 00 00 00 00
00 00 00 00 00 00 00 00  00 00 00 00 00 00 00 00
00 00 00 00 00 00 00 00  06 00 00 00 00 00 00 00
00 00 00 00 00 00 00 00  00 00 00 00 00 00 00 00
00 00 00 00 00 00 00 00  00 00 00 00 00 00 00 00
00 00 00 00 00 00 00 00  00 00 00 00 00 00 00 00
00 00 00 00 00 00 00 00  00 00 00 00 00 00 00 00
00 00 00 00 00 00 00 00  00 00 00 00 00 00 00 00
00 00 00 00 00 00 00 00  00 00 00 00 00 00 00 00
00 00 00 00 00 00 00 00  07 03 00 00 00 00 00 00
0a 00 00 00 00 00 00 02  04 02 00 00 00 00 00 00
00 00 00 00 00 06 00 1d  25 00 00 00 00 00 00 00
00 00 00 05 08 05 00 00  00 00 00 05 08 05 00 00
00 00 00 00 00 00 00 00  00 00 00 00 00 00 00 00
00 00 00 00 00 00 00 00  00 00 00 00 00 00 00 00
00 00 00 00 00 00 00 00  00 00 00 00 00 00 00 00
00 00 00 00 00 00 00 00  00 00 00 00 00 00 00 00
05 0b 01 00 05 03 00 03  05 00 04 05 06 12 10 14
10 14 19 09 16 15 14 16  22 22 0d 1c 19 1a 0d 11
29 14 0c 11 05 00 03 05  06 05 03 03 04 00 01 00
00 02 0d 0f 14 25 05 3c  36 18 01 01 00 00 05 05
08 08 08 09 0c 09 00 00  00 01 00 08 0c 08 00 02
04 03 02 00 05 00 00 00  03 00 01 00 00 00 00 00
00 00 00 00 00 00 00 00  00 00 00 00 00 00 00 00
00 00 00 00 00 00 00 00  00 00 00 00 00 00 00 00
00 00 00 00 00 00 00 00  00 00 00 00 00 00 13 0f
17 09 00 06 0b 0c 06 01  03 00 00 02 00 31 25 30
1d 0c 1f 1f 1b 11 18 09  2d 2a 25 1c 12 04 09 30
48 12 10 24 01 02 04 03  05 06 05 02 01 01 03 02
00 13 27 1f 1b 0b 12 30  2e 28 20 02 06 00 00 08
0c 0a 0c 0a 09 05 00 01  01 05 00 05 08 05 00 04
05 04 02 00 01 05 05 00  04 05 00 02 00 00 00 00
00 00 00 00 00 00 00 00  00 00 00 00 00 00 00 00
00 00 00 00 00 09 10 12  12 12 11 0d 00 00 00 00
00 00 08 0d 0e 07 00 00  00 00 00 00 00 15 0c 09
01 00 00 09 0e 0e 09 03  00 00 00 04 05 0b 27 34
2e 1f 17 23 10 22 10 17  13 0a 26 23 0e 1c 11 18
14 23 1e 21 1a 00 00 01  02 05 06 04 03 03 05 00
02 32 3d 29 24 1b 1f 27  23 40 36 00 04 03 01 06
08 08 08 08 00 00 05 09  07 05 0a 0a 05 02 03 03
05 03 00 04 00 04 02 02  00 04 00 05 00 00 00 00
00 00 00 00 00 00 00 00  00 00 00 00 00 00 00 00
00 00 02 0f 15 16 10 13  13 13 11 05 05 00 00 00
04 11 14 0b 0b 0a 00 00  00 00 00 0c 13 19 08 03
03 00 00 06 0b 0b 06 01  00 00 00 08 02 08 04 03
13 32 35 2e 1d 24 2b 1d  1c 1d 28 1e 2a 28 2f 1e
25 1d 36 40 31 00 05 02  00 02 04 02 04 00 05 0d
1a 41 44 3c 38 24 33 26  2c 21 46 15 00 05 00 00
01 00 00 01 00 04 08 0c  09 08 0c 0c 0b 06 05 04
04 03 02 00 00 00 00 01  01 00 04 02 00 00 00 00
00 00 00 00 00 00 00 00  00 00 00 00 00 00 00 00
00 0b 17 0d 0c 07 09 16  11 13 11 00 05 0c 0c 0c
0d 00 00 02 02 0e 07 00  00 00 10 08 15 08 06 04
00 06 09 06 00 05 00 00  02 03 00 00 00 03 02 03
09 09 04 0b 0a 0f 3a 2b  30 34 24 31 3a 39 21 23
30 37 44 20 24 1a 10 05  01 03 00 00 00 00 03 2c
36 4c 45 07 09 03 01 45  31 33 3b 30 03 0b 00 00
00 00 00 02 01 02 05 09  05 05 09 0b 0c 09 03 03
03 00 00 02 05 00 00 00  00 05 01 03 00 00 00 00
00 00 00 00 00 00 00 00  00 00 00 00 00 00 00 0a
0b 18 07 0d 15 0b 10 06  10 11 0c 03 06 03 07 0c
06 02 00 05 00 05 07 06  00 0d 0d 0d 05 03 00 00
00 09 0e 0a 00 00 02 03  00 00 03 00 05 01 03 00
05 07 08 0b 04 0c 0c 12  49 35 3e 3d 44 36 38 42
46 45 3e 35 2d 22 20 15  03 00 00 00 00 00 05 47
40 04 02 02 01 06 03 02  06 02 26 41 1b 00 05 00
04 03 0a 00 04 01 04 01  00 05 01 06 09 06 00 04
00 04 00 02 00 00 00 05  00 02 00 02 00 00 00 00
00 00 00 00 00 00 00 00  00 00 00 00 00 00 00 10
00 09 0a 12 07 05 03 06  04 00 01 03 0c 04 01 03
00 0b 02 03 01 05 08 07  08 0a 07 00 00 03 00 00
02 06 09 07 00 00 00 01  00 00 02 01 00 00 00 07
0e 0e 0b 03 00 0b 10 0c  12 12 20 14 43 3a 35 30
22 1f 3a 44 1e 22 33 2f  05 00 01 00 00 04 00 00
00 04 00 01 03 04 04 04  00 04 05 30 2d 04 0a 03
00 05 04 02 09 09 09 00  00 02 00 00 01 00 03 00
00 05 00 04 0e 0d 09 00  00 02 00 04 00 00 00 00
00 00 00 00 00 00 00 00  00 00 00 00 00 00 00 0b
0a 03 0b 10 06 07 04 00  09 0c 07 00 00 03 00 00
09 03 05 06 00 04 00 00  01 00 00 00 00 00 05 00
09 0e 09 00 03 03 00 02  01 04 00 00 03 00 02 0b
10 10 0e 00 07 0d 0d 0a  0b 07 03 0c 45 53 52 47
41 2a 3c 50 31 31 2c 2a  04 00 00 00 00 05 05 03
04 00 04 00 06 07 06 01  00 00 07 06 05 08 04 00
00 00 01 05 28 28 0a 05  04 00 04 04 00 00 00 04
05 0c 00 1a 15 27 28 01  01 00 04 04 00 00 00 00
00 00 00 00 00 00 00 00  00 00 00 00 00 00 0e 10
09 18 0f 0d 0d 0b 01 02  08 11 0f 09 01 03 04 03
03 06 08 06 00 00 03 00  00 00 00 0b 07 02 00 00
0e 15 0f 00 05 09 0f 09  00 00 00 01 04 00 07 0d
0f 0f 0c 07 0e 10 0c 0b  10 0e 07 03 03 04 0a 3d
46 33 26 29 29 42 3a 3a  03 03 00 00 00 04 07 05
02 00 00 05 05 04 03 00  00 00 06 07 06 00 04 00
00 01 05 17 37 32 1e 06  02 00 00 00 00 0a 04 00
1e 26 18 34 2e 3d 36 1f  06 05 02 01 00 00 00 00
00 00 00 00 00 00 00 00  00 00 00 00 00 00 0b 12
10 12 0d 08 03 00 02 04  04 0e 11 0b 05 09 05 04
03 07 08 06 00 00 00 00  02 00 00 1a 1d 06 00 0b
12 13 0e 00 00 0e 15 0e  00 07 0b 07 00 05 0b 10
0e 10 0b 0b 10 0e 07 07  0e 10 0b 03 00 01 05 12
3b 3e 45 42 3e 35 3e 11  00 00 00 05 03 04 06 03
04 06 04 00 00 00 00 00  00 00 05 06 05 00 00 00
02 00 04 35 3e 4f 3b 0a  04 00 03 03 00 1a 18 04
2c 39 2a 48 39 50 2e 36  21 24 1e 00 00 00 00 00
00 00 00 00 00 00 00 00  00 00 00 00 00 00 13 14
00 00 00 0a 06 11 1c 12  02 08 0b 0c 01 03 05 03
05 08 07 03 02 05 00 00  04 00 0b 2e 33 22 00 10
15 15 10 04 00 09 0e 0a  01 0f 13 0f 00 0a 10 11
11 10 0d 0a 0c 0d 0e 0c  0d 0d 07 02 00 00 00 03
10 35 25 2b 2a 3b 2c 12  05 00 00 00 00 00 00 01
06 07 06 05 03 05 05 00  00 00 00 04 03 05 05 01
00 00 02 04 40 3f 04 01  00 00 04 03 01 39 2e 23
39 4b 49 4b 4c 54 43 38  37 3a 31 00 00 00 00 00
00 00 00 00 00 00 00 00  00 00 00 00 00 00 00 00
00 00 00 0e 0c 1b 27 1c  03 09 00 00 04 04 03 00
03 05 06 04 02 00 02 00  00 11 23 40 43 33 00 0a
12 11 09 0e 13 12 0d 0b  00 10 15 10 0e 14 15 13
15 12 10 0c 04 0f 10 0f  10 0b 04 07 0b 07 03 02
00 00 1b 4a 49 45 47 23  24 09 01 00 00 00 00 00
04 06 07 04 04 07 06 00  03 04 04 04 04 07 04 03
00 00 00 07 18 00 04 00  00 04 00 00 00 05 23 39
36 3c 4c 4f 67 65 5b 47  43 57 4e 19 00 00 00 00
00 00 00 00 00 00 00 00  00 00 00 00 00 00 00 00
00 00 0e 0a 09 12 1c 10  08 02 03 00 04 01 00 00
00 00 00 02 02 00 00 01  11 30 42 05 00 00 01 00
0c 0e 0b 13 15 15 15 0e  01 09 0f 0b 14 15 15 13
11 10 0d 07 00 0e 10 0e  0b 07 02 0c 10 0b 02 00
01 00 2d 55 5c 53 53 3a  3d 1b 04 00 00 02 00 00
01 03 04 03 03 04 03 00  04 07 04 00 03 06 03 03
05 05 05 0d 09 07 09 09  01 00 02 05 00 00 3e 49
48 58 57 5e 7b 6d 48 56  49 49 37 36 00 00 00 00
00 00 00 00 00 00 00 00  00 00 00 00 00 00 00 0a
0c 12 07 02 0f 17 1e 14  06 07 00 05 03 00 01 00
00 04 00 01 00 19 17 1d  30 3a 00 01 00 01 00 00
10 15 0e 0e 13 15 13 05  04 00 00 04 13 15 14 09
0b 10 0d 0b 0c 0f 10 0d  0c 0f 0d 0d 0f 0c 00 00
00 00 18 45 63 5d 48 3e  58 17 03 00 05 00 01 00
04 00 02 01 01 02 00 00  03 04 03 00 03 00 01 05
07 07 04 05 11 14 12 11  08 00 00 05 00 01 08 0b
04 14 4a 57 5a 63 57 56  5a 03 02 00 00 00 00 00
00 00 00 00 00 00 00 00  00 00 00 00 00 00 00 11
08 04 06 10 13 21 27 20  00 00 00 00 04 03 01 00
00 02 00 05 04 2a 34 25  02 05 00 02 04 00 00 01
09 0e 09 0c 15 14 0c 12  08 04 03 09 12 13 0e 00
07 0b 0d 10 0f 10 0f 0b  0f 10 0f 0e 10 0e 00 00
00 07 36 43 56 32 3b 38  2d 21 1c 04 00 00 00 00
00 00 00 00 00 00 00 05  00 05 00 00 03 01 00 03
05 05 03 0e 0d 00 00 12  0c 0b 09 04 03 00 04 04
04 0e 53 50 23 5d 53 32  2f 08 04 03 00 00 00 00
00 00 00 00 00 00 00 00  00 00 00 00 00 00 10 12
0b 15 00 0e 14 1c 21 1a  00 03 02 02 00 04 00 01
01 04 03 04 20 2c 28 02  00 00 00 02 03 00 00 00
03 0a 11 15 1c 19 0b 12  14 02 01 11 15 13 0e 09
00 00 07 0d 11 13 12 0d  0e 0f 10 0e 0e 0a 00 02
00 22 3e 49 43 4f 44 40  34 2c 23 00 05 02 00 01
08 0b 07 00 00 00 00 00  00 01 01 05 00 02 00 04
00 02 09 0f 11 00 00 15  0f 0c 0a 01 05 01 00 00
1a 05 14 09 13 0c 23 29  27 0b 01 00 00 00 00 00
00 00 00 00 00 00 00 00  00 00 00 00 00 00 15 15
0b 08 05 13 16 13 0e 09  00 00 03 00 03 00 00 04
02 00 03 11 20 30 27 1b  00 00 05 05 00 00 01 04
01 0e 15 15 13 0f 11 11  12 0e 09 12 15 13 15 11
0e 09 01 0b 14 15 13 0e  10 0e 0b 09 00 00 00 00
12 3c 47 53 4d 4f 29 22  18 2d 25 05 00 01 00 00
0b 10 0b 00 00 00 03 00  05 02 00 13 05 01 01 00
00 00 0d 0d 16 0d 00 00  18 12 0a 05 0e 00 02 00
04 03 02 07 06 07 02 00  02 00 04 04 00 00 00 00
00 00 00 00 00 00 00 00  00 00 00 00 00 00 17 0e
04 09 00 0e 13 0e 05 04  00 02 04 03 00 00 00 00
00 05 03 2a 35 3b 38 2e  01 02 00 00 00 02 04 00
04 0e 12 12 0f 12 15 14  15 14 13 11 10 11 12 12
15 0e 03 07 13 15 12 0e  10 0d 04 00 01 04 00 00
00 04 1f 3f 4e 4c 31 36  29 35 36 14 00 00 00 00
07 0c 07 00 00 00 00 02  00 00 00 25 24 04 04 00
00 02 0d 10 11 0d 00 00  11 16 13 00 03 05 00 00
02 00 00 05 00 01 00 00  00 00 05 00 00 00 00 00
00 00 00 00 00 00 00 00  00 00 00 00 00 00 09 0e
0f 11 0f 12 0b 00 01 05  00 03 00 00 03 01 04 02
00 00 01 06 3d 42 04 00  04 05 00 00 00 00 07 0a
09 0b 0b 0a 05 0d 11 10  13 15 15 14 11 11 15 13
13 12 09 00 0b 0e 10 10  0f 08 03 05 00 01 00 00
02 13 2c 49 34 44 3f 3a  3b 33 2a 22 05 05 00 00
07 0b 09 00 00 01 00 01  00 03 00 30 3b 14 00 00
00 00 0d 13 0b 0a 17 16  14 08 05 03 05 00 00 00
01 00 00 00 00 00 00 00  02 00 00 02 00 00 00 00
00 00 00 00 00 00 00 00  00 00 00 00 00 00 00 0b
15 16 0f 11 07 00 03 0e  05 03 03 04 01 04 00 05
00 00 15 1c 4c 36 00 01  02 00 02 00 04 09 0a 0b
0b 0a 08 10 14 16 0e 15  13 14 14 15 14 0f 11 12
15 15 0e 00 09 10 10 10  0d 04 00 00 05 02 00 00
00 27 37 3a 1d 37 48 48  48 47 3d 32 00 07 0b 09
0b 10 0b 00 00 01 00 01  00 00 05 02 4a 2d 0e 00
00 01 08 0d 08 00 02 03  04 04 00 02 00 00 00 00
00 05 02 00 02 08 0d 08  00 05 03 00 00 00 00 00
00 00 00 00 00 00 00 00  00 00 00 00 00 00 00 00
15 16 11 11 0c 05 0b 0f  09 00 05 00 01 05 00 05
00 00 2f 3a 4a 2a 14 00  00 02 02 03 08 0b 0b 0a
08 14 12 11 00 00 00 00  00 00 13 14 11 16 10 0e
13 11 09 02 0e 15 11 0c  07 05 00 00 00 03 01 03
11 39 3c 31 32 49 59 4d  34 48 36 08 0b 0d 10 0b
07 0b 07 07 0b 09 00 00  00 02 01 00 00 2f 2c 13
00 00 00 04 04 05 04 00  03 00 00 01 05 08 0d 08
00 00 08 0e 08 0d 13 0d  01 00 00 00 00 00 00 00
00 00 00 00 00 00 00 00  00 00 00 00 00 00 00 00
15 16 15 03 00 0c 15 17  10 00 05 00 00 00 00 05
04 02 00 47 52 3e 2c 05  00 00 03 04 0a 0b 09 17
15 17 00 00 00 00 00 00  00 00 00 00 14 0f 0b 0b
0a 00 03 00 09 0e 0c 00  03 02 00 03 03 05 00 18
2d 38 38 32 3c 63 56 51  44 49 38 0b 10 0d 0b 09
00 00 01 0b 10 0b 02 00  00 01 03 02 00 04 3e 2d
0c 03 04 04 03 00 04 0a  0d 0b 04 05 00 0f 13 0f
00 05 0e 13 0d 07 0d 09  02 00 04 00 00 00 00 00
00 00 00 00 00 00 00 00  00 00 00 00 00 00 00 00
1d 15 13 03 00 12 17 15  0a 00 05 01 02 00 00 00
00 03 0d 3a 38 00 00 04  03 00 05 09 0b 09 10 12
00 00 00 00 00 00 00 00  00 00 00 00 00 00 11 1a
0a 04 03 03 00 02 00 00  05 04 00 00 01 0d 1e 23
30 2a 22 2d 44 5f 67 5c  42 41 00 09 0b 09 00 04
00 01 00 08 0b 0b 0b 07  05 00 00 03 03 03 1b 43
0e 02 00 04 01 04 08 11  13 0d 00 00 00 12 15 13
0f 09 0a 0d 06 0c 1b 0b  02 00 00 03 00 00 00 00
00 00 00 00 00 00 00 00  00 00 00 00 00 00 00 10
13 16 0b 08 06 0e 11 0b  00 00 02 00 02 00 01 05
00 00 0d 30 3b 17 04 00  00 00 00 09 0b 08 08 00
00 00 00 00 00 00 00 00  00 00 00 00 00 00 12 0b
0a 04 01 00 00 02 03 02  00 00 03 00 04 00 2a 37
30 33 32 3c 4e 58 4a 40  29 03 00 03 01 01 04 00
00 07 0b 07 05 0b 10 0c  00 00 00 04 05 00 00 06
00 01 03 00 01 06 0c 13  11 0b 05 01 11 15 16 14
16 14 12 08 0a 13 10 10  12 09 08 03 00 00 00 00
00 00 00 00 00 00 00 00  00 00 00 00 00 00 00 0f
17 12 10 07 06 02 00 02  03 01 00 00 04 00 02 03
00 00 00 00 35 30 1f 1e  02 00 00 0a 0b 0e 05 00
00 00 00 00 00 00 00 00  00 00 00 00 00 06 11 12
09 01 05 05 02 00 00 00  00 00 04 00 02 00 00 38
39 30 3c 47 52 55 55 56  37 04 04 00 01 00 00 00
05 0b 10 0b 01 08 0c 07  00 02 03 03 00 00 00 00
05 00 03 05 00 00 0a 0d  08 00 02 00 15 16 15 0d
13 16 16 14 10 11 16 16  16 0d 0a 00 00 00 00 00
00 00 00 00 00 00 00 00  00 00 00 00 00 00 00 1a
19 12 14 0a 03 03 02 04  00 00 00 00 00 00 00 00
00 00 00 00 18 2e 3e 2f  00 05 00 08 0a 0b 0a 0a
0a 04 00 00 00 00 00 00  00 00 0d 11 11 0b 0a 0b
0a 00 00 05 04 00 03 00  00 02 00 01 00 04 00 19
3c 44 4c 40 54 55 4d 3e  23 00 00 05 00 02 00 00
00 09 0b 07 04 07 0b 08  00 00 00 07 0b 07 00 07
0b 08 00 05 03 0e 16 16  10 0d 0e 12 14 15 0d 10
11 12 16 1c 16 15 13 11  11 0a 0c 04 00 00 00 00
00 00 00 00 00 00 00 00  00 00 00 00 00 00 0d 0e
0b 0e 16 11 0c 07 02 05  03 03 00 00 00 01 05 05
00 05 00 16 2b 36 0e 12  00 00 05 00 09 0b 0b 0b
1c 15 00 00 00 00 07 0e  12 15 0c 0b 0b 0a 0b 0a
09 04 00 00 00 03 00 04  00 00 00 00 00 00 03 04
2a 39 43 59 5a 5b 51 5c  36 03 05 00 04 02 00 00
02 00 04 00 03 0b 10 0b  00 00 03 0b 10 0b 00 0b
10 0c 02 03 01 13 1b 1b  17 13 13 16 16 0d 15 11
0f 12 0f 15 16 16 1b 1b  19 0c 06 16 00 00 00 00
00 00 00 00 00 00 00 00  00 00 00 00 00 00 11 11
10 0f 14 12 12 10 07 03  00 00 00 03 00 01 00 00
00 02 05 2e 33 04 02 02  05 04 02 01 07 09 0a 0a
0b 0a 0a 0a 0e 0c 0e 0f  0b 0b 0b 0b 0c 0d 0c 08
04 0a 0e 0a 00 00 00 04  07 0b 07 02 00 00 00 00
0e 58 5e 76 4d 46 3c 33  21 03 05 05 00 02 00 00
02 01 00 07 0c 0a 0c 07  00 00 01 09 0c 07 01 07
0b 07 04 05 00 0e 18 19  14 0e 13 15 12 0f 0d 00
00 0e 11 0c 11 10 13 12  0a 0b 0b 0b 00 00 00 00
00 00 00 00 00 00 00 00  00 00 00 00 00 00 10 19
14 13 16 17 10 12 13 0e  12 01 00 02 00 00 00 03
00 00 00 05 00 00 05 00  00 02 00 00 03 03 02 0a
0b 0f 13 17 13 0a 0b 0f  11 10 0d 09 0c 10 0c 00
05 0e 10 0e 00 04 00 00  0b 10 0c 01 00 00 00 00
05 3c 4f 6e 5e 4f 51 45  01 03 05 00 01 00 03 05
00 00 00 0b 10 0b 01 00  00 00 03 00 00 00 02 00
00 00 00 00 00 00 14 1b  1a 14 15 16 13 0c 15 00
00 00 00 10 15 14 11 00  05 0d 1b 0f 00 00 00 00
00 00 00 00 00 00 00 00  00 00 00 00 00 00 00 0b
0f 12 14 12 0f 15 0d 00  0f 0f 11 00 02 00 04 00
01 00 00 04 00 01 00 04  00 02 03 07 0c 08 00 09
0a 0a 09 0b 06 02 0a 11  12 12 0f 00 07 0b 09 08
0b 0c 0e 0a 03 02 00 00  07 0c 09 04 00 03 00 01
22 33 50 5d 6a 51 39 31  0e 05 00 00 05 00 00 01
00 04 00 07 0d 0d 09 00  00 00 00 04 00 00 00 02
01 03 0b 05 04 18 1c 18  16 1d 1a 17 18 12 00 00
00 00 00 00 20 00 00 00  00 17 24 08 00 00 00 00
00 00 00 00 00 00 00 00  00 00 00 00 00 00 00 00
11 14 0f 10 14 14 00 00  0f 10 08 05 00 00 05 05
09 09 05 02 00 00 00 00  00 07 0e 10 12 0f 0d 09
00 00 02 0a 0d 07 0c 12  11 10 07 00 05 01 00 0c
10 0b 04 00 04 0a 03 00  07 0c 09 00 00 00 00 1f
3e 49 4e 70 5c 49 30 00  04 01 00 00 00 00 08 0b
07 00 00 00 0c 10 0b 00  00 00 00 00 00 00 00 00
05 1c 22 03 01 01 07 0f  12 15 1a 17 19 14 00 00
00 00 00 00 00 00 00 00  11 15 1b 12 00 00 00 00
00 00 00 00 00 00 00 00  00 00 00 00 00 00 00 00
00 00 14 14 07 00 00 0c  0f 0e 14 06 0a 10 0c 08
0c 0c 0c 0b 0d 03 0a 02  00 0d 12 12 10 0e 12 0d
00 00 00 0c 12 10 0b 0c  0a 05 00 00 00 00 0b 16
14 0e 0f 0a 07 0a 07 0b  0d 10 0b 00 00 04 00 25
3e 25 5a 32 32 4a 26 04  00 00 00 04 04 08 0d 10
0b 00 00 00 08 0b 07 00  00 05 00 04 08 08 02 08
10 32 37 05 00 02 0e 10  0f 1b 15 1c 17 00 00 00
00 00 00 00 00 00 00 00  0e 1d 17 14 00 00 00 00
00 00 00 00 00 00 00 00  00 00 00 00 00 00 00 00
00 00 00 00 00 00 00 00  0e 0d 0b 10 00 10 0e 03
0f 07 00 00 0b 03 02 00  02 0a 0e 0f 07 07 0d 08
00 00 00 0f 11 12 0d 07  0b 07 00 00 06 04 15 1b
18 14 18 13 0a 1c 0d 10  0d 0b 07 05 00 01 02 31
36 34 43 3f 2b 37 38 00  00 00 00 00 07 0b 0a 0c
07 00 00 04 00 04 05 00  00 00 03 08 11 16 20 23
2e 34 00 03 00 02 0f 10  0d 19 1c 00 00 00 00 00
00 00 00 00 00 00 00 00  00 0f 0e 0d 00 00 00 00
00 00 00 00 00 00 00 00  00 00 00 00 00 00 00 00
00 00 00 00 00 00 00 00  00 00 00 00 0b 07 0d 0a
00 00 00 00 07 0b 01 00  00 00 00 00 01 00 00 00
00 00 00 11 12 11 0a 0b  10 0e 07 00 00 09 14 18
14 18 1b 19 0e 10 0d 0c  08 05 00 00 00 00 0e 35
28 35 48 35 37 2f 32 00  00 03 00 00 04 07 04 04
04 07 07 07 05 05 00 00  00 03 0d 12 1a 2b 3e 41
3b 19 02 05 00 02 0e 10  0d 0b 00 00 00 00 00 00
00 00 00 00 00 00 00 00  00 00 00 00 00 00 00 00
00 00 00 00 00 00 00 00  00 00 00 00 00 00 00 00
00 00 0b 0f 0f 13 05 00  00 00 00 00 00 00 00 00
00 00 03 11 09 0a 02 00  00 00 02 09 09 03 00 00
04 01 00 0f 11 0e 00 07  0e 10 0b 02 00 0b 10 10
10 18 1b 1b 0b 0b 07 00  00 00 05 00 00 02 00 01
00 45 49 54 2f 4a 42 00  00 05 00 05 00 02 00 03
08 0b 0a 0b 09 00 00 04  00 0b 14 1d 19 44 4d 4b
3b 24 05 00 00 00 0e 10  0c 0f 00 00 00 00 00 00
00 00 00 00 00 00 00 00  00 00 00 00 00 00 00 00
00 00 00 00 00 00 00 00  00 00 00 00 00 00 00 00
0b 18 15 16 1a 16 1f 07  00 00 00 00 00 00 00 00
00 0b 0c 06 06 04 00 00  01 04 03 16 26 1b 00 00
00 03 00 04 00 00 03 02  07 0b 07 00 00 07 0b 0a
0f 15 17 14 07 00 00 00  01 01 03 05 04 00 00 04
00 15 40 43 44 30 04 00  00 00 00 00 00 00 01 00
07 07 09 0b 09 00 00 00  03 05 10 21 29 48 53 40
44 32 00 01 00 00 0a 0d  08 09 0b 07 01 00 00 00
00 00 00 00 00 00 00 00  00 00 00 00 00 00 00 00
00 00 00 00 00 00 00 00  00 00 00 00 00 00 08 08
0a 0e 0e 14 17 14 00 12  12 10 0d 03 06 08 17 18
0e 12 03 07 09 06 02 00  01 04 02 2c 3a 29 05 03
00 00 00 00 08 0b 07 07  0e 0e 0a 00 00 05 00 00
09 0e 10 10 0b 00 00 02  08 00 00 00 00 01 02 08
19 31 43 5b 50 35 03 03  01 00 02 04 07 04 04 00
00 00 04 08 05 00 05 03  03 07 0f 19 33 4b 67 46
46 31 00 0c 02 04 05 08  09 09 0b 0c 0e 0e 0d 0d
00 00 00 00 00 00 00 00  00 00 00 00 00 00 00 00
00 00 00 00 00 00 00 00  00 00 00 00 00 00 12 15
10 13 0d 17 18 17 00 0e  02 00 09 19 1b 18 00 02
03 00 00 06 08 07 00 04  00 04 00 37 2c 00 03 00
00 00 00 00 0c 10 0b 0b  10 10 0e 02 05 01 02 05
00 0b 0f 0e 07 00 00 00  05 00 00 03 00 00 06 1d
33 4c 4f 50 4e 3b 02 03  00 00 02 07 0b 07 00 01
00 00 04 07 04 00 00 00  00 02 09 09 15 5e 62 3e
2b 28 1e 1f 10 08 01 00  06 02 0a 07 0f 0f 0f 0d
0e 10 0f 00 00 00 00 00  00 07 0e 15 0a 00 00 00
00 00 00 00 00 00 00 00  00 00 00 00 00 00 11 0f
0b 0f 0d 14 15 12 00 02  03 05 08 09 09 07 03 07
03 01 00 06 09 07 02 02  00 04 0b 3b 2d 00 04 00
00 00 03 00 07 0b 09 08  0e 0e 0a 00 00 00 00 03
01 0e 10 0e 02 00 09 0b  07 03 05 00 05 16 19 32
43 5a 59 65 45 45 00 00  00 00 02 06 08 04 01 00
00 03 09 0b 09 07 04 00  00 00 03 04 00 04 3e 49
3f 28 3d 3e 2d 1e 11 00  00 00 07 0c 0e 0e 0e 0f
10 0f 0f 0c 0e 0a 00 00  06 19 12 10 0e 00 00 00
00 00 00 00 00 00 00 00  00 00 00 00 00 0b 0b 0e
0f 09 09 09 09 0c 0a 09  07 06 09 08 07 06 06 09
06 00 04 03 06 04 00 0a  0b 14 23 2e 32 05 00 00
00 00 00 00 00 00 07 0b  08 03 07 0b 07 00 00 00
08 0e 0e 0c 00 04 0c 10  0b 00 02 00 00 24 37 3e
5f 66 3b 49 4d 02 02 02  03 07 07 05 00 04 02 03
00 00 08 0b 0a 0b 07 01  00 03 03 04 03 0a 25 4d
49 3e 48 4d 4c 3c 26 17  00 03 02 00 00 00 03 0c
0e 0c 0d 0b 0d 0f 0e 0f  0d 0f 10 0f 0a 00 00 00
00 00 00 00 00 00 00 00  00 00 00 00 00 0e 0d 0b
03 00 00 00 0c 0d 09 09  09 03 06 07 08 05 06 06
03 00 00 00 00 05 0d 0e  12 30 3a 31 00 00 05 00
04 00 04 00 00 00 0b 10  0b 03 0b 10 0b 03 00 00
0d 10 0d 03 00 05 07 0b  09 00 00 00 00 39 45 4e
45 60 4f 53 54 00 00 02  05 07 0b 08 00 00 00 00
00 04 06 07 08 09 04 03  00 00 00 00 00 18 40 4f
52 57 58 38 38 3a 3d 21  18 13 00 00 00 03 01 01
06 09 0a 0a 0b 0f 10 10  10 10 10 0f 00 00 00 00
00 00 00 00 00 00 00 00  00 00 00 00 00 0b 0a 0a
00 05 01 00 09 0b 09 09  08 00 00 08 09 08 05 00
00 00 00 0c 0d 0c 2b 29  2b 3e 38 25 00 00 03 00
00 00 00 00 04 00 09 0b  07 00 07 0b 08 05 00 00
0d 10 0d 00 04 00 00 02  00 03 04 05 00 2e 4a 47
63 49 43 3d 12 00 00 00  00 04 07 05 02 00 00 04
00 00 03 03 00 00 05 00  00 02 02 00 04 05 04 09
3e 51 39 54 4d 59 42 21  32 2a 03 03 00 00 00 00
09 0a 09 09 08 0d 0e 0f  0e 0e 0d 09 00 00 00 00
00 00 00 00 00 00 00 00  00 00 00 00 00 0c 0b 0a
01 05 00 00 00 00 03 06  03 00 00 07 08 05 00 00
00 02 04 2a 22 29 40 46  32 30 32 31 02 05 00 04
01 00 01 00 05 02 00 00  02 00 00 00 04 00 02 04
07 0c 09 03 00 00 04 04  04 00 04 00 01 01 40 2f
3f 40 44 3f 1b 00 00 03  00 00 04 02 05 00 04 08
07 04 08 07 00 00 00 00  03 00 04 08 07 00 02 09
44 3e 4d 44 50 49 40 26  29 00 02 00 00 04 00 07
09 09 08 0a 08 00 04 05  00 02 00 03 00 00 00 00
00 00 00 00 00 00 00 00  00 00 00 00 00 0d 08 0a
04 00 07 0a 05 02 05 00  01 00 05 00 00 02 03 05
00 00 16 3e 41 42 2a 37  37 34 02 00 00 03 00 00
00 01 00 00 00 05 00 00  00 03 02 00 00 00 01 00
00 00 00 00 02 00 02 01  00 00 05 00 00 15 4e 43
50 52 54 4c 0c 00 00 05  05 00 00 01 00 04 07 0b
07 09 0b 09 04 00 05 01  03 00 07 0b 08 00 00 10
49 49 4b 5a 69 3b 3f 45  39 00 00 00 00 02 02 09
0a 09 09 0a 08 01 00 04  00 04 05 02 00 00 00 00
00 00 00 00 00 00 00 00  00 00 00 00 00 0e 10 0b
01 00 0a 0d 0b 00 02 03  00 00 09 00 03 00 00 05
00 0d 2e 23 3a 32 41 35  27 05 00 05 01 01 00 00
04 00 00 01 03 05 00 00  00 00 01 05 02 00 00 00
02 00 04 00 00 04 03 00  03 00 11 10 1b 27 46 4e
59 53 4b 36 00 04 00 03  00 00 00 00 00 00 04 07
05 04 08 04 05 00 00 00  05 00 07 08 04 04 02 00
04 43 5c 67 54 38 3c 44  4c 00 00 00 00 05 07 08
09 09 0a 0a 09 04 00 05  01 00 00 02 00 00 00 00
00 00 00 00 00 00 00 00  00 00 00 00 00 0d 0c 0b
00 00 0a 0d 0a 00 00 00  00 11 23 10 00 08 17 1b
07 2c 39 2c 1f 3e 44 38  01 00 00 00 00 00 03 05
00 00 04 05 02 00 04 00  01 02 04 00 04 00 02 05
00 05 00 01 02 00 00 00  00 04 27 2f 2b 43 50 61
5b 4a 1a 04 00 00 00 00  00 00 00 05 05 02 00 03
05 04 07 05 00 04 00 04  00 05 00 00 00 01 00 01
00 00 05 02 3c 4d 4a 0d  01 04 00 06 07 08 0a 07
03 06 09 09 08 04 00 02  01 00 00 00 00 00 00 00
00 00 00 00 00 00 00 00  00 00 00 00 00 0b 0a 0b
05 00 05 09 05 00 03 05  16 2e 33 1b 12 12 2d 30
20 33 35 3a 35 00 35 34  00 03 05 00 00 07 09 07
04 08 09 08 04 00 00 00  00 00 02 01 04 00 00 02
00 04 00 03 00 04 11 1a  18 1a 3c 4d 3f 44 31 3d
31 3c 00 00 00 04 00 00  09 0d 0d 0d 08 00 00 03
00 07 0b 09 08 04 01 00  01 02 04 07 04 03 04 01
04 00 00 12 0b 0c 08 04  04 07 08 09 0a 08 07 04
02 07 0a 09 0a 07 04 00  05 03 02 00 00 00 00 00
00 00 00 00 00 00 00 00  00 00 00 00 00 0c 10 11
0d 13 19 13 00 00 02 24  28 34 36 2d 2e 23 2d 22
23 2e 31 38 10 00 02 00  00 04 05 00 00 09 0b 0a
08 0b 0b 0b 08 00 00 05  03 00 00 03 00 00 00 00
02 04 00 1a 19 00 27 2d  36 38 2e 24 51 37 3c 42
00 00 00 00 05 00 06 0a  0c 0e 13 12 12 0d 0a 00
04 05 07 09 0b 09 08 04  00 04 09 0b 09 04 00 03
00 03 00 00 02 02 01 06  09 0a 09 0a 09 04 02 03
03 09 0d 09 07 04 00 01  00 03 00 02 00 00 00 00
00 00 00 00 00 00 00 00  00 00 00 00 00 0f 12 12
10 19 1c 19 00 05 00 00  00 29 32 0f 27 25 23 3c
2d 26 42 49 0a 05 01 00  02 05 00 00 00 07 0a 08
08 09 09 09 04 01 01 00  04 00 02 00 03 00 02 04
00 04 10 2f 33 16 2f 49  34 24 39 39 43 3d 00 05
05 02 01 00 09 0c 0c 14  17 13 17 1b 17 0e 0d 0a
09 06 00 04 07 08 0b 07  05 00 09 0b 09 01 03 00
04 00 00 01 04 04 07 08  0a 09 08 07 05 02 02 02
03 06 09 05 00 02 03 00  00 00 00 05 00 00 00 00
00 00 00 00 00 00 00 00  00 00 00 00 00 00 11 12
14 19 1a 14 00 02 00 00  03 01 00 1c 42 30 2d 33
2f 2e 00 0d 00 00 02 00  00 02 07 0a 08 05 04 07
0b 08 00 03 05 00 02 00  01 00 05 00 03 00 00 01
06 10 21 3c 32 31 33 4c  49 27 00 05 00 02 00 02
02 05 00 01 0c 0e 0d 19  1b 1a 17 17 16 19 1a 17
0f 07 0a 06 00 04 09 07  05 00 05 0a 05 00 00 00
02 00 02 00 02 07 0a 08  07 04 04 00 00 06 09 05
00 00 01 00 05 00 00 00  00 02 00 04 00 00 00 00
00 00 00 00 00 00 00 00  00 00 00 00 00 00 12 11
13 1c 17 00 05 01 00 00  03 00 02 00 03 04 0e 2b
2c 02 00 00 01 00 00 00  00 05 09 0b 09 00 00 04
08 04 00 04 07 04 00 00  03 00 02 00 0b 08 01 03
25 2d 2f 4c 46 01 03 04  00 00 05 03 05 01 03 01
00 00 00 00 0b 0d 12 18  20 20 19 1f 1b 1b 1a 13
0f 0d 0e 0b 00 00 03 01  05 09 07 00 04 00 02 00
07 0a 05 05 00 04 07 05  03 01 00 00 00 09 0d 09
05 09 07 05 03 00 00 01  00 00 00 00 00 00 00 00
00 00 00 00 00 00 00 00  00 00 00 00 00 00 0f 10
17 1b 17 15 0d 0a 06 05  00 00 00 03 00 02 00 00
00 05 00 00 05 00 04 07  04 00 07 09 07 04 02 00
01 04 07 08 0b 08 01 00  00 00 05 00 22 21 19 20
36 46 28 42 00 00 02 01  00 00 00 00 02 02 04 00
06 06 06 01 0b 0e 17 1c  19 21 1a 1c 1d 19 1d 11
13 0d 0d 0b 0a 00 00 00  09 0d 09 05 04 02 00 00
09 0d 09 00 03 00 00 00  04 00 00 00 03 05 09 06
09 0d 09 00 05 01 00 05  00 02 00 05 00 00 00 00
00 00 00 00 00 00 00 00  00 00 00 00 00 00 00 11
17 19 17 10 11 15 19 11  02 03 00 00 05 00 00 04
00 00 00 00 05 03 07 0b  08 00 00 00 01 03 00 00
01 07 0b 09 08 04 00 03  00 03 00 09 36 36 33 3f
42 26 04 00 05 00 00 00  04 00 05 01 05 02 03 06
07 09 07 00 0b 0e 13 17  18 1b 1a 1a 1a 18 18 1b
17 0d 0d 0c 00 00 00 03  06 09 05 00 04 00 05 09
08 09 05 02 04 00 00 00  00 00 00 00 00 00 02 03
09 09 05 05 01 00 05 05  04 00 00 05 00 00 00 00
00 00 00 00 00 00 00 00  00 00 00 00 00 00 00 16
16 19 18 14 10 19 20 13  0c 08 00 00 05 00 00 00
03 02 00 00 04 07 08 08  04 05 00 00 00 00 00 00
00 04 07 04 00 00 00 04  00 03 1c 23 3c 4a 47 56
47 3e 00 04 00 00 02 04  00 00 00 01 03 03 06 09
08 09 07 00 06 0d 0e 0c  11 1b 20 1c 1b 1c 19 16
13 0e 0d 11 00 00 04 00  03 00 05 00 00 05 09 0d
09 00 04 00 00 03 09 0c  0b 06 00 00 05 0a 07 02
01 00 00 00 00 00 00 00  00 00 08 09 05 00 00 00
00 00 00 00 00 00 00 00  00 00 00 00 00 00 00 14
12 17 19 18 19 1b 14 10  11 0e 0b 0e 0d 0d 01 00
00 00 00 00 07 0b 07 04  04 00 00 03 01 00 03 04
02 01 05 05 00 01 04 00  04 00 28 35 41 4f 53 3a
00 00 04 00 00 02 00 05  00 02 03 06 06 00 03 06
07 08 07 03 03 0b 0e 09  0f 1b 1c 20 1e 17 18 12
0a 10 0d 00 03 00 00 03  01 05 00 00 04 00 07 09
05 00 00 00 00 01 0c 0d  0d 09 00 02 09 0d 09 00
05 02 00 00 05 08 07 00  02 05 08 0c 08 00 00 00
00 00 00 00 00 00 00 00  00 00 00 00 00 00 00 11
15 17 19 1b 22 1c 11 11  11 10 08 00 00 08 0f 00
00 04 07 05 07 07 04 00  04 00 00 02 00 02 00 01
00 00 00 02 00 00 00 00  00 19 3d 3e 3b 00 04 00
00 00 02 00 00 03 00 02  00 03 08 09 06 00 00 04
06 09 09 07 00 06 0b 0c  09 19 18 19 14 0e 0c 0f
0c 04 05 04 01 00 01 05  00 00 00 00 00 00 05 03
02 01 00 00 01 07 0b 0c  0b 07 02 06 0a 0a 05 00
00 00 00 00 08 0c 08 07  09 05 07 08 05 00 00 00
00 00 00 00 00 00 00 00  00 00 00 00 00 00 00 00
17 1b 1a 1e 1d 1c 0f 11  10 0b 00 00 00 0b 04 00
00 08 0b 08 00 00 01 00  04 01 03 00 11 10 11 00
00 00 04 00 00 00 02 03  00 29 3f 3c 03 04 00 03
03 00 02 00 00 01 03 00  00 06 09 08 03 00 02 00
03 07 07 03 05 03 0b 0e  0e 0d 0d 0e 0e 0d 06 00
00 05 00 01 00 05 00 01  02 00 00 00 00 04 0f 0c
00 04 00 01 05 08 0c 09  00 02 00 08 0c 08 00 05
01 05 08 05 05 08 05 08  0c 08 05 01 00 00 00 00
00 00 00 00 00 00 00 00  00 00 00 00 00 00 00 00
19 16 1e 1e 1b 0f 0d 13  13 00 00 00 0f 11 14 0a
03 09 0b 08 00 06 07 04  04 00 00 03 20 26 1a 00
00 00 00 00 02 02 03 00  01 19 3a 40 11 00 00 00
00 00 00 04 00 02 00 01  00 05 09 03 04 00 01 00
01 03 05 00 02 01 06 0d  0e 0e 0e 0d 0c 0a 02 00
04 00 00 00 00 00 01 02  03 00 03 05 05 0a 24 23
00 00 01 02 01 05 08 05  00 00 01 05 08 05 04 00
00 09 0c 09 00 00 02 05  08 05 00 00 00 00 00 00
00 00 00 00 00 00 00 00  00 00 00 00 00 00 00 00
15 1c 1d 15 08 0f 0d 00  00 00 02 05 15 15 13 13
00 04 07 07 08 09 0b 07  00 00 00 00 37 33 2e 1d
03 01 00 03 00 01 00 00  00 11 35 3e 06 04 02 05
00 00 00 01 09 0f 09 01  00 00 00 05 00 00 01 03
07 03 02 00 04 00 05 07  0d 0e 0d 09 02 05 00 00
00 04 05 00 03 01 00 05  01 06 09 1d 23 29 3e 37
00 02 00 00 02 02 00 05  09 05 03 00 00 00 01 03
04 0a 0c 09 02 05 02 00  00 00 03 05 00 00 00 00
00 00 00 00 00 00 00 00  00 00 00 00 00 00 00 00
00 09 05 08 0b 0b 00 00  00 0f 11 13 12 14 14 0a
00 04 05 08 0b 08 07 04  00 02 04 00 00 00 35 23
0d 03 0c 00 00 00 00 04  01 0b 17 12 0a 02 00 00
00 00 05 02 0f 16 12 0f  0b 00 01 01 00 00 05 06
09 07 04 07 05 05 00 02  07 09 07 00 00 00 00 00
00 00 00 02 00 00 00 03  00 0a 1a 3a 41 46 44 14
00 00 00 00 02 02 01 08  0c 08 00 00 00 00 00 04
00 05 08 06 04 03 04 00  00 00 01 00 00 00 00 00
00 00 00 00 00 00 00 00  00 00 00 00 00 00 00 00
00 00 00 00 00 00 00 00  0a 0b 01 00 00 02 00 08
09 07 04 08 09 07 02 00  00 05 05 02 00 00 03 29
26 13 25 19 01 00 00 00  03 05 04 04 00 03 00 00
00 00 05 00 09 0f 12 16  10 00 00 02 00 03 00 03
06 03 06 09 06 00 00 02  00 02 01 00 00 00 02 00
00 00 00 00 04 04 01 00  06 0b 39 44 12 1f 44 2e
00 00 00 00 00 05 02 05  08 05 01 03 00 01 04 08
08 05 00 04 00 02 00 01  00 00 00 00 00 00 00 00
00 00 00 00 00 00 00 00  00 00 00 00 00 00 00 00
00 00 00 00 00 00 00 01  13 0f 02 01 00 00 04 09
0b 0a 08 0b 07 05 00 02  01 00 00 00 00 00 00 1f
3a 2e 33 24 0f 01 00 03  03 04 00 00 00 01 00 00
00 03 02 02 00 00 0b 10  0c 09 0f 09 05 07 08 05
00 03 03 06 04 00 00 00  00 00 03 00 00 00 09 10
09 00 00 02 00 00 03 00  0a 0d 3c 3b 0d 2d 52 46
00 00 05 00 00 00 00 01  00 00 00 00 00 00 00 09
0c 08 04 00 03 00 00 00  03 00 00 02 00 00 00 00
00 00 00 00 00 00 00 00  00 00 00 00 00 00 00 00
00 00 00 00 00 00 00 0d  0b 05 00 03 00 02 00 08
0a 08 04 09 09 06 00 00  00 00 05 03 00 00 00 02
32 37 41 3a 1c 09 00 00  00 04 01 00 00 09 0f 09
00 00 00 00 04 03 05 00  00 11 14 11 00 08 09 08
08 0e 08 00 04 00 00 0a  0e 0a 05 05 00 00 0e 15
0e 03 00 00 06 0a 06 03  06 0c 0e 11 10 42 54 00
00 00 00 01 05 00 00 0a  00 00 00 00 00 00 00 05
09 05 00 00 00 00 01 00  00 00 00 00 00 00 00 00
00 00 00 00 00 00 00 00  00 00 00 00 00 00 00 00
00 00 00 00 0e 18 13 16  03 02 00 00 02 03 02 09
0b 08 00 07 0b 08 00 00  00 05 00 03 00 05 00 02
41 3c 41 31 2c 17 0f 17  02 00 04 00 00 0f 16 0f
03 00 05 0b 11 09 05 09  0f 11 14 10 00 05 08 07
0f 14 0e 00 00 00 00 0e  15 12 09 00 02 00 09 0e
09 00 00 03 09 0e 09 01  00 00 09 0d 0a 00 01 03
00 00 00 00 00 00 00 05  00 05 00 00 02 05 00 00
00 04 00 00 00 03 09 09  14 13 08 0b 00 00 00 00
00 00 00 00 00 00 00 00  00 00 00 00 00 00 00 00
00 00 00 10 0e 04 00 03  08 0f 0f 0b 00 04 02 05
08 04 01 07 08 09 04 00  00 00 03 03 02 05 05 00
00 00 05 34 34 2d 2a 2e  15 00 00 01 00 09 0f 09
02 02 00 0f 16 0f 00 0e  14 11 11 0c 05 05 00 00
08 0e 08 04 00 00 00 09  12 15 10 00 05 04 00 02
01 00 00 00 06 09 06 00  02 05 00 02 00 05 01 00
05 00 03 00 05 02 03 04  00 00 01 01 02 00 02 09
0c 00 00 00 00 04 28 28  2a 2b 23 1d 00 00 00 00
00 00 00 00 00 00 00 00  00 00 00 00 00 00 00 00
00 00 0a 10 04 15 18 16  10 11 11 0f 03 04 05 00
00 00 00 00 07 0b 08 04  00 00 00 07 09 07 00 00
00 04 00 03 00 26 38 3a  34 00 04 01 01 00 00 03
02 00 00 09 0f 0a 00 08  0e 0d 0b 0a 00 04 00 02
00 00 03 10 13 10 09 10  0e 0e 0a 00 00 09 10 0b
00 05 00 00 00 06 09 07  01 00 05 03 00 01 00 00
05 03 00 17 1e 04 07 09  06 04 00 01 04 04 19 28
1f 03 00 02 12 23 42 43  3b 33 2f 34 00 00 00 00
00 00 00 00 00 00 00 00  00 00 00 00 00 00 00 00
00 00 0c 0c 0b 18 19 18  11 10 0f 0b 03 00 02 01
00 03 00 02 04 08 05 04  00 00 00 09 0b 0a 00 03
00 03 00 00 02 00 00 10  0f 01 00 00 04 00 00 09
0f 09 00 00 00 00 01 07  09 08 09 07 07 07 05 04
07 05 04 13 14 13 0e 15  0f 03 00 05 00 10 15 0e
05 06 09 06 00 0c 0e 0b  03 04 00 04 03 00 00 01
00 03 01 27 2e 02 09 0a  09 07 04 00 03 00 15 35
34 06 00 05 2c 3d 4d 41  15 43 44 40 00 00 00 00
00 00 00 00 00 00 00 00  00 00 00 00 00 00 00 00
00 09 13 12 0f 17 19 17  10 0d 00 00 00 00 00 00
00 00 00 02 00 03 00 00  00 09 10 07 0a 08 05 00
04 00 04 00 00 00 01 00  01 01 00 03 00 02 00 0f
16 0f 02 00 00 00 02 07  0b 08 07 04 08 0b 07 07
0b 0c 0e 11 13 10 0a 0e  09 00 04 00 00 09 0f 0a
00 0a 0e 0b 00 0b 0e 0c  06 03 00 03 05 01 00 00
04 00 05 3f 2f 0b 06 09  08 0a 07 00 00 01 00 05
3a 22 19 20 2f 06 41 43  05 50 5b 01 00 00 00 00
00 00 00 00 00 00 00 00  00 00 00 00 00 00 00 00
00 11 13 11 0f 12 11 0b  00 10 0e 12 04 00 00 00
04 00 01 05 09 03 03 13  14 1f 1b 08 00 04 00 03
00 00 04 05 08 06 00 00  00 00 03 00 09 0f 09 09
10 0b 04 02 05 00 00 04  07 08 0b 07 05 07 04 05
07 0f 14 10 0e 09 02 00  00 00 01 00 01 0a 0c 0a
00 0a 0c 0a 04 07 0c 0e  0b 00 05 00 00 03 00 00
00 00 20 3a 42 00 02 00  04 07 04 00 00 03 00 00
3b 39 38 39 37 00 00 00  04 02 00 05 00 00 00 00
00 00 00 00 00 00 00 00  00 00 00 00 00 00 00 00
00 00 00 0b 0d 0e 09 0f  11 16 17 06 00 00 07 0e
0f 07 00 11 18 15 0f 1d  29 29 1d 0a 00 00 00 00
00 05 00 04 1a 1f 03 05  01 00 00 00 0f 16 0f 02
00 04 00 00 00 03 0e 12  0f 10 11 0e 00 05 00 00
01 08 0f 10 15 0e 00 00  00 03 00 00 00 0c 0e 0c
00 0a 0e 0a 00 00 07 0a  06 09 0c 09 00 04 03 01
00 03 36 43 17 02 00 03  00 03 07 07 04 04 05 02
03 00 00 05 00 00 00 00  00 03 00 00 00 00 00 00
00 00 00 00 00 00 00 00  00 00 00 00 00 00 00 00
00 00 00 00 00 0f 0e 00  00 12 10 15 0e 00 0d 12
12 0d 00 07 21 12 1e 2c  0d 1a 11 10 00 04 00 00
05 00 00 00 26 30 1b 06  00 00 05 00 09 10 09 03
00 00 03 06 0d 0f 12 13  12 12 12 10 00 00 01 08
0e 0b 00 09 10 0a 00 00  01 02 00 03 00 09 0c 09
00 06 0a 06 03 00 04 04  00 0b 0e 0c 00 00 00 01
00 00 33 46 15 04 00 00  00 04 08 0a 07 00 05 00
04 00 00 00 01 00 01 04  00 00 00 00 00 00 00 00
00 00 00 00 00 00 00 00  00 00 00 00 00 00 00 00
00 00 00 00 00 00 00 00  00 05 15 15 13 05 07 0e
0f 0e 0f 14 17 26 39 33  19 20 11 12 01 00 00 00
00 00 01 00 06 2a 32 1d  00 04 02 04 00 00 03 01
0b 0f 0b 07 11 14 12 12  0f 0f 10 0d 07 0c 0e 10
14 0e 00 0e 13 0e 00 00  00 05 00 05 00 00 01 03
03 03 03 03 0a 11 12 0f  06 0a 0a 0e 00 00 00 01
00 02 00 30 26 20 03 00  02 01 07 07 06 00 00 00
00 02 00 02 00 04 02 00  00 03 05 03 00 00 00 00
00 00 00 00 00 00 00 00  00 00 00 00 00 00 00 00
00 00 00 00 00 00 00 09  0e 0e 13 15 12 00 00 00
00 10 1d 12 1a 17 16 0e  0d 16 1e 0a 00 00 00 00
00 00 00 00 00 00 2b 29  03 05 00 00 09 0f 0a 00
0f 16 10 0b 12 12 0d 07  04 00 04 09 0b 10 14 10
0e 08 00 12 15 12 04 04  00 03 02 00 05 00 00 07
0a 05 03 09 11 13 13 12  10 0d 09 04 00 00 05 00
03 05 00 39 3a 33 1b 04  00 02 00 04 04 08 04 01
01 00 04 04 07 04 04 00  04 05 04 07 04 00 00 00
00 00 00 00 00 00 00 00  00 00 00 00 00 00 00 00
00 00 00 00 00 0e 13 14  15 12 15 11 09 00 00 04
00 11 21 1c 14 0c 18 06  13 08 0e 08 00 01 01 00
00 03 02 05 01 04 04 2b  1d 02 00 04 0f 16 0f 00
09 11 0b 0f 16 12 0a 0b  08 01 0a 0a 0f 10 10 0b
00 01 00 0d 12 0d 00 01  03 05 03 00 04 00 05 14
09 12 0c 13 16 11 12 11  13 11 0a 0a 09 07 00 00
03 00 00 33 3d 31 34 00  00 00 00 00 07 0a 07 00
00 04 07 08 0a 07 00 00  04 08 08 0a 07 00 00 00
00 00 00 00 00 00 00 00  00 00 00 00 00 00 00 00
00 0a 0c 0c 0d 0f 13 14  12 0c 0e 0b 05 00 00 01
09 13 19 18 0a 0e 0d 07  14 15 12 0e 02 02 00 00
00 00 05 00 00 04 03 29  32 06 04 00 09 11 09 02
00 00 01 0a 11 0f 08 09  08 04 0d 0d 0f 13 0e 05
01 00 07 08 09 05 0d 06  06 08 05 00 05 00 17 15
0d 0d 11 14 11 10 14 16  17 16 1a 0a 0a 09 08 00
05 00 00 01 00 1e 1f 02  00 00 00 00 04 07 04 00
05 08 0a 08 08 08 08 06  09 0a 09 07 04 00 00 00
00 00 00 00 00 00 00 00  00 00 00 00 00 00 00 00
00 0f 0f 0d 0d 0d 0d 0d  08 05 07 0d 0a 00 00 01
14 1f 29 20 18 19 16 1c  32 24 1f 10 12 05 00 02
04 05 00 04 00 01 00 1c  1a 23 1e 00 00 01 00 00
00 05 05 00 00 05 00 07  0b 08 06 08 0c 0f 0b 08
04 00 0e 10 07 05 06 07  06 05 05 00 00 0c 17 1a
17 0e 14 14 18 11 17 18  16 16 10 0c 0a 0a 09 03
03 02 03 00 00 01 2c 1f  00 00 00 00 03 00 05 00
00 08 0a 0c 0b 0a 0d 1c  22 0f 04 05 00 00 00 00
00 00 00 00 00 00 00 00  00 00 00 00 00 00 00 00
00 12 14 17 11 14 0c 10  0f 09 09 09 05 00 03 02
0c 16 24 17 04 0f 1c 16  19 15 17 0e 00 00 00 05
00 03 00 00 04 00 00 00  05 2e 31 06 00 00 04 00
00 00 00 01 00 00 00 04  07 09 0b 09 0b 08 07 0c
0b 14 11 09 04 0f 07 07  03 00 00 02 05 0b 15 1a
18 0f 00 00 11 18 16 00  00 0b 12 12 0a 0a 0a 04
00 00 09 0c 09 00 2c 30  00 00 00 05 05 00 00 00
02 04 06 17 16 11 1d 30  33 23 0c 03 00 00 00 00
00 00 00 00 00 00 00 00  00 00 00 00 00 00 00 00
00 00 00 0f 10 11 0e 1a  11 10 0b 0a 05 00 00 00
08 0e 0b 09 01 08 13 0f  02 00 02 09 0f 0a 0a 11
11 09 00 00 00 02 00 01  02 05 28 23 03 00 05 05
05 00 00 02 00 00 00 00  00 04 08 08 0a 09 07 07
08 0b 07 05 01 03 07 03  07 06 08 00 00 05 09 17
1a 15 00 00 00 00 00 00  00 00 00 14 10 0a 0a 07
00 05 0d 0d 0d 02 23 2d  0a 0c 11 07 0f 09 08 11
12 00 04 21 1d 18 2b 42  3e 2c 16 00 00 00 00 00
00 00 00 00 00 00 00 00  00 00 00 00 00 00 00 00
00 00 00 00 00 17 17 10  10 12 15 20 0f 10 0b 09
13 16 17 0f 1a 00 02 00  01 00 00 0e 15 10 0f 15
15 0e 00 05 00 05 00 02  02 03 27 2f 1f 11 02 00
02 04 02 05 00 00 02 05  04 00 03 07 0b 0b 08 00
04 08 04 00 01 00 00 00  07 07 08 06 01 00 09 11
16 13 0e 00 00 00 00 00  00 00 0a 09 16 0b 07 08
04 00 0b 0e 0b 01 33 43  22 13 17 13 17 1a 17 0f
18 08 0d 0d 14 18 29 41  3f 2e 15 08 00 00 00 00
00 00 00 00 00 00 00 00  00 00 00 00 00 00 00 00
00 00 00 00 00 00 00 00  10 12 13 09 10 12 10 0f
16 13 09 00 01 00 0a 10  0e 11 11 0f 0e 09 09 11
11 09 04 00 00 02 00 00  03 00 00 00 22 10 21 1b
19 19 05 04 00 02 00 04  09 04 00 05 08 08 06 00
02 00 00 01 02 00 00 00  06 07 06 02 00 04 00 11
12 12 11 0a 00 00 00 00  00 00 00 0d 0c 0a 08 0a
08 04 0d 0d 0b 05 00 2e  3b 20 21 20 19 20 16 1c
35 17 0d 0c 0c 23 36 39  36 29 1b 00 00 00 00 00
00 00 00 00 00 00 00 00  00 00 00 00 00 00 00 00
00 00 00 00 00 00 00 00  00 05 1b 17 14 11 0b 06
0f 09 00 02 00 00 0e 15  14 15 15 0e 00 00 03 02
00 09 0e 0c 04 02 05 00  00 09 0e 09 00 00 40 21
1f 31 1b 06 00 00 00 08  0b 08 00 00 00 03 01 00
11 0e 0e 03 03 00 00 00  03 00 00 02 05 00 00 0f
11 11 11 10 01 00 00 00  00 00 00 00 00 03 07 0a
08 09 0b 0b 07 02 00 1c  45 35 26 1e 20 1b 1f 32
44 27 17 0f 0c 11 30 42  3b 29 20 02 00 00 00 00
00 00 00 00 00 00 00 00  00 00 00 00 00 00 00 00
00 00 00 00 00 00 00 00  02 12 0e 13 16 0c 06 0a
06 00 03 00 02 00 09 13  15 13 11 09 00 00 04 00
00 0e 15 11 0e 09 00 00  00 0e 15 0f 00 04 03 03
00 30 2f 1a 1e 00 00 07  07 05 05 00 00 00 00 05
1a 2d 1c 03 07 04 00 05  00 02 00 00 00 00 02 04
00 05 06 0a 0e 11 13 13  06 0f 0e 00 00 00 04 0f
10 0e 0e 01 10 00 02 17  3d 4f 34 1a 1b 18 29 51
55 45 2a 11 11 14 34 3a  3b 27 05 00 00 00 00 00
00 00 00 00 00 00 00 00  00 00 00 00 00 00 00 00
00 00 00 00 00 00 0e 10  11 18 15 0d 0a 02 0d 0f
0d 00 00 00 00 00 00 09  10 09 05 00 00 05 00 03
00 09 10 11 15 0f 00 0a  0e 0f 0e 09 05 04 03 03
00 01 27 37 34 00 00 00  04 00 00 02 00 01 05 0e
31 3a 39 22 25 1f 03 00  00 03 04 00 05 00 05 00
00 01 02 05 0c 0f 10 10  1b 15 16 0d 00 00 00 19
00 00 05 09 00 00 00 29  3c 3d 16 1d 21 1a 1f 43
53 48 0a 09 06 07 24 1a  15 13 00 00 00 00 00 00
00 00 00 00 00 00 00 00  00 00 00 00 00 00 00 00
00 00 00 00 00 13 11 19  1a 16 11 16 07 0a 12 0f
0d 03 05 00 00 00 00 04  00 00 02 00 00 00 01 09
0e 09 04 09 11 11 09 0f  15 0f 00 00 00 00 01 00
01 12 31 37 03 00 00 04  03 02 00 04 01 13 1d 29
39 31 3a 3e 3d 00 00 01  00 00 00 00 00 00 00 00
01 00 02 02 0a 10 10 10  11 11 13 17 19 07 00 00
00 00 0f 0c 0c 00 03 34  3a 05 00 16 13 1f 25 12
12 0a 0a 0c 03 08 05 04  03 02 00 02 00 00 00 00
00 00 00 00 00 00 00 00  00 00 00 00 00 00 00 00
00 00 00 00 00 00 0f 11  0f 15 16 13 11 0e 11 10
16 1a 03 00 04 00 01 01  03 00 05 00 03 00 03 0f
15 0e 00 05 11 15 11 0a  0e 09 05 00 00 00 04 02
14 2b 27 02 01 00 00 00  00 02 00 08 1b 30 3c 37
44 39 03 03 00 00 00 00  01 01 00 01 00 00 00 01
00 03 00 00 04 07 10 11  21 14 16 18 11 10 00 00
00 00 00 07 0c 00 00 00  34 24 01 00 0a 0c 0d 00
02 00 00 07 0d 08 17 0d  09 0a 00 00 00 00 00 00
00 00 00 00 00 00 00 00  00 00 00 00 00 00 00 00
00 00 00 00 00 00 00 00  14 13 0e 0e 09 08 0a 00
03 00 02 02 00 00 05 01  02 00 00 04 00 09 0f 0e
0f 0c 00 00 11 15 12 04  00 05 03 01 00 1b 1f 1c
2c 2a 02 00 03 00 04 00  04 00 00 20 2f 36 4b 51
4e 01 05 02 03 00 00 00  00 00 00 01 00 02 00 12
0e 11 00 00 00 06 0e 10  10 0d 0f 19 16 0f 00 02
00 00 00 0e 0a 00 00 00  20 28 12 00 03 00 05 00
01 01 04 0d 13 0c 06 0a  18 15 0c 00 00 00 00 00
00 00 00 00 00 00 00 00  00 00 00 00 00 00 00 00
00 00 00 00 00 00 00 00  00 00 09 0d 00 00 09 0b
09 00 00 00 00 00 09 0d  06 0e 03 00 09 12 15 0e
00 05 01 00 09 0e 09 01  01 01 00 00 02 30 2c 30
39 05 00 02 04 00 00 00  01 05 19 30 38 04 03 0c
05 0e 00 01 02 00 00 05  00 01 00 03 05 00 00 05
27 24 01 02 05 03 05 04  02 02 0c 11 0e 11 11 19
15 0e 0c 12 01 01 01 00  00 30 30 05 00 00 00 01
00 08 0e 0c 0e 08 00 00  11 19 12 00 00 00 00 00
00 00 00 00 00 00 00 00  00 00 00 00 00 00 00 00
00 00 00 00 00 00 00 00  00 00 00 00 00 05 0f 12
0f 00 01 01 00 00 23 2c  02 00 01 02 11 15 13 0a
02 02 03 05 00 00 05 00  00 00 00 18 21 39 3d 19
05 02 02 0a 0b 09 05 02  04 00 27 37 0b 05 03 00
05 00 00 02 03 00 02 01  00 00 00 03 05 07 0d 21
39 3d 18 00 00 04 00 00  00 02 08 0c 0a 0b 0d 09
0e 1d 18 07 05 05 00 06  1e 28 40 24 05 00 04 02
03 0d 13 0e 00 01 04 0f  0e 12 0d 04 00 00 00 00
00 00 00 00 00 00 00 00  00 00 00 00 00 00 00 00
00 00 00 00 00 00 00 00  00 00 00 00 09 11 14 15
11 00 04 00 00 19 24 28  1c 00 05 00 11 15 11 02
05 00 00 03 05 00 04 00  04 05 10 30 39 3c 28 04
00 00 00 0b 0d 0b 00 03  00 05 36 36 0f 00 05 00
04 00 05 00 04 05 00 05  04 04 00 02 22 26 22 3e
4b 4c 32 1e 04 04 00 00  00 03 02 01 01 0c 11 0c
0f 11 11 0c 04 05 03 1a  37 41 3e 2b 01 04 01 03
0c 08 0d 08 03 02 0e 12  0e 04 00 00 00 00 00 00
00 00 00 00 00 00 00 00  00 00 00 00 00 00 00 00
00 00 00 00 00 00 00 00  00 00 00 0d 11 13 15 14
0d 00 00 00 18 2a 23 00  01 00 04 00 09 0e 0a 01
02 00 00 02 00 00 03 00  08 1e 2c 33 00 00 00 00
00 03 00 08 0b 08 00 00  05 00 11 0e 00 00 01 00
00 07 0a 07 00 02 00 00  00 00 10 1e 2a 34 41 46
46 43 2c 36 1c 1d 18 05  00 01 00 02 02 08 0c 08
0c 0f 0f 07 00 04 04 38  3b 00 00 00 04 01 01 05
17 00 00 00 01 0a 1e 22  11 03 00 00 00 00 00 00
00 00 00 00 00 00 00 00  00 00 00 00 00 00 00 00
00 00 00 00 00 00 00 00  00 00 05 17 14 11 14 0f
05 00 0a 1d 2d 45 3a 00  01 04 04 02 06 00 00 00
03 03 02 00 00 00 01 01  18 2e 34 04 00 00 02 02
02 00 07 08 09 04 00 00  04 02 00 00 04 00 00 00
05 0a 0b 09 00 00 00 07  10 10 25 2a 00 42 4a 00
02 00 00 02 3b 2a 2c 19  0d 06 03 02 03 01 00 00
02 02 02 00 00 00 0b 40  36 08 00 00 01 00 00 00
06 00 00 00 00 0a 28 2a  0b 00 02 00 00 00 00 00
00 00 00 00 00 00 00 00  00 00 00 00 00 00 00 00
00 00 00 00 00 00 00 00  00 00 0b 18 12 08 00 00
04 17 26 31 42 3c 33 09  06 0a 00 00 00 01 04 00
02 03 05 00 03 05 00 00  29 44 14 00 01 03 00 00
04 07 09 0b 0b 08 01 05  00 03 03 02 00 02 00 00
08 0b 0a 08 02 04 02 1c  1e 2a 2e 02 00 00 00 00
03 05 02 04 00 00 2d 30  21 1e 02 00 04 04 00 02
04 03 00 00 03 04 00 2f  3d 05 03 00 00 00 02 03
01 05 08 08 04 05 14 17  00 02 02 00 00 00 00 00
00 00 00 00 00 00 00 00  00 00 00 00 00 00 00 00
00 00 00 00 00 00 00 00  00 00 11 0b 0b 00 00 02
0a 26 3c 42 4e 4e 3f 19  1a 00 00 00 00 03 00 05
00 00 00 00 04 00 00 00  3f 4b 24 01 05 03 04 09
09 0e 10 0e 0b 0a 00 00  05 01 09 08 06 08 04 00
04 08 06 04 00 04 10 33  2c 00 03 05 04 04 05 0c
01 0a 00 01 00 00 00 00  33 34 05 00 00 03 02 00
02 00 05 00 00 03 12 37  39 00 01 08 08 05 0d 17
09 0a 0b 0b 0a 07 0d 0c  00 00 06 06 03 00 00 00
00 00 00 00 00 00 00 00  00 00 00 00 00 00 00 00
00 00 00 00 00 00 00 00  00 10 0c 0b 0a 00 02 03
23 45 53 5f 52 53 37 35  37 03 01 02 00 00 05 08
0b 09 00 00 00 00 01 00  36 3c 08 00 03 07 0a 0b
0b 10 14 11 0b 08 07 0f  00 00 06 09 09 0a 09 05
02 00 00 03 05 00 2f 3e  00 03 00 00 03 00 00 00
00 00 01 07 01 01 00 0e  3a 39 00 00 00 05 00 00
00 01 00 04 00 00 31 40  05 04 06 0a 0b 11 10 14
13 0b 0a 0a 0b 0b 09 09  09 07 08 09 06 00 00 00
00 00 00 00 00 00 00 00  00 00 00 00 00 00 00 00
00 00 00 00 00 00 00 00  00 0e 0c 0b 06 02 00 19
39 5d 56 68 56 00 0d 0e  0c 08 02 00 00 00 02 0a
0c 0b 05 01 03 00 03 0a  19 0e 0e 07 09 0a 0b 0a
09 0f 12 10 0b 08 10 06  11 0f 0d 00 00 00 00 01
01 00 08 00 00 04 40 3e  0d 02 00 05 01 00 00 00
00 03 00 03 03 00 01 00  02 04 00 01 03 00 00 04
00 03 00 00 03 00 3b 3a  07 02 09 0b 0a 0f 14 15
15 07 09 13 12 09 0b 13  09 09 09 08 03 00 00 00
00 00 00 00 00 00 00 00  00 00 00 00 00 00 00 00
00 00 00 00 00 00 00 00  03 0c 0c 0b 03 00 02 38
54 5e 69 4d 18 00 00 00  01 00 04 00 04 00 04 08
0a 0c 08 00 03 04 03 00  00 00 02 09 0b 0b 0b 09
00 12 14 0f 0a 0c 08 08  00 00 00 00 00 00 0e 09
0c 0b 09 0c 00 00 03 00  01 00 00 00 00 02 05 04
06 03 04 00 03 02 08 04  0f 01 03 00 00 06 01 04
00 02 05 00 00 16 32 39  02 05 0a 0b 0e 11 13 14
12 12 0f 00 00 0f 0e 10  09 09 09 05 00 00 00 00
00 00 00 00 00 00 00 00  00 00 00 00 00 00 00 00
00 00 00 00 00 00 00 00  09 0d 0c 0b 02 01 06 4c
57 6e 6d 4e 04 02 03 01  01 03 07 03 00 00 02 00
00 08 0a 07 00 03 04 04  00 06 0b 0a 0b 0a 0a 04
0b 0e 11 0e 0d 00 00 00  00 00 00 00 08 0d 0b 0f
15 12 0f 0b 04 03 02 00  00 00 04 02 00 00 0f 00
00 0c 03 0f 14 0e 07 0a  00 00 04 04 06 09 04 01
00 00 00 00 00 35 3b 3d  0b 04 0a 0b 0a 00 00 18
19 00 00 00 00 00 00 00  08 09 08 00 00 00 00 00
00 00 00 00 00 00 00 00  00 00 00 00 00 00 00 00
00 00 00 00 00 00 00 00  09 10 11 08 02 02 25 54
67 70 57 04 00 00 00 03  00 07 08 07 00 00 00 08
0d 0e 0c 08 05 02 00 01  07 0c 00 09 0b 0a 07 0e
0a 00 00 00 00 00 00 00  00 00 00 07 12 15 17 16
17 0a 0c 0a 00 04 03 04  01 03 00 05 00 00 00 00
12 10 0d 16 16 13 0a 04  05 0c 0b 11 12 0a 03 02
02 00 01 04 03 32 43 22  02 00 15 12 13 00 00 00
00 00 00 00 00 00 00 04  11 0a 09 00 00 00 00 00
00 00 00 00 00 00 00 00  00 00 00 00 00 00 00 00
00 00 00 00 00 00 00 00  10 10 0c 01 05 17 34 57
6c 61 00 00 00 0a 13 12  08 0c 14 0b 00 03 09 00
09 0d 0d 05 00 05 0a 0a  05 06 05 08 09 0b 00 00
00 00 00 00 00 00 00 00  00 00 00 0f 12 15 18 12
14 0c 0c 0b 06 03 04 00  08 09 0b 00 00 00 00 0b
13 0a 14 17 16 0d 0f 10  0d 0a 10 00 00 0d 0b 00
01 00 05 05 00 00 32 27  1a 05 09 0b 0a 0c 09 00
00 00 00 00 00 00 00 0f  0e 0a 04 00 00 00 00 00
00 00 00 00 00 00 00 00  00 00 00 00 00 00 00 00
00 00 00 00 00 00 00 0b  0e 13 0b 07 00 20 53 4b
00 03 00 05 0a 11 12 10  0e 0c 12 0a 00 02 11 13
11 0d 11 04 07 09 09 06  05 0f 09 11 0e 00 00 00
00 00 00 00 00 00 00 00  00 00 00 00 00 09 10 0f
0b 1d 12 0b 09 09 10 0d  0d 09 00 00 00 00 00 0f
18 09 14 17 13 08 0c 0c  0f 0b 00 00 00 0b 07 03
00 03 03 03 00 02 00 35  2d 0b 0f 0e 0b 0c 0d 04
00 00 00 00 00 00 0e 0e  0e 09 02 00 00 00 00 00
00 00 00 00 00 00 00 00  00 00 00 00 00 00 00 00
00 00 00 00 00 00 00 10  11 0f 04 07 04 3d 4d 0b
00 00 00 05 10 15 13 11  0d 0e 00 12 08 0b 09 00
12 13 12 04 0b 07 07 07  0f 0d 01 00 00 00 00 00
00 00 00 00 00 00 00 00  00 00 00 00 00 00 00 00
0b 0a 0a 0c 09 08 0a 0a  00 00 00 00 00 00 00 0f
0b 18 0f 12 12 09 09 00  00 00 00 00 0e 0b 07 00
00 02 00 05 00 02 05 2d  29 0f 11 10 0a 0b 14 10
00 00 00 00 00 00 19 1a  09 09 01 04 00 00 00 00
00 00 00 00 00 00 00 00  00 00 00 00 00 00 00 00
00 00 00 00 00 00 07 10  11 0e 07 04 09 09 0a 02
00 00 00 06 0c 10 0b 07  00 00 00 00 0f 0e 04 0d
11 0e 10 04 07 07 09 08  00 00 00 00 00 00 00 00
00 00 00 00 00 00 00 00  00 00 00 00 00 00 00 00
00 00 0c 0c 0e 08 00 00  00 00 00 00 00 00 00 00
0b 10 0d 00 00 00 00 00  00 00 00 0f 1a 00 00 03
02 02 05 00 00 05 00 2f  26 12 0f 11 09 0a 0b 0e
0b 0e 0e 0c 00 00 0e 0b  09 03 01 04 00 00 00 00
00 00 00 00 00 00 00 00  00 00 00 00 00 00 00 00
00 00 00 00 00 0e 11 11  10 0b 02 00 05 05 02 02
02 00 00 0c 00 03 07 00  00 00 00 00 03 0a 0d 11
10 09 08 0a 0a 09 00 00  00 00 00 00 00 00 00 00
00 00 00 00 00 00 00 00  00 00 00 00 00 00 00 00
00 00 00 00 00 00 00 00  00 00 00 00 00 00 00 00
00 00 00 00 00 00 00 00  00 00 0a 10 09 12 13 12
10 0f 09 00 00 03 00 03  2a 24 07 07 0b 0b 0a 08
00 01 00 03 0a 0d 0b 07  04 00 04 00 00 00 00 00
00 00 00 00 00 00 00 00  00 00 00 00 00 00 00 00
00 00 00 00 0f 11 11 11  11 0b 07 05 04 00 04 00
00 00 08 0a 00 00 00 00  00 00 00 00 00 00 00 0d
10 10 11 00 00 00 00 00  00 00 00 00 00 00 00 00
00 00 00 00 00 00 00 00  00 00 00 00 00 00 00 00
00 00 00 00 00 00 00 00  0e 11 08 00 00 0b 0c 07
00 00 00 00 00 00 00 00  00 00 0e 12 13 14 14 14
13 14 0e 02 02 00 00 00  2e 2d 09 06 09 08 04 04
00 01 00 00 02 00 00 05  02 00 02 00 00 00 00 00
00 00 00 00 00 00 00 00  00 00 00 00 00 00 00 00
00 00 00 00 11 12 11 11  11 0f 08 11 0b 0d 08 09
0b 0d 08 00 00 00 00 00  00 00 00 00 00 00 00 00
00 00 00 00 00 00 00 00  00 00 00 00 00 00 00 00
00 00 00 00 00 00 00 00  00 00 00 00 00 00 00 00
00 00 00 00 00 00 00 00  06 0f 0e 10 0a 0d 0a 06
00 00 00 00 00 00 00 00  00 00 11 14 14 13 13 12
10 0f 0b 01 04 02 00 04  00 02 00 02 00 01 00 00
04 01 00 05 00 01 01 00  02 02 09 02 00 00 00 00
00 00 00 00 00 00 00 00  00 00 00 00 00 00 00 00
00 00 00 0a 16 19 14 0e  11 12 0c 0f 0f 0f 0a 0d
0b 00 00 00 00 00 00 00  00 00 00 00 00 00 00 00
00 00 00 00 00 00 00 00  00 00 00 00 00 00 00 00
00 00 00 00 00 00 00 00  00 00 00 00 00 00 00 00
00 00 00 00 00 00 00 10  0a 0e 04 00 0a 04 0d 0a
00 00 00 00 00 00 00 00  00 0d 11 14 13 0d 03 05
08 0f 08 04 00 02 00 01  00 04 02 00 04 00 00 05
00 00 05 00 00 02 01 05  06 04 23 19 00 00 00 00
00 00 00 00 00 00 00 00  00 00 00 00 00 00 00 00
00 00 00 10 12 16 12 15  0f 13 13 00 00 00 00 00
00 00 00 00 00 00 00 00  00 00 00 00 00 00 00 00
00 00 00 00 00 00 00 00  00 00 00 00 00 00 00 00
00 00 00 00 00 00 00 00  00 00 00 00 00 00 00 00
00 00 00 00 00 00 0f 16  0e 03 04 1b 08 02 00 00
00 00 00 00 00 00 00 01  10 12 13 13 0d 00 02 00
0f 14 0f 00 00 03 01 00  01 05 04 00 00 00 02 00
00 0b 0c 02 04 00 04 03  20 20 35 34 00 00 00 00
00 00 00 00 00 00 00 00  00 00 00 00 00 00 00 00
00 00 00 11 18 16 0f 10  0d 00 00 00 00 00 00 00
00 00 00 00 00 00 00 00  00 00 00 00 00 00 00 00
00 00 00 00 00 00 00 00  00 00 00 00 00 00 00 00
00 00 00 00 00 00 00 00  00 00 00 00 00 00 00 00
00 00 00 00 00 00 11 0a  03 06 1e 2b 1c 1c 00 00
00 00 00 00 00 00 00 00  13 14 14 13 03 02 08 0e
0d 0e 08 00 00 00 00 00  04 00 00 04 01 00 00 04
03 23 20 00 00 00 0a 18  33 36 4e 3a 00 00 00 00
00 00 00 00 00 00 00 00  00 00 00 00 00 00 00 00
00 00 00 10 11 10 0f 00  00 00 00 00 00 00 00 00
00 00 00 00 00 00 00 00  00 00 00 00 00 00 00 00
00 00 00 00 00 00 00 00  00 00 00 00 00 00 00 00
00 00 00 00 00 00 00 00  00 00 00 00 00 00 00 00
00 00 00 00 08 0e 13 03  16 18 03 02 01 03 0b 05
00 00 00 00 00 00 04 08  13 14 13 11 08 0e 10 14
0e 00 05 00 00 03 00 00  00 02 00 00 00 00 00 02
00 31 32 14 04 00 29 2f  4b 4f 53 4c 00 00 00 00
00 00 00 00 00 00 00 00  00 00 00 00 00 00 00 00
00 00 00 00 00 00 00 00  00 00 00 00 00 00 00 00
00 00 00 00 00 00 00 00  00 00 00 00 00 00 00 00
00 00 00 00 00 00 00 00  00 00 00 00 00 00 00 00
00 00 00 00 00 00 00 00  00 00 00 00 00 00 00 00
00 00 00 00 0f 0d 06 1f  32 2f 03 07 10 03 0d 0b
00 00 00 00 00 00 00 12  14 14 13 00 0e 14 10 0e
08 03 01 00 04 08 09 08  02 04 02 02 00 01 00 02
00 00 3b 33 0a 09 3f 4d  48 58 36 00 00 00 00 00
00 00 00 00 00 00 00 00  00 00 00 00 00 00 00 00
00 00 00 00 00 00 00 00  00 00 00 00 00 00 00 00
00 00 00 00 00 00 00 00  00 00 00 00 00 00 00 00
00 00 00 00 00 00 00 00  00 00 00 00 00 00 00 00
00 00 00 00 00 00 00 00  00 00 00 00 00 00 00 00
00 00 00 00 09 0c 11 39  3e 08 00 0f 0c 0f 0a 00
00 00 00 00 00 10 10 11  14 13 0d 00 08 11 12 09
00 00 00 05 09 0b 0d 09  02 01 00 00 05 01 00 03
05 02 45 46 29 28 49 63  5b 47 01 03 00 00 00 00
00 00 00 00 00 00 00 00  00 00 00 00 00 00 00 00
00 00 00 00 00 00 00 00  00 00 00 00 00 00 00 00
00 00 00 00 00 00 00 00  00 00 00 00 00 00 00 00
00 00 00 00 00 00 00 00  00 00 00 00 00 00 00 00
00 00 00 00 00 00 00 00  00 00 00 00 00 00 00 00
00 00 00 00 0d 0b 06 07  0a 0d 13 09 00 00 00 00
00 00 00 00 0a 12 22 13  12 11 00 00 09 13 16 10
04 00 05 09 0d 0a 09 07  02 00 04 00 09 0b 08 00
04 00 00 03 44 3a 54 61  06 04 03 01 00 00 00 00
00 00 00 00 00 00 00 00  00 00 00 00 00 00 00 00
00 00 00 00 00 00 00 00  00 00 00 00 00 00 00 00
00 00 00 00 00 00 00 00  00 00 00 00 00 00 00 00
00 00 00 00 00 00 00 00  00 00 00 00 00 00 00 00
00 00 00 00 00 00 00 00  00 00 00 00 00 00 00 00
00 00 00 00 00 0b 0d 07  13 0e 0a 00 00 00 00 00
00 00 00 00 17 12 13 14  0a 0a 06 08 11 16 14 0a
00 01 03 05 0a 06 00 00  00 00 00 00 0b 10 0b 00
00 00 00 01 04 05 0b 0d  00 02 02 00 00 00 00 00
00 00 00 00 00 00 00 00  00 00 00 00 00 00 00 00
00 00 00 00 00 00 00 00  00 00 00 00 00 00 00 00
00 00 00 00 00 00 00 00  00 00 00 00 00 00 00 00
00 00 00 00 00 00 00 00  00 00 00 00 00 00 00 00
00 00 00 00 00 00 00 00  00 00 00 00 00 00 00 00
00 00 00 00 00 00 12 12  14 14 00 00 00 00 00 00
00 00 00 12 16 14 0d 0a  0f 16 12 14 12 13 12 07
08 08 06 00 06 09 09 0b  0c 08 03 03 09 0b 09 00
04 05 05 00 00 00 00 00  00 04 00 00 00 00 00 00
00 00 00 00 00 00 00 00  00 00 00 00 00 00 00 00
00 00 00 00 00 00 00 00  00 00 00 00 00 00 00 00
00 00 00 00 00 00 00 00  00 00 00 00 00 00 00 00
00 00 00 00 00 00 00 00  00 00 00 00 00 00 00 00
00 00 00 00 00 00 00 00  00 00 00 00 00 00 00 00
00 00 00 00 00 00 00 00  00 00 00 00 00 00 00 00
04 0c 13 1c 18 15 12 21  16 13 16 16 11 09 0a 09
0a 0a 08 00 0a 0d 0b 0d  0d 0b 00 05 03 05 07 0b
07 00 05 00 00 00 05 03  02 04 00 05 00 00 00 00
00 00 00 00 00 00 00 00  00 00 00 00 00 00 00 00
00 00 00 00 00 00 00 00  00 00 00 00 00 00 00 00
00 00 00 00 00 00 00 00  00 00 00 00 00 00 00 00
00 00 00 00 00 00 00 00  00 00 00 00 00 00 00 00
00 00 00 00 00 00 00 00  00 00 00 00 00 00 00 00
00 00 00 00 00 00 00 00  00 00 00 00 00 00 00 00
0b 10 13 19 17 14 14 18  19 13 14 14 16 14 12 16
1a 0a 09 02 06 09 08 0b  0c 0a 09 05 05 05 0c 10
0c 03 00 05 03 03 03 07  0b 07 00 01 00 00 00 00
00 00 00 00 00 00 00 00  00 00 00 00 00 00 00 00
00 00 00 00 00 00 00 00  00 00 00 00 00 00 00 00
00 00 00 00 00 00 00 00  00 00 00 00 00 00 00 00
00 00 00 00 00 00 00 00  00 00 00 00 00 00 00 00
00 00 00 00 00 00 00 00  00 00 00 00 00 00 00 00
00 00 00 00 00 00 00 00  00 00 00 00 00 00 00 00
14 13 1b 25 18 2a 27 17  14 00 00 0f 0d 0e 00 00
09 0a 09 01 00 00 00 03  00 0a 0d 09 02 00 07 0c
07 02 00 01 00 00 03 0d  10 0d 00 03 00 00 00 00
00 00 00 00 00 00 00 00  00 00 00 00 00 00 00 00
00 00 00 00 00 00 00 00  00 00 00 00 00 00 00 00
00 00 00 00 00 00 00 00  00 00 00 00 00 00 00 00
00 00 00 00 00 00 00 00  00 00 00 00 00 00 00 00
00 00 00 00 00 00 00 00  00 00 00 00 00 00 00 00
00 00 00 00 00 00 00 00  00 00 00 00 00 00 00 00
00 18 1d 1d 14 1e 1e 16  1f 00 00 0d 0d 00 00 00
12 13 12 00 00 00 08 09  06 05 09 0b 0b 07 00 00
07 0b 07 00 00 01 02 0d  10 0d 04 00 00 00 00 00
00 00 00 00 00 00 00 00  00 00 00 00 00 00 00 00
00 00 00 00 00 00 00 00  00 00 00 00 00 00 00 00
00 00 00 00 00 00 00 00  00 00 00 00 00 00 00 00
00 00 00 00 00 00 00 00  00 00 00 00 00 00 00 00
00 00 00 00 00 00 00 00  00 00 00 00 00 00 00 00
00 00 00 00 00 00 00 00  00 00 00 00 00 00 00 00
00 00 00 0e 00 00 17 00  00 00 00 00 00 00 00 13
15 14 13 05 00 03 0a 0d  09 03 02 0b 10 0b 07 0c
0d 10 0c 00 00 00 07 0d  0e 0d 08 00 00 00 00 00
00 00 00 00 00 00 00 00  00 00 00 00 00 00 00 00
00 00 00 00 00 00 00 00  00 00 00 00 00 00 00 00
00 00 00 00 00 00 00 00  00 00 00 00 00 00 00 00
00 00 00 00 00 00 00 00  00 00 00 00 00 00 00 00
00 00 00 00 00 00 00 00  00 00 00 00 00 00 00 00
00 00 00 00 00 00 00 00  00 07 10 11 10 10 0b 00
00 00 00 00 00 00 00 00  00 00 00 00 00 00 00 14
14 14 13 08 00 00 09 0c  09 00 00 09 0b 07 0b 10
0d 0b 07 00 04 00 0c 10  0e 10 0b 03 00 00 00 00
00 00 00 00 00 00 00 00  00 00 00 00 03 00 00 00
00 00 00 00 00 00 00 00  00 00 00 00 00 00 00 00
00 00 00 00 00 00 00 00  00 00 00 00 00 00 00 00
00 00 00 00 00 00 00 00  00 00 00 00 00 00 00 00
00 00 00 00 00 00 00 00  00 00 00 00 00 00 00 00
00 00 00 00 00 00 00 00  0b 11 12 12 12 12 11 0f
00 00 00 00 00 00 00 00  00 00 00 00 00 00 00 00
0e 16 14 12 00 00 09 0d  0a 00 00 00 00 00 0c 0e
0a 00 00 00 02 03 07 0b  0c 0e 0a 00 00 00 00 00
00 00 00 00 00 00 00 00  00 00 00 00 04 00 00 00
00 00 00 00 00 00 00 00  00 00 00 00 00 00 00 00
00 00 00 00 00 00 00 00  00 00 00 00 00 00 00 00
00 00 00 00 00 00 00 00  00 00 00 00 00 00 0d 00
00 00 00 00 00 00 00 00  00 00 00 00 00 00 00 00
00 07 15 12 17 11 10 10  11 12 11 11 10 11 12 10
0f 0e 0c 00 00 00 00 00  00 00 00 00 00 00 00 00
00 13 14 13 04 00 05 09  06 00 00 00 05 00 0b 10
0f 0a 03 00 02 02 00 00  0d 10 0d 00 00 00 00 00
00 00 00 00 00 00 00 00  00 00 00 00 00 00 00 00
00 00 00 00 00 00 00 00  00 00 00 00 00 00 00 00
00 00 00 00 00 00 00 00  00 00 00 00 00 00 00 00
00 00 00 00 00 00 00 00  00 00 00 00 00 00 00 00
01 00 00 00 00 00 00 00  01 01 00 00 0e 10 10 10
10 10 12 19 16 21 11 12  14 14 10 04 00 10 11 12
10 0d 0f 12 12 12 0d 02  00 00 00 01 01 08 0a 00
00 12 14 12 0a 0c 0a 04  06 0a 08 00 00 00 09 0f
10 0f 00 01 00 01 01 00  0d 10 0d 00 00 00 00 00
00 00 00 00 00 00 00 00  00 00 00 00 00 00 00 00
00 00 00 00 00 00 00 00  00 00 00 00 00 00 00 00
00 00 00 00 00 00 00 00  00 00 00 00 00 00 00 00
00 00 00 00 00 00 00 00  00 00 00 00 00 00 00 00
05 01 0a 00 00 00 00 07  14 12 16 13 12 1b 12 13
14 11 16 12 1a 1f 1b 12  11 12 10 04 00 00 0c 11
12 0f 12 12 14 14 13 11  0f 05 03 0c 12 11 19 12
11 13 14 0f 0c 0d 0c 09  0d 0e 09 03 04 03 04 0e
10 0e 03 00 00 00 07 0b  0a 0b 09 05 00 00 00 00
00 00 00 00 00 00 00 00  00 00 00 00 00 00 00 00
00 00 00 00 00 00 00 00  00 00 00 00 00 00 00 00
00 00 00 01 00 00 00 00  00 00 00 00 00 00 00 00
00 00 00 00 00 00 00 00  00 0e 00 06 00 00 00 00
00 00 00 00 00 07 0f 1b  12 15 12 12 12 11 11 10
10 0e 0d 09 1e 21 1f 0e  0f 11 0e 01 00 02 02 0c
0c 0d 0d 12 12 13 14 14  12 17 16 16 14 13 14 14
14 14 12 10 0c 0c 0a 0b  10 0d 07 00 05 00 00 09
0b 07 04 00 00 00 0b 10  0b 01 02 02 00 00 00 00
00 00 00 00 00 00 00 00  00 00 00 00 00 00 00 00
00 00 00 00 00 00 00 00  00 00 00 00 00 00 00 00
00 00 00 00 00 00 00 00  00 00 00 00 00 00 00 00
00 00 00 00 08 00 00 00  00 00 00 09 00 00 0a 00
00 00 00 00 13 1b 13 13  10 10 11 10 0e 0a 00 00
00 00 0e 11 1a 20 1b 0b  10 12 0e 02 00 03 03 01
0e 0f 0e 00 00 09 11 13  14 13 14 14 13 13 13 12
11 10 10 10 0b 00 00 0c  0f 0e 09 00 03 04 07 0b
07 00 00 00 00 04 07 0b  09 00 00 00 00 00 00 00
00 00 00 00 00 00 00 00  00 00 00 00 00 00 00 00
00 00 00 00 00 00 00 00  00 00 00 00 00 00 00 00
00 00 00 00 00 00 00 00  00 00 00 00 00 00 00 00
00 00 00 00 00 01 00 06  00 06 00 00 04 00 00 00
10 00 15 16 12 12 11 11  0c 0d 12 0e 00 00 0a 0c
09 00 11 12 11 11 12 10  12 10 0a 00 05 00 04 00
0f 0f 0f 00 00 00 00 08  10 11 11 11 08 00 02 00
03 00 07 0b 07 05 00 0b  10 10 0c 02 07 0b 0d 10
0c 07 0b 0c 0b 07 00 07  0b 09 03 00 00 00 00 00
00 00 00 00 00 00 00 00  00 00 00 00 00 00 00 00
00 00 00 00 00 00 00 00  00 00 00 00 00 00 00 00
00 00 00 00 00 00 00 00  00 00 00 00 00 00 00 00
00 00 00 00 00 00 00 00  00 00 00 00 00 00 00 00
00 10 15 12 12 11 10 12  0c 0a 0d 07 00 04 0c 12
0c 05 0e 11 11 1c 11 0c  0c 07 00 00 00 04 00 01
0c 0f 0c 03 04 00 00 00  00 05 00 02 00 03 00 00
00 04 00 05 03 00 00 07  0d 0d 08 03 0c 10 0d 0b
08 0b 10 0e 10 0c 00 0b  10 0b 00 03 00 00 00 00
00 00 00 00 00 00 00 00  00 00 00 00 00 00 00 00
00 00 00 00 00 00 00 00  00 00 00 00 00 00 00 00
00 00 00 00 00 00 00 00  00 00 00 00 00 00 00 00
00 00 00 00 00 00 00 00  00 00 00 00 00 00 00 00
00 0e 11 10 10 0b 07 0c  07 00 00 00 00 00 07 0c
07 00 00 00 0b 10 0b 00  00 00 00 00 00 00 00 00
00 00 00 00 00 00 00 00  00 00 00 00 00 00 00 00
00 00 00 00 00 00 00 00  00 00 00 00 07 0b 07 00
00 07 0b 0a 0b 07 00 07  0b 07 00 00 00 00 00 00
00 00 00 00 00 00 00 00  00 00 00 00 00 00 00 00
00 00 00 00 00 00 00 00  00 00 00 00 00 00 00 00
00 00 00 00 00 00 00 00  00 00 00 00 00 00 00 00
00 00 00 00 00 00 00 00  00 00 00 00 00 00 00 00
00 00 00 00 00 00 00 00  00 00 00 00 00 00 00 00
00 00 00 00 00 00 00 00  00 00 00 00 00 00 00 00
00 00 00 00 00 00 00 00  00 00 00 00 00 00 00 00
00 00 00 00 00 00 00 00  00 00 00 00 00 00 00 00
00 00 00 00 00 00 00 00  00 00 00 00 00 00 00 00
00 00 00 00 00 00 00 00  00 00 00 00 00 00 00 00
00 00 00 00 00 00 00 00  00 00 00 00 00 00 00 00
00 00 00 00 00 00 00 00  00 00 00 00 00 00 00 00
00 00 00 00 00 00 00 00  00 00 00 00 00 00 00 00
00 00 00 00 00 00 00 00  00 00 00 00 00 00 00 00
00 00 00 00 00 00 00 00  00 00 00 00 00 00 00 00
00 00 00 00 00 00 00 00  00 00 00 00 00 00 00 00
00 00 00 00 00 00 00 00  00 00 00 00 00 00 00 00
00 00 00 00 00 00 00 00  00 00 00 00 00 00 00 00
00 00 00 00 00 00 00 00  00 00 00 00 00 00 00 00
00 00 00 00 00 00 00 00  00 00 00 00 00 00 00 00
00 00 00 00 00 00 00 00  00 00 00 00 00 00 00 00
00 00 00 00 00 00 00 00  00 00 00 00 00 00 00 00
00 00 00 00 00 00 00 00  00 00 00 00 00 00 00 00
00 00 00 00 00 00 00 00  00 00 00 00 00 00 00 00
00 00 00 00 00 00 00 00  00 00 00 00 00 00 00 00
00 00 00 00 00 00 00 00  00 00 00 00 00 00 00 00
00 00 00 00 00 00 00 00  00 00 00 00 00 00 00 00
00 00 00 00 00 00 00 00  00 00 00 00 00 00 00 00
00 00 00 00 00 00 00 00  00 00 00 00 00 00 00 00
00 00 00 00 00 00 00 00  00 00 00 00 00 00 00 00
00 00 00 00 00 00 00 00  00 00 00 00 00 00 00 00
00 00 00 00 00 00 00 00  00 00 00 00 00 00 00 00
00 00 00 00 00 00 00 00  00 00 00 00 00 00 00 00
00 00 00 00 00 00 00 00  00 00 00 00 00 00 00 00
00 00 00 00 00 00 00 00  00 00 00 00 00 00 00 00
00 00 00 00 00 00 00 00  00 00 00 00 00 00 00 00
00 00 00 00 00 00 00 00  00 00 00 00 00 00 00 00
00 00 00 00 00 00 00 00  00 00 00 00 00 00 00 00
00 00 00 00 00 00 00 00  00 00 00 00 00 00 00 00
00 00 00 00 00 00 00 00  00 00 00 00 00 00 00 00
00 00 00 00 00 00 00 00  00 00 00 00 00 00 00 00
00 00 00 00 00 00 00 00  00 00 00 00 00 00 00 00
00 00 00 00 00 00 00 00  00 00 00 00 00 00 00 00
00 00 00 00 00 00 00 00  00 00 00 00 00 00 00 00
00 00 00 00 00 00 00 00  00 00 00 00 00 00 00 00
00 00 00 00 00 00 00 00  00 00 00 00 00 00 00 00
00 00 00 00 00 00 00 00  00 00 00 00 00 00 00 00
00 00 00 00 00 00 00 00  00 00 00 00 00 00 00 00
00 00 00 00 00 00 00 00  00 00 00 00 00 00 00 00
00 00 00 00 00 00 00 00  00 00 00 00 00 00 00 00
00 00 00 00 00 00 00 00  00 00 00 00 00 00 00 00
00 00 00 00 00 00 00 00  00 00 00 00 00 00 00 00
00 00 00 00 00 00 00 00  00 00 00 00 00 00 00 00
00 00 00 00 00 00 00 00  00 00 00 00 00 00 00 00
00 00 00 00 00 00 00 00  00 00 00 00 00 00 00 00
00 00 00 00 00 00 00 00  00 00 00 00 00 00 00 00
00 00 00 00 00 00 00 00  00 00 00 00 00 00 00 00
00 00 00 00 00 00 00 00  00 00 00 00 00 00 00 00
00 00 00 00 00 00 00 00  00 00 00 00 00 00 00 00
00 00 00 00 00 00 00 00  00 00 00 00 00 00 00 00
00 00 00 00 00 00 00 00  00 00 00 00 00 00 00 00
00 00 00 00 00 00 00 00  00 00 00 00 00 00 00 00
00 00 00 00 00 00 00 00  00 00 00 00 00 00 00 00
00 00 00 00 07 00 00 00  14 00 00 00 00 51 00 00
03 00 00 00 00 00 00 00  00 00 00 00 00 00 00 00
00 00 00 00 00 00 00 00  00 00 00 00 00 00 00 00
00 00 00 00 00 00 00 00  00 00 00 00 00 00 00 00
00 00 00 00 00 00 00 00  00 00 00 00 00 00 00 00
00 00 00 00 00 00 00 00  00 00 00 00 00 00 00 00
00 00 00 00 00 00 00 00  00 00 00 00 00 00 00 00
00 00 00 00 00 00 00 00  00 00 00 00 00 00 00 00
00 00 00 00 00 00 00 00  00 00 00 00 00 00 00 00
00 00 00 00 00 00 00 00  00 00 00 00 00 00 00 00
00 00 00 00 00 00 00 00  00 00 00 00 00 00 00 00
00 00 00 00 00 00 00 00  00 00 00 00 00 00 00 00
00 00 00 00 00 00 00 00  00 00 00 00 00 00 00 00
00 00 00 00 00 00 00 00  00 00 00 00 00 00 00 00
00 00 00 00 00 00 00 00  00 00 00 00 00 00 00 00
00 00 00 00 00 00 00 00  00 00 00 00 00 00 00 00
00 00 00 00 00 00 00 00  00 00 00 00 00 00 00 00
00 00 00 00 00 00 00 00  00 00 00 00 00 00 00 00
00 00 00 00 00 00 00 00  00 00 00 00 00 00 00 00
00 00 00 00 00 00 00 00  00 00 00 00 00 00 00 00
00 00 00 00 00 00 00 00  00 00 00 00 00 00 00 00
00 00 00 00 00 00 00 00  00 00 00 00 00 00 00 00
00 00 00 00 00 00 00 00  00 00 00 00 00 00 00 00
00 00 00 00 00 00 00 00  00 00 00 00 00 00 00 00
00 00 00 00 00 00 00 00  00 00 00 00 00 00 00 00
00 00 00 00 00 00 00 00  00 00 00 00 00 00 00 00
00 00 00 00 00 00 00 00  00 00 00 00 00 00 00 00
00 00 00 00 00 00 00 00  00 00 00 00 00 00 00 00
00 00 00 00 00 00 00 00  00 00 00 00 00 00 00 00
00 00 00 00 00 00 00 00  00 00 00 00 00 00 00 00
00 00 00 00 00 00 00 00  00 00 00 00 00 00 00 00
00 00 00 00 00 00 00 00  00 00 00 00 00 00 00 00
00 00 00 00 00 00 00 00  00 00 00 00 00 00 00 00
00 00 00 00 00 00 00 00  00 00 00 00 00 00 00 00
00 00 00 00 00 00 00 00  00 00 00 00 00 00 00 00
00 00 00 00 00 00 00 00  00 00 00 00 00 00 00 00
00 00 00 00 00 00 00 00  00 00 00 00 00 00 00 00
00 00 00 00 00 00 00 00  00 00 00 00 00 00 00 00
00 00 00 00 00 00 00 00  00 00 00 00 00 00 00 00
00 00 00 00 00 00 00 00  00 00 00 00 00 00 00 00
00 00 00 00 00 00 00 00  00 00 00 00 00 00 00 00
00 00 00 00 00 00 00 00  00 00 00 00 00 00 00 00
00 00 00 00 00 00 00 00  00 00 00 00 00 00 00 00
00 00 00 00 00 00 00 00  00 00 00 00 00 00 00 00
00 00 00 00 00 00 00 00  00 00 00 00 00 00 00 00
00 00 00 00 00 00 00 00  00 00 00 00 00 00 00 00
00 00 00 00 00 00 00 00  00 00 00 00 00 00 00 00
00 00 00 00 00 00 00 00  00 00 00 00 00 00 00 00
00 00 00 00 00 00 00 00  00 00 00 00 00 00 00 00
00 00 00 00 00 00 00 00  00 00 00 00 00 00 00 00
00 00 00 00 00 00 00 00  00 00 00 00 00 00 00 00
00 00 00 00 00 00 00 00  00 00 00 00 00 00 00 00
00 00 00 00 00 00 00 00  00 00 00 00 00 00 00 00
00 00 00 00 00 00 00 00  00 00 00 00 00 00 00 00
00 00 00 00 00 00 00 00  00 00 00 00 00 00 00 00
00 00 00 00 00 00 00 00  00 00 00 00 00 00 00 00
00 00 00 00 00 00 00 00  00 00 00 00 00 00 00 00
00 00 00 00 00 00 00 00  00 00 00 00 00 00 00 00
00 00 00 00 00 00 00 00  00 00 00 00 00 00 00 00
00 00 00 00 00 00 00 00  00 00 00 00 00 00 00 00
00 00 00 00 00 00 00 00  00 00 00 00 00 00 00 00
00 00 00 00 00 00 00 00  00 00 00 00 00 00 00 00
00 00 00 00 00 00 00 00  00 00 00 00 00 00 00 00
00 00 00 00 00 00 00 00  00 00 00 00 00 00 00 00
00 00 00 00 00 00 00 00  00 00 00 00 00 00 00 00
00 00 00 00 00 00 00 00  00 00 00 00 00 00 00 00
00 00 00 00 00 00 00 00  00 00 00 00 00 00 00 00
00 00 00 00 00 00 00 00  00 00 00 00 00 00 00 00
00 00 00 00 00 00 00 00  00 00 00 00 00 00 00 00
00 00 00 00 00 00 00 00  00 00 00 00 00 00 00 00
00 00 00 00 00 00 00 00  00 00 00 00 00 00 00 00
00 00 00 00 00 00 00 00  00 00 00 00 00 00 00 00
00 00 00 00 00 00 00 00  00 00 00 00 00 00 00 00
00 00 00 00 00 00 00 00  00 00 00 00 00 00 00 00
00 00 00 00 00 00 00 00  00 00 00 00 00 00 00 00
00 00 00 00 00 00 00 00  00 00 00 00 00 00 00 00
00 00 00 0d 0d 00 00 00  00 00 00 00 00 00 33 37
00 00 00 00 00 00 00 00  00 00 00 00 00 00 00 00
00 00 00 00 00 00 00 00  1e 00 00 00 00 00 00 00
07 00 00 00 00 00 00 00  00 00 00 00 00 00 07 00
00 00 00 00 00 00 00 00  00 00 00 00 00 00 00 1e
00 35 37 00 00 00 00 00  00 00 00 00 35 00 00 00
00 00 00 00 00 00 00 00  00 00 00 00 00 00 00 00
00 00 00 00 00 00 00 00  00 00 00 00 00 00 00 00
00 00 00 00 00 00 00 00  00 00 00 00 00 00 00 00
00 3b 31 0d 00 00 00 00  00 00 00 00 00 00 00 00
00 00 00 00 00 00 00 00  00 00 00 00 00 00 00 00
00 00 00 00 00 00 00 00  35 00 00 00 00 00 00 00
00 00 00 0a 00 00 00 00  00 00 00 00 00 00 00 35
00 00 00 00 00 00 00 00  00 00 00 00 00 00 00 00
00 00 00 35 00 00 00 00  00 00 00 00 00 00 00 00
00 00 00 00 00 00 00 00  00 00 00 00 00 00 00 00
00 00 00 00 00 00 00 00  00 3b 00 00 39 00 0d 00
00 00 00 00 00 00 00 00  3b 00 00 00 00 00 00 00
3b 00 00 00 00 00 00 00  00 00 00 00 00 00 00 00
00 00 00 00 00 00 00 00  00 00 00 00 00 00 00 00
00 00 00 00 00 00 00 00  00 0a 00 00 01 00 00 00
00 00 35 00 00 00 00 00  00 00 00 00 00 00 00 00
00 00 00 00 00 00 00 00  00 00 00 00 00 00 00 00
00 00 00 00 00 00 00 00  00 00 00 00 00 00 00 00
00 00 00 00 00 00 00 00  00 00 00 00 00 00 00 00
00 00 00 00 00 00 00 00  00 00 00 00 13 00 00 00
3b 00 00 00 3b 00 00 00  00 00 00 00 00 00 00 39
00 00 00 00 00 00 00 00  00 00 00 00 00 00 00 00
00 00 00 35 00 00 00 00  00 00 00 00 00 00 00 00
00 00 00 00 00 00 00 00  00 00 00 00 00 00 00 43
00 00 00 00 00 00 00 00  00 00 00 00 00 00 00 00
00 00 00 00 00 00 00 00  00 00 00 00 00 00 00 00
00 00 00 00 00 00 00 00  00 00 00 00 00 00 00 33
00 00 00 00 00 00 00 00  00 00 00 00 00 00 00 00
00 00 00 00 0d 00 00 00  00 00 00 00 00 31 00 00
00 00 00 00 00 00 00 00  00 00 0d 00 00 00 00 00
00 00 00 01 00 00 00 00  00 00 00 00 00 00 97 00
00 00 00 00 00 00 00 00  00 00 00 00 00 00 00 00
00 00 00 00 00 00 00 00  00 00 00 00 00 00 00 00
00 00 00 00 00 00 00 0a  35 00 00 00 00 00 00 00
00 00 00 00 00 00 00 00  00 00 00 00 00 00 00 00
00 00 00 00 00 00 00 00  00 00 00 00 00 00 00 00
00 00 00 00 00 00 00 00  00 00 00 00 00 00 00 00
00 00 00 3b 00 00 00 00  00 00 00 00 00 00 00 00
00 00 00 00 00 00 00 00  00 00 00 00 00 00 00 00
00 00 00 00 00 00 00 00  00 35 00 00 00 00 00 00
00 00 00 00 00 00 00 00  00 00 0a 00 00 00 00 00
00 00 00 00 00 00 00 00  00 00 00 00 00 35 00 31
00 00 00 00 00 00 00 00  00 00 00 1a 35 00 00 00
00 00 00 00 00 00 00 00  00 00 00 00 00 00 00 00
00 00 00 00 00 00 00 00  00 00 00 00 00 00 00 00
00 00 00 00 00 00 00 00  00 00 00 00 00 00 00 00
00 00 00 00 00 00 00 00  00 01 00 00 00 00 00 00
00 00 00 00 00 00 00 00  00 00 00 00 00 00 00 00
00 00 00 00 00 00 00 00  00 00 00 00 00 00 00 00
00 00 00 00 00 00 00 00  00 00 00 00 00 00 00 00
00 00 00 00 00 00 00 00  00 00 00 00 00 00 00 00
00 00 00 00 00 00 00 00  00 00 00 00 00 00 00 00
00 00 00 00 00 00 0a 00  00 00 00 00 00 00 00 00
00 00 00 00 00 00 00 00  00 00 00 00 00 00 00 00
00 00 00 00 00 00 00 00  00 00 00 00 00 00 00 00
00 00 3b 00 00 00 00 00  00 00 00 00 00 00 00 00
00 00 00 10 00 00 00 00  00 00 00 00 00 00 00 00
00 00 00 00 00 00 00 00  00 00 00 00 00 00 00 00
00 00 00 00 00 00 00 00  00 00 00 00 00 00 00 00
00 00 00 00 00 00 00 00  00 00 00 00 00 00 00 00
00 00 00 00 00 00 00 00  00 00 00 00 00 00 00 00
00 00 00 00 00 00 00 00  00 00 07 00 00 00 00 00
00 00 00 00 00 00 00 00  00 00 00 00 35 00 00 00
00 00 00 00 00 00 00 00  00 00 00 00 00 00 00 00
00 00 07 00 00 00 00 00  00 00 00 00 00 00 35 00
00 00 00 00 00 00 00 29  00 00 00 00 00 00 00 00
00 00 00 00 00 00 00 00  00 00 00 00 00 00 00 00
00 00 00 00 00 00 00 00  00 00 00 00 00 00 00 00
00 00 07 00 00 00 00 00  00 00 00 00 00 00 00 00
00 00 00 00 00 00 00 00  00 00 00 00 00 00 00 00
00 00 00 00 00 00 00 00  00 00 00 00 00 00 00 00
00 00 35 00 00 00 00 00  00 00 00 00 00 00 00 00
00 00 00 00 00 00 00 00  00 00 00 00 00 00 00 00
00 00 00 00 0d 39 39 00  00 10 00 00 00 00 00 00
00 00 00 00 00 00 00 00  00 00 00 00 00 00 00 00
00 00 00 00 00 00 00 00  00 00 00 00 00 00 00 00
00 00 00 00 00 00 00 00  00 00 00 00 00 00 00 00
00 00 00 00 00 00 00 00  00 00 00 00 0a 00 00 00
00 00 00 00 00 00 01 00  00 00 00 00 00 43 00 00
00 00 00 00 00 00 00 00  00 00 00 00 00 00 00 00
00 00 00 00 00 00 00 00  00 00 00 00 00 00 00 0a
00 00 00 00 00 00 00 00  00 00 00 00 00 00 00 00
00 00 3b 00 00 00 3b 00  00 00 00 00 43 00 00 00
00 29 00 00 00 00 00 00  00 00 00 35 00 00 00 00
00 00 00 00 00 00 00 00  00 00 00 00 00 00 00 00
00 00 00 00 00 00 00 00  00 00 00 00 00 00 00 00
00 00 00 00 00 00 00 00  00 00 00 00 00 00 00 00
13 00 00 00 00 00 00 00  00 00 00 00 00 00 00 00
00 00 00 00 00 00 00 00  00 00 00 00 00 00 00 00
00 00 00 00 00 00 00 00  00 00 00 00 00 00 00 00
00 00 00 00 00 00 00 00  00 00 00 00 00 00 00 00
00 00 00 00 00 00 3b 00  00 00 00 00 00 00 00 00
00 00 00 2b 00 00 00 00  00 00 35 35 00 00 00 00
00 00 00 00 00 00 00 00  00 00 00 00 00 00 00 00
00 98 00 00 00 00 00 00  00 00 00 00 00 00 00 00
00 00 00 00 35 00 00 00  00 00 00 00 00 00 00 00
00 00 00 00 00 00 00 00  00 00 35 00 00 00 00 00
00 00 00 00 00 00 00 00  00 00 00 00 00 00 00 00
00 00 00 00 00 00 00 00  00 00 00 00 00 00 00 00
00 00 00 00 00 00 00 00  00 00 00 00 00 00 00 00
00 00 00 00 00 0d 00 00  00 00 00 00 00 00 00 00
00 00 00 00 00 00 00 0a  00 00 00 00 00 00 00 00
00 00 00 00 00 00 00 01  00 00 00 00 00 00 00 00
00 00 00 00 00 00 00 00  00 00 00 00 00 00 00 00
00 00 00 00 00 00 00 00  00 00 00 00 00 00 35 00
00 00 00 00 00 00 00 00  00 00 00 00 00 00 00 00
29 00 00 00 00 00 00 00  00 00 00 00 00 00 00 00
00 00 00 00 00 00 00 00  00 00 00 00 00 00 00 33
00 00 00 00 00 00 00 00  00 00 00 00 00 00 00 00
00 00 00 00 00 00 00 00  35 00 00 00 00 00 00 10
00 00 00 00 00 00 00 00  00 00 00 00 00 00 00 00
00 00 00 00 00 00 00 00  00 00 00 00 00 00 00 00
00 00 00 00 00 00 00 00  00 00 00 99 00 00 00 00
00 00 00 00 00 00 00 00  00 00 00 00 00 00 00 00
00 00 00 00 29 00 00 00  00 00 00 00 00 00 2b 00
00 00 00 00 00 00 00 00  00 00 00 00 00 00 00 00
00 00 35 00 0a 00 00 00  00 00 00 00 00 37 0a 33
00 00 00 00 00 00 00 00  00 00 00 00 00 00 00 00
00 00 0d 00 00 00 00 00  00 00 00 00 00 00 00 00
00 00 35 00 00 00 35 00  00 00 00 00 00 00 00 00
00 00 00 00 00 00 00 00  00 00 00 00 00 00 00 00
00 00 00 00 00 00 00 00  00 00 00 00 00 00 00 00
00 00 00 00 00 00 00 00  00 00 00 00 00 00 00 00
00 00 00 00 00 00 00 00  00 29 00 00 00 00 00 00
00 00 00 00 01 00 00 00  00 00 00 00 00 00 00 00
35 00 00 00 00 00 00 00  00 00 00 00 00 00 00 00
00 00 00 00 00 00 00 00  00 00 00 00 00 00 00 00
00 00 3b 00 00 00 00 00  00 00 00 00 29 00 00 00
00 00 00 00 00 00 0a 00  00 00 00 00 00 00 00 00
00 00 00 00 00 00 00 00  00 00 00 00 35 00 00 00
00 00 00 00 00 00 00 00  00 00 00 00 00 00 00 00
00 00 00 00 00 00 00 00  00 00 00 00 00 00 00 0a
00 00 00 00 35 00 00 00  00 00 00 00 00 1b 00 00
00 00 00 00 00 00 00 00  00 00 00 00 00 00 00 00
00 00 00 00 00 00 33 00  00 00 00 00 00 00 00 00
00 00 00 00 00 00 00 00  00 00 00 00 00 00 00 00
00 00 00 00 00 00 00 00  00 00 00 00 00 00 00 00
00 00 00 00 00 00 00 00  00 00 00 00 00 00 00 00
00 00 00 00 00 35 00 00  00 00 00 00 00 00 00 00
00 00 00 00 00 00 00 00  00 00 00 00 00 00 00 00
00 00 00 00 00 00 00 00  00 00 00 00 00 00 00 00
00 00 00 00 00 00 00 00  00 00 00 00 00 35 00 00
00 00 00 00 00 00 10 00  00 0d 00 00 00 00 00 00
00 00 00 00 00 00 00 00  00 00 00 00 00 00 00 10
00 00 00 00 00 00 00 00  00 00 00 00 00 00 00 00
00 00 00 00 00 00 01 00  00 10 00 00 00 00 00 00
00 31 00 00 00 00 00 00  00 00 00 00 00 00 00 00
00 00 00 00 00 00 00 00  00 00 00 00 00 00 00 00
00 00 00 00 00 00 00 00  00 00 00 00 00 00 00 00
00 00 00 00 00 00 00 00  00 00 00 00 00 00 00 00
00 00 00 00 00 35 00 00  29 00 00 00 00 00 00 00
00 00 00 00 00 00 00 00  00 00 00 0d 00 00 43 00
00 00 00 00 00 00 00 00  00 00 00 31 00 00 00 00
00 00 00 00 00 00 00 00  00 00 00 00 00 00 00 00
00 00 3b 00 00 00 00 00  00 00 00 00 00 00 00 2b
00 00 00 00 00 00 00 00  00 00 00 00 00 00 00 00
10 00 00 00 00 00 00 00  00 00 00 00 00 00 00 00
00 00 00 00 00 00 00 00  00 00 00 00 00 00 00 00
00 00 00 00 00 00 00 00  00 00 00 00 00 00 00 00
00 00 00 00 00 00 00 00  00 00 00 00 00 00 00 00
00 00 00 00 00 00 00 00  00 00 00 00 00 00 00 00
01 00 00 00 00 00 00 00  00 00 00 00 00 00 00 00
00 00 00 00 00 00 00 00  00 00 00 00 00 00 00 00
00 00 00 0d 00 00 00 00  00 00 00 00 01 00 00 00
00 00 00 00 00 00 00 00  00 00 00 00 00 00 00 00
00 00 00 00 00 00 00 00  3b 0d 3b 39 3b 00 00 00
00 00 00 00 00 00 00 00  00 00 00 00 00 00 00 00
00 00 00 0a 00 00 00 00  00 00 00 00 00 00 00 00
00 00 00 00 00 00 00 00  00 13 00 00 00 00 00 00
00 00 00 00 00 00 00 35  00 00 00 00 00 00 00 00
00 00 00 00 00 00 00 00  00 00 00 00 00 01 00 00
00 00 00 00 00 00 00 00  00 00 00 00 00 00 00 00
00 00 00 00 00 00 00 13  00 00 00 00 00 00 00 00
00 00 00 00 33 00 00 00  00 00 00 00 00 00 00 00
00 00 00 00 00 00 3b 00  00 00 00 00 00 00 3b 00
00 01 00 00 00 00 00 00  00 00 37 00 00 00 00 00
00 07 00 00 00 00 00 00  00 00 00 00 00 00 00 00
00 00 00 00 00 00 00 00  00 00 00 00 00 00 00 00
00 00 00 00 00 00 00 00  00 00 00 00 00 00 00 00
00 00 00 00 01 00 00 00  00 29 00 00 00 00 00 00
00 00 00 00 00 00 00 00  00 00 00 00 00 00 00 00
00 00 00 00 00 00 00 00  00 00 00 00 00 00 00 00
00 00 00 00 00 35 00 00  00 00 00 00 00 00 00 00
00 00 00 39 0d 00 00 00  00 00 00 00 00 00 00 00
0d 00 00 00 00 00 00 00  00 00 00 00 00 00 00 00
00 00 00 00 00 00 00 00  00 00 00 00 00 00 35 00
00 00 00 37 00 00 35 00  00 00 00 2b 00 00 00 00
00 00 00 00 00 00 00 00  00 00 00 01 00 00 00 00
00 00 00 00 00 00 00 00  00 00 00 00 00 00 00 00
00 00 00 00 00 00 00 00  00 00 00 00 00 00 00 00
00 00 00 3b 00 00 00 00  00 00 00 00 35 00 00 00
00 00 00 00 00 00 00 00  00 00 00 00 00 00 00 00
00 00 3b 00 00 00 00 00  00 00 00 00 00 00 00 00
00 00 00 00 00 00 00 00  00 00 00 00 00 00 00 00
00 00 00 00 00 00 00 00  00 00 00 00 00 00 00 00
00 00 00 00 00 00 00 00  00 00 00 00 00 00 00 00
00 35 00 00 00 00 00 00  00 00 00 00 00 00 00 00
00 00 00 00 00 00 29 00  00 00 00 00 00 00 00 00
00 00 00 00 00 00 00 00  00 00 00 00 00 00 00 00
00 00 00 00 37 00 00 00  00 00 00 00 00 00 00 00
29 00 00 00 00 00 00 00  00 00 00 00 00 00 00 00
00 00 00 00 00 00 00 00  00 00 00 00 00 00 00 00
00 00 00 00 00 00 00 00  00 00 00 00 00 00 00 00
00 00 00 00 00 00 00 00  00 00 00 00 00 35 00 00
00 00 00 00 00 00 00 43  00 00 00 00 00 00 00 00
31 00 00 00 00 1d 00 00  00 35 00 00 00 00 00 00
00 00 13 00 00 00 00 00  00 00 35 00 00 2b 00 00
00 00 00 00 00 00 00 00  00 00 00 00 00 00 00 00
00 00 0d 00 00 00 31 00  00 00 00 00 00 43 00 00
00 00 00 00 00 00 0a 00  00 00 00 00 00 00 00 00
00 00 00 00 00 00 00 00  00 00 00 00 00 00 00 00
0d 00 00 00 00 00 00 00  00 00 00 00 00 00 00 00
00 00 00 00 00 00 00 00  00 00 00 00 00 00 00 00
00 00 00 00 00 00 00 00  00 00 00 00 00 00 00 00
00 00 00 00 00 00 00 00  00 00 00 00 00 00 00 00
00 00 00 00 00 00 00 00  00 00 00 00 00 00 00 00
00 00 00 00 00 00 00 00  00 00 00 00 00 00 00 00
00 00 00 00 00 00 00 00  01 00 00 00 00 00 00 00
00 00 00 35 00 00 00 00  00 00 00 00 00 00 00 00
00 00 00 0d 00 00 00 00  00 00 00 00 00 39 39 00
00 00 00 00 00 00 00 00  00 33 00 00 00 00 00 00
00 00 00 00 00 00 00 00  00 00 00 00 00 00 00 00
00 00 00 00 00 00 00 00  00 00 00 00 00 00 00 00
00 00 00 00 00 00 00 00  00 00 00 00 00 00 00 00
00 00 00 00 00 00 35 00  00 00 00 00 00 00 00 00
00 00 00 00 00 00 00 00  00 00 00 00 00 00 00 00
00 00 0d 00 19 00 00 00  00 00 00 00 00 00 00 29
00 00 00 00 00 00 00 00  00 00 00 00 00 00 00 00
00 00 00 01 3b 00 00 00  00 00 00 0d 00 00 00 00
00 00 00 00 00 00 00 00  00 00 00 00 00 00 00 00
00 00 35 00 00 00 00 00  00 00 00 00 00 00 00 00
00 00 00 00 00 00 00 00  00 00 00 00 00 00 00 00
00 00 00 00 00 00 00 00  00 00 00 00 00 00 00 00
00 00 39 3b 00 00 00 00  00 00 00 00 00 00 00 00
00 00 00 00 00 00 00 00  00 00 00 00 00 00 00 00
00 00 00 00 00 00 00 00  00 00 00 00 00 00 00 00
00 00 00 00 00 00 00 00  00 00 00 00 00 00 00 00
00 00 00 00 00 39 00 00  3b 3b 00 00 00 00 00 00
00 00 00 00 00 00 00 00  00 00 00 00 00 00 00 00
00 00 00 0a 00 00 00 00  00 00 00 00 00 00 00 00
00 00 35 00 00 00 00 00  00 00 00 00 00 00 00 00
00 00 35 00 00 00 00 00  00 00 00 43 00 00 01 00
00 00 00 00 00 3b 00 00  00 00 00 0d 00 00 00 00
00 00 00 00 00 00 00 00  00 00 00 00 00 00 00 00
00 00 39 00 00 00 00 00  00 00 0d 00 00 00 00 00
00 00 00 00 00 00 00 00  00 00 00 00 00 00 00 00
00 10 00 00 00 00 00 00  00 00 00 00 00 00 00 00
00 00 00 00 00 00 00 42  00 00 00 00 00 00 00 00
00 00 00 00 00 00 00 00  00 00 00 00 00 00 00 00
00 00 00 00 00 00 00 00  00 00 00 00 00 00 00 00
00 00 00 00 00 00 00 00  00 00 00 00 00 00 00 00
00 0d 00 00 00 00 39 3b  00 0d 00 00 00 00 13 00
00 00 00 00 00 00 00 00  00 00 00 00 00 00 00 00
00 00 00 0d 00 00 00 00  00 00 00 00 00 00 00 00
00 13 00 00 00 00 00 00  00 00 00 00 00 00 00 00
00 1d 00 00 00 00 00 00  00 00 00 00 00 00 00 00
00 00 00 00 32 00 00 00  00 00 00 00 00 00 00 00
00 00 00 00 00 00 00 00  00 00 00 00 00 1a 00 00
00 00 00 00 00 00 00 29  00 00 00 35 00 00 00 00
00 00 00 00 00 00 00 00  00 00 35 00 00 00 00 00
00 00 00 00 00 00 00 00  0d 00 00 00 00 00 00 00
00 00 00 00 00 00 00 00  00 00 00 00 00 00 00 00
00 00 00 00 39 3b 00 00  00 00 00 00 00 00 00 00
00 00 00 00 00 00 00 00  00 00 00 00 00 00 00 00
00 00 00 00 00 00 00 00  35 00 00 00 00 00 00 00
00 00 00 1b 00 00 00 00  00 00 00 00 00 00 00 00
00 00 00 00 00 00 00 00  00 00 00 0a 00 00 00 00
00 00 00 00 00 00 00 00  00 00 00 00 00 00 00 00
00 00 00 35 00 00 00 00  00 00 00 00 00 00 00 00
3b 00 00 00 00 00 00 00  00 00 00 00 00 00 00 35
00 00 00 00 00 00 00 00  00 00 00 00 00 00 00 00
00 00 00 00 00 00 0d 00  00 00 00 00 00 00 00 00
00 00 00 00 00 00 0d 00  00 00 00 00 00 00 00 00
00 00 00 00 00 00 00 00  00 00 00 00 00 00 00 00
00 00 00 00 00 00 00 00  00 00 00 00 00 37 00 00
00 00 00 00 00 00 00 00  00 00 00 35 00 00 00 00
00 00 29 00 00 00 00 00  29 00 00 00 07 00 00 00
00 00 00 00 00 00 00 00  00 00 00 00 00 00 3b 39
00 00 00 00 00 00 00 00  00 00 00 00 0d 00 00 00
00 00 00 00 00 00 00 00  00 00 00 00 00 00 00 00
00 00 00 00 00 00 00 00  00 00 00 00 00 3b 0d 00
00 00 00 00 3b 00 00 00  00 00 00 10 00 00 00 00
00 00 00 00 00 00 00 00  00 00 00 00 00 00 00 00
44 00 00 00 00 00 00 00  00 00 00 00 00 00 00 00
00 35 00 00 00 00 00 00  00 00 37 00 00 00 00 00
00 00 00 00 00 00 00 00  00 00 00 00 00 00 00 00
00 00 00 00 00 00 00 00  00 00 00 00 00 39 00 00
00 00 00 00 00 00 00 00  00 00 00 00 00 3b 39 0d
00 00 00 00 00 00 00 00  00 00 00 00 00 00 00 00
00 00 00 00 00 00 00 00  00 00 00 00 00 00 00 00
3b 0d 39 00 00 00 00 3b  00 00 00 00 00 00 00 00
00 00 00 00 00 00 00 00  00 00 00 00 00 00 12 00
00 00 00 00 00 00 3e 00  00 00 00 00 00 00 00 00
00 00 00 37 00 00 00 00  00 00 00 00 00 00 00 00
00 00 00 00 00 00 00 00  43 00 00 00 00 00 00 00
00 00 00 00 00 00 00 00  00 00 00 00 00 00 00 00
00 00 00 00 00 00 00 00  00 00 00 00 00 00 00 00
00 00 00 00 00 00 00 00  00 00 00 00 00 00 00 00
00 00 00 00 00 3b 0d 00  3b 00 00 00 00 00 00 00
00 00 00 00 00 00 00 00  00 00 00 00 00 00 00 00
00 00 00 00 00 00 00 00  00 00 00 00 00 00 00 00
00 00 00 00 00 00 00 00  00 00 00 00 00 00 00 00
00 c0 00 0a 00 00 00 00  00 00 37 00 00 00 00 00
00 00 00 2b 00 00 1e 00  00 00 00 00 00 37 00 00
00 00 00 00 00 00 00 00  00 00 00 00 00 0d 00 00
00 00 00 00 00 00 00 00  00 00 00 00 00 00 00 00
00 00 00 00 00 00 00 00  00 00 00 00 00 00 00 00
00 00 00 3b 00 00 00 00  00 00 39 3b 00 00 00 00
00 00 00 00 00 00 00 00  00 00 00 00 00 00 00 00
00 00 00 00 00 00 29 00  00 00 00 00 00 00 00 00
00 00 00 00 00 00 00 00  00 09 00 00 00 00 00 00
00 00 00 00 00 00 00 00  00 31 0a 00 00 00 00 00
00 00 00 00 00 00 00 00  00 00 00 00 00 00 00 00
00 00 00 00 00 00 0a 00  00 00 00 00 00 00 3b 39
00 00 00 00 00 00 00 00  00 00 00 00 00 00 00 00
00 00 00 00 00 00 00 00  00 00 00 00 00 00 00 00
00 00 0d 00 00 00 00 00  00 00 00 39 00 00 00 00
00 0d 3b 00 00 00 00 00  00 00 00 00 00 00 00 00
00 00 00 00 00 00 00 00  00 00 00 13 00 00 00 00
00 00 00 00 00 40 00 00  00 00 00 00 00 10 00 be
00 00 00 00 00 00 00 00  00 37 00 00 c0 00 00 00
00 07 00 00 00 00 00 00  29 00 00 00 00 00 00 00
00 00 00 00 00 00 00 00  00 00 00 00 00 00 00 00
0d 00 3b 00 00 00 00 00  00 00 00 00 00 00 00 00
00 00 00 00 00 00 00 00  00 00 00 00 00 00 00 00
00 0d 39 00 00 00 13 00  00 00 00 00 00 00 00 00
00 00 00 00 00 00 00 00  00 00 00 00 00 00 00 00
00 00 00 00 43 00 00 00  07 00 00 00 00 29 00 00
2b 00 00 00 00 00 00 00  00 00 00 00 00 00 00 00
00 00 00 00 00 00 00 00  00 00 00 00 00 be 00 00
00 00 00 00 13 00 00 00  00 00 00 00 43 00 00 00
00 00 00 00 00 00 00 00  00 00 35 00 00 00 00 00
00 00 00 00 00 0d 39 00  00 00 00 00 00 00 0d 00
00 00 00 00 00 00 00 00  00 00 00 00 00 00 00 00
00 00 00 00 00 31 00 00  00 00 00 00 00 00 00 00
00 00 00 00 00 00 00 00  00 00 00 00 00 00 00 00
00 00 00 00 00 00 00 00  00 00 00 00 00 00 00 00
00 00 00 00 00 00 00 12  00 00 00 00 37 00 43 00
00 00 00 00 00 00 00 00  00 35 00 00 00 00 00 00
00 00 00 00 33 00 00 00  35 00 00 00 00 00 00 00
35 00 00 00 00 00 00 00  00 00 00 00 0a 00 00 33
00 00 00 00 00 00 00 1a  3b 00 00 00 00 00 00 00
00 00 00 00 00 00 00 00  00 00 00 00 00 00 00 00
00 3b 00 00 00 00 00 00  00 00 00 00 00 00 00 00
00 00 00 00 00 00 00 00  00 00 00 35 00 00 00 00
35 00 00 00 00 00 00 00  00 43 00 00 00 00 00 00
00 00 00 00 00 00 00 00  00 00 00 00 00 00 00 35
00 00 00 00 00 00 00 00  00 00 00 00 00 00 00 00
00 29 00 00 00 00 00 00  00 00 00 00 00 00 00 00
00 00 00 00 00 00 00 00  00 00 00 00 00 00 00 00
00 00 00 00 00 00 00 00  00 00 00 00 00 00 00 00
00 00 00 00 00 00 00 00  00 00 00 00 00 00 00 00
00 00 00 00 00 00 35 00  29 00 00 00 00 00 00 00
00 00 00 00 00 00 37 00  0a 00 00 00 00 00 00 00
00 00 00 00 00 00 29 00  00 00 00 10 00 00 00 29
00 00 00 00 1e 00 00 00  00 35 1a 00 31 00 00 00
00 00 00 00 00 00 00 00  00 be 00 00 00 35 00 00
00 00 00 00 00 00 00 00  00 00 00 00 00 00 00 00
00 00 00 00 00 00 00 00  00 00 00 00 00 00 00 00
00 00 01 00 00 00 00 00  00 00 07 00 00 00 00 00
00 00 00 00 00 00 00 00  00 00 00 00 00 00 00 00
00 00 00 00 00 00 00 00  00 00 00 00 00 00 00 00
00 00 00 00 00 35 00 00  00 00 00 00 00 00 00 00
00 00 00 00 00 00 00 00  00 00 00 00 00 00 00 00
00 00 00 00 00 00 00 00  00 00 00 10 00 00 00 be
37 00 00 00 00 00 00 00  00 00 00 00 00 00 00 00
2b 00 00 00 00 00 13 00  00 29 00 00 29 00 00 00
00 00 00 00 00 00 00 00  00 00 00 00 00 31 00 00
00 00 00 00 00 00 00 00  00 00 00 00 00 35 00 00
00 00 00 00 00 00 00 00  00 00 00 00 00 00 00 00
00 0d 00 00 35 00 00 00  00 00 00 33 00 00 35 00
00 00 00 00 00 00 00 00  00 00 00 00 00 00 00 00
00 00 13 00 2b 00 00 00  31 00 3d 00 00 00 10 00
00 00 00 00 00 00 00 00  00 3f 00 00 00 00 00 00
0a 00 00 00 00 00 00 00  0a 00 00 00 00 00 10 00
00 00 00 00 00 00 00 00  00 00 00 00 00 00 00 00
00 00 00 00 00 00 00 00  00 00 00 00 00 35 00 00
00 00 00 00 00 00 00 00  00 00 00 00 00 00 00 00
00 00 00 00 00 00 00 00  00 00 00 00 00 00 00 00
00 00 00 00 00 00 00 00  00 00 00 00 00 00 00 00
00 00 00 00 00 00 00 00  00 00 00 00 00 35 00 00
00 00 00 00 00 00 00 00  00 00 00 00 00 00 00 00
00 00 00 00 00 00 43 00  00 00 00 00 00 00 00 00
00 00 00 00 00 00 00 00  37 00 00 00 00 00 00 00
00 00 00 00 29 00 00 00  00 00 00 10 00 00 00 00
00 00 00 00 00 00 00 00  00 00 00 00 00 00 00 00
00 00 13 00 00 00 00 00  00 00 00 00 00 00 00 31
00 00 00 00 00 00 00 00  00 00 00 00 00 00 00 00
00 00 00 00 00 00 00 2b  00 00 00 00 00 00 00 00
0a 00 00 33 00 00 00 00  00 00 00 00 31 37 00 00
00 10 00 00 00 00 00 00  00 00 00 00 00 00 00 00
00 00 00 00 00 00 00 00  00 00 00 00 0a 00 00 00
00 00 00 00 00 00 00 00  00 00 00 00 00 00 00 00
00 00 00 00 00 00 00 2b  00 00 00 00 00 00 10 00
00 00 00 35 37 00 00 00  00 00 00 00 00 00 00 00
35 00 00 00 00 00 00 00  91 00 00 00 00 00 00 00
00 00 00 00 00 00 00 00  00 00 00 00 00 00 00 00
00 3b 00 00 00 00 00 00  00 00 35 00 00 00 00 00
00 00 00 00 00 00 00 00  00 00 00 00 37 35 00 00
00 00 00 00 00 00 29 00  00 00 00 00 00 00 00 00
00 00 00 00 07 00 00 00  00 00 00 00 00 00 00 00
00 00 00 00 00 00 00 00  00 00 00 00 00 00 00 00
00 00 00 00 00 00 00 00  00 00 35 00 00 00 00 00
00 00 00 00 37 35 00 00  00 00 37 0a 00 00 00 00
00 00 00 00 00 00 00 00  00 00 00 00 00 00 00 00
00 00 00 00 00 00 00 00  00 00 00 00 00 00 00 00
00 00 00 00 00 00 00 00  00 00 00 00 00 00 00 00
00 00 00 00 00 00 00 00  00 00 00 00 00 00 00 00
00 00 00 00 00 00 00 00  00 00 00 00 00 00 00 00
00 00 35 00 00 00 00 00  35 00 00 00 00 00 00 00
00 00 00 00 00 00 00 00  00 00 00 a0 00 00 00 00
00 00 00 00 00 00 00 00  00 00 00 00 00 00 00 00
07 00 00 00 00 00 00 00  00 35 37 00 00 00 00 00
00 33 00 00 00 00 00 00  00 00 00 00 00 00 00 00
00 00 00 00 00 00 00 00  00 00 00 00 00 00 00 00
39 00 00 00 00 00 00 00  00 00 00 00 00 00 00 00
00 00 00 00 00 00 00 00  00 0a 00 00 00 00 00 00
00 00 00 00 00 00 00 00  37 00 00 00 00 00 00 00
00 00 00 00 00 00 00 00  00 00 00 00 00 00 00 00
00 00 00 00 00 00 00 00  00 00 00 00 00 00 00 00
00 00 00 00 00 07 00 00  00 00 00 00 00 00 00 00
00 00 00 00 00 33 00 00  00 00 00 00 00 00 00 00
00 00 00 00 00 00 00 00  00 00 00 00 00 00 00 00
00 00 00 00 00 00 00 00  00 00 00 00 00 00 00 00
00 0d 00 00 00 00 00 00  00 00 00 35 00 00 00 00
00 00 00 00 00 00 00 00  00 33 00 00 00 00 00 00
00 1e 00 00 19 00 00 00  00 00 00 00 00 00 00 00
00 00 00 00 35 00 00 00  00 00 00 00 00 00 00 00
00 00 0a 35 00 00 00 a2  00 00 00 00 00 00 00 00
00 00 00 00 00 00 00 00  00 00 00 00 00 00 00 00
00 00 13 00 00 00 00 00  00 00 00 00 00 00 00 00
00 00 00 00 00 00 00 00  00 00 00 00 00 43 00 00
00 00 00 00 00 00 00 00  00 00 00 00 00 00 00 00
00 00 00 00 29 00 00 00  00 00 00 00 00 00 00 00
00 00 00 00 00 00 00 00  00 00 00 37 00 00 00 00
00 00 00 00 00 35 00 00  00 00 00 00 00 00 00 00
00 00 0a 00 00 00 00 00  00 00 00 00 00 00 0a 00
00 35 00 00 00 00 00 00  00 00 00 00 00 00 00 00
00 00 a2 00 00 00 00 00  00 10 00 01 00 00 31 00
00 00 00 00 00 35 00 00  00 00 00 00 00 00 01 00
00 00 00 00 00 00 00 00  00 00 00 00 00 00 00 35
00 00 00 00 00 00 00 00  00 00 00 00 00 00 00 00
00 00 00 00 00 00 00 13  00 00 00 00 00 00 00 00
35 00 00 00 00 35 00 00  37 00 00 00 00 00 00 00
00 00 31 00 00 00 00 00  00 00 00 00 00 00 00 00
00 00 00 00 00 00 00 00  00 35 00 00 00 00 00 00
00 00 00 00 00 07 00 00  00 00 00 00 00 00 00 00
00 00 00 00 00 00 00 00  00 00 00 00 00 00 00 00
00 00 00 00 00 00 00 00  00 35 00 00 00 00 00 00
00 00 00 00 00 00 00 00  00 01 00 00 00 00 00 00
00 00 00 00 00 00 00 00  00 00 00 00 00 00 00 00
00 00 0d 00 00 00 00 00  00 00 00 00 00 00 00 00
00 00 00 00 00 00 00 00  00 00 00 00 00 00 00 10
00 00 00 00 00 00 00 00  00 00 35 00 00 00 33 00
00 00 00 00 00 00 00 00  00 00 00 00 00 00 00 00
00 00 00 00 00 00 00 00  00 00 00 00 00 00 00 00
00 00 00 00 00 00 00 00  00 00 00 00 00 00 00 00
00 00 00 00 00 00 00 00  00 00 00 00 00 00 00 00
00 00 00 35 00 00 00 00  00 00 00 00 00 00 00 00
00 00 00 00 00 00 00 00  00 00 00 00 00 00 00 00
00 00 0d 00 00 31 00 00  00 00 00 00 00 00 00 00
00 00 00 00 00 00 00 00  00 00 00 00 00 00 00 00
00 00 00 00 13 00 00 00  00 00 00 00 00 35 00 00
00 00 00 00 00 00 35 00  00 00 00 00 0a 00 00 00
00 00 00 00 00 00 00 00  00 00 00 00 00 00 00 00
00 00 00 00 00 00 00 00  00 00 00 00 00 35 00 00
00 00 00 00 00 00 00 00  00 00 00 31 00 00 00 1b
00 00 00 00 00 37 00 00  00 00 00 00 00 00 00 00
00 00 00 00 00 00 00 00  00 00 00 00 00 00 00 00
00 00 00 00 00 00 00 00  00 00 29 00 00 00 00 00
00 00 00 00 00 13 00 00  00 00 00 00 00 00 00 00
00 00 00 00 00 00 00 00  00 00 00 00 0a 00 00 00
00 00 00 00 00 00 00 00  00 00 00 00 00 00 00 00
00 00 00 00 00 00 00 00  a2 00 00 00 a4 00 00 00
00 00 00 00 00 00 00 00  00 00 00 00 00 43 00 00
00 01 00 00 00 00 01 00  00 07 00 00 00 00 00 00
00 00 00 00 00 00 00 00  00 00 00 00 00 00 00 00
00 00 00 00 00 00 00 00  00 00 00 00 00 00 00 00
00 00 00 00 00 00 00 35  00 00 00 00 00 00 00 0d
00 00 00 00 00 00 00 00  00 10 00 35 00 00 00 00
00 00 00 00 00 00 00 00  00 00 00 0a 00 00 00 00
00 00 00 00 35 00 00 00  00 00 00 00 00 00 00 00
00 01 00 00 00 00 00 00  00 00 00 00 00 00 00 00
00 00 a4 00 00 00 00 00  00 07 00 00 00 00 00 00
00 00 00 00 00 00 00 00  00 00 00 00 00 00 00 00
00 00 00 1e 00 00 00 34  00 00 2c 00 00 00 03 00
00 00 00 00 00 00 00 00  00 00 00 00 00 00 00 00
00 00 00 0d 00 00 00 00  00 00 00 00 00 3b 00 00
00 00 00 00 00 00 00 00  00 00 00 00 00 00 00 00
00 00 00 00 00 00 00 00  00 00 00 00 00 00 00 00
00 0a 00 00 00 00 00 00  00 01 2b 00 00 04 00 00
00 00 00 00 00 29 00 00  00 00 00 26 00 00 00 00
00 00 00 00 07 00 00 00  00 00 00 00 00 00 00 00
00 00 00 00 00 00 00 00  00 00 00 00 00 00 03 00
00 00 00 00 00 00 00 00  00 00 00 00 12 00 00 00
00 00 00 00 00 00 00 00  00 00 00 00 00 00 00 00
00 00 00 00 00 00 00 00  00 00 00 00 00 00 00 00
00 00 00 1d 00 00 00 00  00 00 00 00 00 00 00 00
00 00 00 0a 00 00 00 00  00 00 00 00 00 00 00 00
00 00 00 31 00 00 00 00  00 00 00 00 00 00 00 00
29 00 00 00 00 00 00 00  00 00 00 00 00 00 00 00
00 00 00 00 00 00 00 00  00 00 00 00 00 00 00 0c
00 00 00 00 00 00 00 03  00 00 00 40 00 00 00 00
00 00 00 00 00 00 00 00  00 00 00 00 00 00 00 00
00 00 00 00 00 00 00 00  00 00 00 00 00 00 00 00
00 00 00 00 3b 00 00 00  00 00 39 0d 00 00 00 00
00 00 00 00 00 00 00 00  00 00 00 00 00 00 35 00
00 00 00 00 00 35 00 00  00 00 00 00 00 00 00 00
00 00 00 00 00 00 00 00  00 00 00 00 00 00 00 00
00 00 00 00 00 00 00 00  00 00 a0 00 00 00 00 00
00 00 00 00 00 00 10 00  00 00 00 00 00 00 00 00
00 00 00 00 00 00 00 00  00 00 00 00 00 00 00 00
32 00 00 00 2c 00 00 00  00 00 00 40 00 00 00 00
00 00 00 00 00 00 00 00  00 00 00 00 00 00 00 00
00 00 00 00 0d 00 00 00  00 3b 00 00 00 00 00 00
00 00 00 00 00 00 00 00  00 00 33 00 00 00 00 00
00 00 00 00 0a 00 00 00  00 00 00 00 00 00 00 00
00 00 00 00 00 00 2f 00  00 00 00 00 00 00 00 00
00 2b 00 2d 00 00 0a 00  00 00 00 00 00 00 00 00
00 43 00 35 00 00 00 00  00 01 00 00 00 00 00 00
00 00 00 00 00 00 00 00  00 00 00 00 00 00 00 00
00 00 00 00 00 00 00 00  00 00 00 00 00 00 00 00
00 00 00 00 00 00 00 00  00 00 00 00 00 00 00 00
00 00 00 00 00 3b 0d 3b  39 00 00 00 00 00 00 00
00 00 00 00 00 00 00 01  00 00 00 00 00 00 00 0a
00 00 00 00 00 00 00 00  00 00 00 00 00 00 00 35
00 00 00 00 00 00 00 00  00 00 0a 00 00 a2 00 00
00 00 00 00 00 00 00 00  00 00 00 00 00 00 00 00
00 00 00 00 00 00 00 00  00 00 00 00 00 00 00 00
00 00 00 38 00 00 00 00  00 00 00 00 00 00 00 00
00 00 00 00 00 00 00 00  00 00 00 00 00 00 00 00
00 00 00 00 00 00 00 00  00 00 00 00 00 00 00 00
00 00 00 00 00 00 00 00  00 00 00 00 5c 00 00 00
00 00 00 00 00 00 00 00  00 00 00 00 00 00 00 00
00 35 00 00 00 00 00 00  35 00 00 00 00 00 00 00
00 00 00 00 00 00 00 00  00 07 00 00 00 00 00 00
00 00 00 00 00 00 00 00  00 00 00 00 00 00 00 00
00 00 37 00 00 00 00 00  00 00 00 00 38 00 00 00
00 00 00 00 00 00 00 00  00 00 00 00 00 00 40 00
00 00 00 00 00 00 00 00  00 00 00 00 00 00 00 00
00 00 00 00 00 00 00 00  00 00 00 00 00 00 00 00
00 00 00 00 00 00 00 00  00 00 00 00 5d 00 00 00
00 00 00 00 00 00 00 00  00 00 00 00 00 00 00 00
00 00 00 00 00 00 00 00  00 0a 00 00 00 00 00 00
1a 00 00 00 00 01 00 2b  00 00 00 00 00 0a 00 31
00 00 00 00 00 00 0a 00  2b 00 00 00 00 00 00 00
00 00 00 00 00 35 00 00  00 00 00 00 00 00 00 00
00 00 00 00 00 00 00 00  00 12 00 00 00 00 00 00
00 00 00 00 00 00 03 00  00 00 00 00 00 00 00 00
00 00 00 00 00 00 00 00  00 00 00 00 00 00 00 00
00 00 00 00 00 00 00 00  00 00 00 5c 00 00 00 00
00 00 00 00 00 43 00 00  00 00 00 00 00 00 00 00
00 00 0a 00 00 00 00 00  00 00 35 00 00 00 00 00
00 00 00 00 00 00 00 00  00 00 00 00 00 00 00 00
00 2b 00 01 00 00 00 00  00 00 00 00 00 01 00 00
00 00 00 00 00 00 00 00  1d 00 00 00 00 00 00 00
00 00 00 00 00 00 00 00  00 00 00 00 00 00 00 00
00 00 00 00 00 00 00 00  00 00 00 12 00 00 0c 00
00 00 00 00 00 00 00 00  00 00 00 00 00 00 00 00
00 00 00 00 00 00 00 00  00 00 00 00 00 00 00 00
00 00 00 00 00 00 00 00  00 10 00 00 00 00 00 00
00 00 00 00 00 00 00 00  00 00 00 00 00 00 00 00
00 00 00 00 00 29 00 00  00 a4 00 00 00 00 00 00
00 00 00 00 00 1b 00 00  00 00 00 00 00 00 00 00
00 00 00 00 00 00 00 00  00 00 2c 00 00 00 00 00
00 00 0c 00 00 00 00 00  00 00 00 00 00 00 00 00
00 00 00 00 00 00 00 00  38 00 00 00 00 00 00 00
00 00 00 00 00 00 00 00  00 00 00 00 00 00 00 00
00 00 00 00 00 00 00 00  00 00 00 00 00 00 00 00
00 00 00 00 00 00 00 00  00 00 00 00 00 01 00 00
00 00 00 00 00 35 35 00  00 00 00 00 00 00 00 00
00 00 00 0a 00 00 00 00  00 00 00 00 00 00 00 00
00 00 00 00 00 00 00 00  00 29 00 00 00 00 00 00
00 00 01 00 00 00 00 00  00 00 00 00 00 00 00 00
00 00 00 00 00 00 00 00  00 00 00 00 00 00 00 00
0c 00 00 00 00 00 00 00  00 00 00 00 00 00 00 00
00 00 00 00 00 00 00 00  00 00 00 00 00 00 00 00
00 00 00 00 00 00 00 00  00 00 00 00 00 00 00 6a
00 00 1b 00 00 00 13 00  00 00 37 00 00 00 00 00
00 00 00 00 00 00 00 00  0a 00 00 00 00 00 00 00
00 00 00 00 00 00 00 00  00 00 00 00 2f 00 00 00
0a 00 29 00 00 00 00 04  00 00 00 00 00 00 00 00
00 00 00 00 00 00 00 00  00 00 00 00 00 00 00 00
00 00 00 00 00 00 00 00  00 00 00 00 00 00 00 00
00 00 00 00 00 0c 00 00  00 00 00 00 00 00 00 00
00 00 00 00 00 00 00 00  00 00 00 00 00 00 00 00
00 00 00 00 00 00 82 00  00 00 00 00 00 00 00 00
00 00 00 00 00 00 00 00  00 00 00 00 00 00 00 00
00 00 00 00 00 00 00 00  00 00 00 00 00 00 00 00
00 00 00 00 00 04 00 00  00 00 07 00 00 00 00 00
00 00 00 00 00 00 00 00  00 00 31 00 00 00 00 00
10 00 00 00 00 00 00 00  00 00 00 00 00 12 00 00
00 00 00 00 00 36 00 00  00 00 00 12 00 00 00 00
00 00 00 00 00 00 00 00  00 00 00 00 00 00 00 00
00 00 00 00 00 00 00 00  00 00 00 00 00 00 00 00
00 00 00 00 00 00 00 00  00 00 00 00 00 00 00 00
00 00 00 00 00 00 00 00  00 00 00 00 00 00 00 00
35 00 00 00 00 00 00 00  00 00 00 00 00 00 00 00
00 00 00 00 00 00 00 29  00 00 00 00 00 00 00 00
00 00 00 00 33 00 2b 00  00 00 00 00 00 00 00 00
00 00 00 2c 00 00 03 00  00 00 00 00 00 00 00 00
1d 00 00 00 00 00 00 00  00 00 00 00 00 00 00 00
00 00 03 00 00 00 00 00  00 00 00 00 00 00 00 00
00 00 00 00 00 00 00 00  00 00 00 00 00 00 00 00
00 00 00 00 00 00 00 00  00 00 00 00 00 00 00 00
00 00 00 00 00 00 00 00  00 00 00 00 00 00 00 00
00 00 00 00 00 37 00 00  00 00 00 00 00 00 00 00
00 00 00 00 00 00 00 00  00 00 00 00 00 00 00 01
00 00 07 00 00 00 00 00  00 00 a2 00 00 00 00 00
00 00 00 00 00 00 00 00  00 00 00 00 00 00 00 00
00 00 00 00 00 00 00 00  38 00 00 00 00 00 00 00
00 00 0c 00 00 00 00 00  00 00 00 00 00 0c 00 00
00 00 00 00 00 00 00 00  00 00 00 00 00 00 00 00
00 00 00 00 00 00 00 00  00 00 00 00 6e 00 00 00
00 00 00 00 00 00 00 00  00 00 00 00 00 00 1b 00
00 00 00 00 00 00 00 00  00 00 00 00 00 00 00 33
00 00 00 a2 00 00 00 37  00 00 0a 00 00 00 00 00
2b 00 00 00 00 00 0a 00  00 00 00 00 00 00 00 00
00 00 00 00 00 00 00 00  00 00 00 00 00 00 00 40
00 00 00 00 36 00 00 00  36 1b 00 00 00 00 00 00
00 00 00 00 00 2c 00 00  00 00 00 00 00 00 00 00
00 00 00 00 00 00 00 00  00 00 00 00 00 00 00 00
00 00 00 00 00 00 00 00  00 00 00 00 00 00 00 00
00 00 00 00 1e 00 00 00  00 00 00 00 00 00 00 00
00 00 00 00 00 00 00 00  00 00 00 00 00 00 00 00
00 00 00 00 00 00 00 00  00 00 00 00 01 00 00 00
00 00 00 00 2f 00 00 00  00 00 00 00 00 01 00 00
00 00 00 00 40 00 00 00  00 2c 00 00 00 00 00 00
00 00 00 00 00 00 00 00  00 00 00 00 00 00 00 00
00 00 00 00 00 00 00 00  00 12 00 00 00 00 00 00
00 00 00 00 00 00 00 00  00 00 00 00 00 00 00 00
00 00 00 00 00 00 00 00  00 00 00 00 00 00 00 00
00 00 00 00 00 00 00 00  00 00 00 00 00 00 00 00
00 00 00 00 00 00 00 00  00 00 00 00 00 00 00 00
00 00 00 00 00 00 00 00  00 00 00 00 00 00 00 00
00 00 00 00 00 00 00 00  01 00 00 00 00 00 00 00
00 00 00 00 00 00 00 00  00 00 00 00 00 00 00 00
00 00 00 00 00 0c 00 00  00 00 00 00 00 00 12 00
00 00 00 00 00 00 00 00  00 00 00 00 00 00 00 00
00 00 00 00 00 00 00 00  00 00 00 00 00 00 00 00
00 00 00 00 00 00 00 00  00 00 00 00 00 00 00 62
00 00 00 00 00 00 00 00  00 00 00 00 00 00 00 00
00 00 00 00 00 00 00 00  0a 00 00 00 00 00 00 00
19 00 00 00 00 00 00 2d  00 00 00 00 2b 00 29 00
00 00 00 00 00 00 2b 00  00 00 00 10 00 00 00 00
00 00 00 00 00 00 00 00  00 00 00 00 00 00 00 00
00 00 00 00 00 00 00 00  00 00 00 00 00 00 00 00
00 00 00 00 00 00 00 00  00 00 00 00 00 00 00 1a
00 00 00 00 00 00 00 00  00 00 00 00 00 00 00 00
00 00 00 00 00 00 00 00  00 00 00 00 00 00 00 00
00 00 00 00 00 00 00 00  00 00 00 00 00 00 00 00
00 00 00 00 00 00 00 00  00 0a 00 00 00 00 00 00
00 00 00 00 00 00 00 00  00 00 00 00 00 00 00 00
00 00 00 00 00 00 00 33  00 00 00 00 00 43 00 00
03 00 00 00 00 00 00 00  00 00 00 00 00 00 00 00
00 00 00 00 00 00 00 00  00 00 00 00 00 00 00 00
00 00 00 00 00 00 00 00  00 00 00 00 00 00 00 2c
00 00 00 00 00 00 00 00  00 00 00 00 00 00 00 00
00 00 00 00 00 00 80 00  00 00 00 00 00 00 00 00
00 00 00 00 00 37 00 00  00 00 07 00 00 00 00 00
00 00 00 00 00 00 00 00  00 00 00 00 00 00 00 00
00 00 00 00 00 00 00 31  00 2b 00 00 00 00 00 00
00 a4 00 00 00 00 00 00  00 00 00 00 00 00 00 00
00 00 00 00 00 12 00 00  00 00 00 34 00 00 00 00
00 00 00 00 00 00 00 36  00 00 00 0c 00 00 00 00
00 00 00 00 00 00 00 00  00 00 00 00 00 00 00 00
00 00 00 00 00 00 00 00  00 00 00 00 00 00 00 00
00 00 00 00 00 80 82 00  00 00 00 00 00 00 00 00
00 00 00 00 00 00 00 00  00 00 00 00 00 00 00 00
00 00 00 01 00 00 00 00  00 00 00 00 00 00 00 0a
00 00 00 00 00 00 00 00  00 00 00 04 00 00 00 00
00 00 00 00 00 00 00 00  00 00 00 00 43 00 00 00
00 00 00 00 00 00 3a 00  00 00 00 3c 00 00 00 00
00 00 00 00 00 00 00 00  00 00 00 00 32 00 00 00
00 03 00 00 00 00 00 2c  00 00 00 00 00 00 00 00
00 00 00 00 00 00 00 00  00 00 00 00 00 00 00 00
00 00 00 00 00 00 00 82  00 00 00 00 00 00 00 00
00 00 00 00 00 00 00 00  00 00 00 00 00 00 00 00
00 00 00 00 33 00 00 00  00 00 00 35 00 00 00 00
35 00 00 00 00 00 00 00  00 00 00 00 00 00 0a 00
00 00 00 00 00 00 00 00  00 00 00 00 00 00 00 00
00 00 00 00 00 00 00 00  0f 00 00 00 00 3a 00 2c
00 00 00 00 00 00 00 00  0c 00 00 00 00 00 00 00
00 00 00 00 00 00 00 00  00 00 00 00 00 00 00 00
00 00 00 00 00 00 00 00  00 00 00 00 00 00 00 00
00 00 00 00 00 00 00 00  00 00 00 00 00 00 68 00
00 00 00 00 00 00 19 00  00 00 00 00 00 00 00 00
00 00 00 00 00 00 00 00  00 00 00 00 00 00 00 00
00 00 00 00 00 00 00 00  00 00 00 00 00 1d 00 00
00 00 00 31 00 00 00 00  00 00 00 00 00 00 00 00
00 00 00 00 00 3a 00 00  00 00 00 00 00 00 00 00
00 00 00 00 00 00 00 00  00 00 00 00 00 00 00 00
00 00 00 00 00 00 00 00  00 00 00 00 00 00 00 32
00 00 00 00 00 00 00 00  00 00 00 00 00 00 00 00
00 00 00 00 00 00 00 00  00 00 00 00 00 00 00 00
00 00 00 00 00 00 00 00  00 00 00 00 00 00 00 00
35 00 00 00 00 00 00 00  00 00 00 00 00 00 00 00
00 00 00 00 00 00 00 00  00 00 00 00 00 00 00 00
00 00 00 00 00 00 00 00  00 00 00 00 00 00 00 00
00 00 00 12 00 00 3a 00  00 00 00 00 00 00 0f 00
00 00 00 12 00 00 00 00  36 00 00 00 00 00 00 00
00 00 00 00 00 00 00 00  00 00 00 00 00 00 00 00
00 00 00 00 00 00 00 00  00 00 00 00 00 00 00 00
00 00 00 00 00 00 00 00  00 00 00 00 00 00 00 00
00 00 00 00 00 00 00 00  00 00 00 00 00 00 00 00
00 00 00 00 00 00 00 00  00 00 00 00 00 00 35 00
00 00 00 00 00 00 00 0a  00 00 00 00 00 00 00 00
00 00 00 00 00 00 00 00  00 00 00 19 00 00 00 00
00 00 00 00 00 00 00 00  00 00 00 00 00 00 00 3c
3a 00 00 00 00 00 00 00  00 0c 00 00 00 00 00 00
00 00 00 00 00 00 00 00  00 00 00 00 00 00 00 00
00 00 00 00 00 00 00 00  00 00 00 00 00 00 00 00
00 00 00 00 00 00 00 00  00 00 00 00 00 00 00 00
00 00 00 00 00 00 00 00  00 35 00 00 00 00 00 00
00 00 00 00 43 00 00 10  00 00 00 00 00 00 00 00
0a 00 00 00 00 00 00 00  00 00 00 00 00 00 00 00
00 00 00 00 00 00 00 0a  35 00 00 00 00 00 00 00
00 00 00 00 00 00 00 00  0f 00 00 00 00 00 00 00
00 00 3c 00 00 00 00 00  00 00 00 00 00 00 00 00
00 00 00 00 00 00 00 00  00 00 00 00 00 00 00 00
00 00 00 00 00 00 00 00  00 00 00 00 00 00 00 00
00 00 00 00 00 00 00 00  00 00 00 0d 00 00 00 00
00 00 00 00 00 00 00 00  00 00 00 00 00 00 00 00
00 00 00 00 00 00 00 00  00 00 00 00 00 00 00 00
00 33 00 00 00 00 00 00  00 00 00 00 00 00 00 00
00 0a 00 00 00 00 00 00  00 00 00 00 00 00 00 00
00 00 00 00 00 00 00 00  1e 00 3c 00 00 00 00 00
00 00 00 0f 00 3a 00 00  00 00 00 00 00 00 00 00
00 00 00 00 00 00 00 00  00 00 00 00 00 00 40 00
00 00 00 00 00 00 00 00  00 00 00 00 00 00 00 00
00 00 00 00 00 00 00 00  00 00 00 00 00 00 00 00
00 35 00 00 00 00 00 00  00 00 00 00 00 00 35 00
00 00 00 00 00 00 00 00  00 00 00 00 00 00 00 00
00 00 00 00 0a 00 00 00  00 00 00 00 00 00 00 00
35 00 00 00 00 00 00 00  00 00 00 00 00 01 00 00
00 03 00 00 00 00 00 00  00 00 00 2c 00 00 3a 00
00 00 00 00 00 00 00 00  00 00 00 00 00 00 00 00
00 00 00 00 00 00 00 00  00 00 00 00 00 00 00 00
00 00 00 00 00 00 00 00  00 00 00 00 00 00 00 00
00 00 00 00 00 00 00 00  00 00 00 00 00 00 00 00
00 00 00 00 00 00 00 00  00 00 00 10 00 00 00 00
00 01 00 00 00 00 00 35  00 00 43 00 00 00 00 00
00 00 00 00 00 00 00 00  00 00 00 00 00 00 00 00
00 00 00 00 00 00 00 00  00 00 00 00 00 00 00 00
00 00 00 00 00 00 00 00  00 00 00 00 00 00 00 00
0f 00 00 00 00 00 3c 00  00 00 00 00 00 0c 00 00
00 00 00 00 00 00 00 00  00 00 00 00 00 00 00 00
00 00 00 00 00 00 00 00  00 00 00 00 00 00 00 00
00 00 00 00 00 00 00 00  00 00 00 39 33 00 00 00
00 00 00 00 00 00 00 00  00 00 00 00 00 00 00 00
00 00 00 00 33 00 00 00  00 00 00 00 00 00 00 00
33 00 00 00 00 00 00 0a  00 00 00 00 00 00 00 00
00 00 00 00 00 00 00 35  00 00 00 10 00 00 00 00
00 00 00 00 00 00 00 00  00 00 00 00 00 00 00 00
32 00 00 00 00 00 00 00  00 00 36 00 00 00 00 00
00 00 00 00 00 00 00 00  00 00 00 00 00 00 00 00
00 00 00 00 00 00 00 00  00 00 00 00 00 00 00 00
00 00 00 00 00 00 00 00  00 00 00 00 3b 00 00 00
3b 00 00 00 01 00 00 00  00 00 00 00 00 00 00 00
00 00 00 00 00 00 00 00  00 00 00 00 00 00 00 00
00 00 00 00 00 00 00 00  00 00 00 00 00 35 00 00
00 00 00 00 00 00 00 00  00 00 00 00 00 00 00 00
00 00 00 00 00 00 0a 00  00 00 00 00 00 00 00 00
00 00 00 00 00 00 00 00  00 00 0c 00 00 00 00 00
00 00 00 00 00 00 00 00  00 00 00 00 00 00 00 00
00 00 00 00 00 00 00 00  00 00 00 00 00 00 00 00
00 00 00 00 00 00 00 00  00 00 00 00 00 00 0d 00
00 00 00 00 00 00 00 00  00 00 00 00 37 00 00 00
00 00 00 00 00 00 00 00  00 31 00 00 00 00 00 00
00 00 00 00 00 00 00 00  00 00 00 00 00 00 00 00
00 0a 00 00 00 00 00 00  43 00 00 00 00 00 00 00
00 35 00 00 00 00 00 00  00 00 00 00 00 00 00 00
00 00 19 03 00 0f 00 00  00 00 00 36 00 00 00 00
00 00 00 00 00 00 00 00  00 00 00 00 00 00 00 00
00 00 00 00 00 00 00 00  00 00 00 00 00 00 00 00
00 00 00 00 00 00 00 00  00 00 00 00 00 00 00 00
00 00 00 00 00 00 00 00  00 00 00 00 00 00 1e 00
00 43 00 00 00 00 00 00  00 00 00 00 00 00 37 00
00 00 00 00 35 00 00 00  00 00 00 00 00 00 00 00
35 00 00 00 00 00 00 00  00 00 00 00 00 00 00 00
00 00 00 00 00 00 00 36  00 00 00 00 00 00 00 00
00 00 00 00 00 00 12 00  00 00 00 00 00 00 00 00
00 00 00 00 00 00 00 00  00 00 00 00 00 00 00 00
00 00 00 00 00 00 00 00  00 00 00 00 00 00 00 00
00 00 00 00 00 00 00 00  00 00 00 00 00 00 00 00
0d 00 00 00 00 00 0a 00  00 00 00 00 00 00 00 00
00 00 00 00 00 01 00 00  00 00 00 00 0a 00 00 00
00 00 00 00 00 00 00 00  00 00 00 00 00 00 00 00
00 00 00 00 00 00 00 00  00 00 00 00 0a 35 00 00
00 00 00 00 00 00 00 00  00 00 0c 00 00 00 00 00
00 00 00 00 00 00 00 00  00 00 00 00 00 00 00 00
00 00 00 00 00 00 00 00  00 00 00 00 00 00 00 00
00 00 00 00 00 00 00 00  00 00 00 00 00 00 00 00
00 00 00 00 00 00 00 00  00 00 00 00 00 00 00 3b
00 00 00 00 00 00 00 00  00 00 00 0a 00 00 00 00
10 00 00 00 00 00 00 00  00 00 00 37 00 00 00 00
07 00 00 00 00 00 00 00  00 00 00 00 00 00 00 00
00 00 00 00 00 00 00 00  00 00 00 00 00 00 00 00
00 00 00 00 00 00 00 00  00 00 00 00 36 00 00 00
00 00 00 00 00 00 00 00  00 00 00 00 00 0c 00 00
00 00 12 00 00 00 00 00  00 00 00 00 00 00 00 00
00 00 00 00 00 00 00 00  00 00 00 00 00 00 00 00
00 00 00 00 00 00 00 00  00 00 00 00 00 00 3b 00
00 00 00 00 00 00 00 00  00 00 00 00 00 00 00 00
00 00 00 35 00 00 00 00  00 00 00 00 00 00 00 00
00 00 00 00 00 00 00 01  00 00 00 00 00 00 00 00
00 00 00 00 00 10 00 00  00 00 00 00 00 00 00 00
00 00 00 00 00 00 35 00  00 00 00 00 00 38 00 00
00 00 00 40 00 00 00 00  00 00 00 00 00 00 00 00
00 00 00 00 00 00 00 00  03 00 00 00 00 00 00 00
00 00 00 00 00 00 00 00  00 00 00 00 00 00 00 00
00 00 00 00 00 00 00 00  00 00 00 00 00 00 00 00
00 00 00 0a 00 00 00 00  00 00 00 00 00 00 00 00
00 00 00 00 00 00 00 00  00 00 0a 00 00 00 0a 00
00 00 00 00 00 00 00 00  00 00 13 31 00 00 00 00
00 00 00 00 00 00 00 00  00 35 00 00 00 00 00 00
01 00 00 00 00 00 00 0c  35 00 00 00 00 00 00 00
00 00 00 00 00 00 00 00  00 00 00 00 00 00 00 00
00 00 00 00 00 00 00 00  00 00 00 00 00 00 00 00
00 00 00 00 00 00 00 00  00 00 00 00 00 00 00 00
00 00 00 00 00 00 00 00  00 00 00 00 00 00 00 00
00 00 37 00 00 00 00 00  00 00 00 00 00 00 00 00
00 00 00 00 00 00 35 00  00 00 00 00 00 00 37 00
00 00 00 10 00 00 00 33  00 00 00 00 00 00 00 00
00 00 00 00 00 00 00 00  00 00 00 00 00 00 00 00
00 00 00 00 00 00 00 00  38 36 00 00 00 00 0c 00
00 00 00 00 00 00 00 00  00 00 00 00 00 00 00 40
00 00 00 00 00 00 00 00  00 00 00 00 00 00 00 00
00 00 00 00 00 00 00 00  00 00 00 00 00 00 00 00
00 00 00 00 00 00 00 00  00 00 00 00 00 00 00 35
00 00 00 00 00 00 00 00  00 00 00 00 00 00 00 00
00 00 00 00 00 00 00 00  00 00 00 00 00 00 00 00
00 00 00 00 00 00 35 00  00 00 00 00 00 3b 00 00
0d 00 00 00 00 00 00 00  00 00 00 00 0a 00 00 00
00 00 00 00 00 00 00 00  00 00 00 00 00 00 00 00
00 00 00 00 00 00 00 00  69 00 00 00 00 00 00 00
00 00 00 00 00 00 00 00  00 00 00 00 00 00 12 00
00 00 00 00 00 00 00 00  00 00 00 00 00 00 00 00
00 00 00 00 00 00 00 00  00 00 00 00 39 00 00 00
00 00 00 00 00 00 00 00  00 00 00 00 00 00 00 00
00 00 00 00 00 00 00 00  00 00 00 00 00 00 00 00
13 00 00 00 43 00 00 00  00 00 00 00 3b 3b 00 00
00 00 00 00 00 00 00 00  00 00 00 00 00 00 00 43
00 00 00 00 00 00 00 00  00 00 00 00 00 00 00 00
00 00 00 00 34 00 00 00  00 00 00 00 00 00 00 00
00 00 00 00 00 00 3c 00  00 00 00 00 00 00 00 00
00 00 00 00 00 00 00 00  00 00 00 00 00 00 00 00
00 00 00 00 00 00 00 00  00 00 00 00 00 00 00 00
00 0a 00 00 00 00 00 00  0a 00 00 00 00 00 00 00
00 00 00 00 00 00 00 00  00 00 00 00 00 00 00 00
00 00 00 00 00 00 00 3b  0d 0d 00 00 00 00 00 00
00 0d 00 00 00 00 00 00  00 00 00 00 00 00 00 00
00 00 3b 3b 0d 00 00 00  00 00 00 00 00 00 00 00
00 00 00 00 00 00 00 00  00 00 00 00 00 00 00 00
00 3a 00 00 3a 00 00 00  00 3a 00 3a 00 00 00 00
00 00 00 00 00 00 00 00  00 00 00 00 00 00 00 00
00 00 00 00 00 00 00 00  00 00 00 0d 00 00 00 00
00 00 00 00 00 00 00 00  00 00 00 00 00 00 00 00
00 00 00 00 00 00 00 00  00 00 00 00 35 00 00 00
00 00 00 00 00 3b 0d 39  00 00 00 00 00 00 00 00
00 00 00 01 00 00 00 00  00 00 00 00 00 00 00 00
00 3b 00 00 00 00 00 00  00 00 00 00 00 00 00 00
00 00 00 00 00 00 00 00  00 00 00 00 00 00 00 00
00 00 00 00 00 00 00 00  00 00 00 00 00 00 00 00
00 00 00 00 00 00 00 00  00 00 00 00 00 00 00 00
00 00 00 00 00 00 00 00  00 00 00 00 00 00 00 00
00 00 00 00 00 00 00 37  00 00 00 00 00 00 00 00
00 00 31 00 00 00 00 00  00 00 00 00 00 00 00 00
0d 00 00 0d 00 00 00 00  00 00 00 00 00 00 00 00
00 00 00 00 00 00 35 00  00 00 00 00 00 00 00 39
0d 00 00 3b 00 00 00 00  00 00 00 00 00 00 00 3a
00 00 00 00 00 00 00 00  00 00 00 00 00 00 00 00
3c 00 00 00 00 00 00 00  00 00 00 00 00 00 00 00
00 00 00 00 00 00 00 00  00 00 00 00 00 00 00 00
00 00 00 00 00 00 00 00  00 00 00 00 0d 00 00 00
00 00 00 00 00 00 33 00  00 00 00 00 00 00 00 00
00 00 00 00 00 00 00 00  00 00 00 00 00 00 00 00
00 0d 00 00 00 00 00 00  00 00 00 00 00 00 00 3b
00 00 00 00 00 00 00 33  00 00 00 00 00 0d 3b 00
00 00 00 00 00 00 00 00  00 00 00 00 00 0f 00 00
00 00 00 00 00 00 00 00  00 00 00 00 00 00 00 00
00 00 00 00 00 00 00 00  00 00 3c 00 00 00 00 40
00 00 00 00 00 00 00 00  00 00 00 00 00 00 00 00
00 00 00 00 00 00 00 00  00 00 00 3b 00 00 00 00
00 00 00 00 0a 00 00 00  00 00 00 00 00 00 0d 00
00 00 00 00 00 00 00 00  00 00 00 00 07 0d 0d 39
00 00 00 00 00 00 00 00  00 00 00 00 00 00 00 00
00 0d 00 0d 00 00 00 00  00 00 00 3b 00 00 00 00
00 00 00 00 00 00 00 00  00 00 0f 00 3c 00 00 00
3a 00 00 00 00 00 00 00  00 61 00 00 00 00 00 00
00 00 00 00 00 00 00 00  00 00 32 00 00 00 00 00
00 00 00 00 00 00 00 00  00 00 00 00 00 00 00 00
00 00 00 00 00 00 00 00  00 00 39 00 00 00 00 00
00 00 00 00 00 00 00 00  00 00 00 0d 00 0d 00 00
00 00 00 00 00 00 00 00  00 00 00 3b 39 00 00 00
00 00 00 00 00 00 00 00  00 00 00 00 00 00 00 00
00 00 00 00 0d 00 00 00  00 00 0d 00 00 00 00 00
00 00 00 3b 31 0d 00 39  0d 3c 00 00 00 00 00 3c
00 00 00 00 00 00 00 00  00 69 00 00 00 2a 00 00
00 00 3a 00 00 00 00 00  00 3a 00 00 00 00 00 00
00 00 00 00 00 00 00 00  00 00 00 00 00 00 00 00
00 00 00 00 00 00 00 00  00 00 00 00 00 00 00 00
37 00 0a 00 00 00 00 00  0d 00 00 00 00 00 00 0d
00 00 00 00 00 00 19 00  00 00 3b 00 00 00 00 00
00 00 00 00 00 00 00 00  00 00 00 00 00 00 00 00
00 00 00 00 00 00 0d 00  3b 00 00 00 00 00 00 00
00 00 00 00 0d 3b 00 00  00 00 00 00 00 00 00 00
00 00 00 00 00 00 00 00  00 00 61 00 00 00 00 00
00 00 00 00 00 3a 00 00  00 00 00 00 00 00 00 00
00 00 00 00 00 00 00 00  00 00 00 00 00 00 00 00
00 00 00 00 00 00 00 00  0d 00 00 00 00 00 00 00
00 00 00 00 00 00 00 3b  0d 0d 00 00 00 00 00 00
00 3b 0d 00 00 00 3b 00  3b 00 00 00 00 00 00 00
00 00 00 00 00 00 00 00  00 00 00 00 00 00 00 00
00 00 00 00 00 00 00 00  00 00 00 00 00 00 00 00
00 00 00 00 00 00 00 00  00 00 00 00 00 3c 00 00
00 00 00 00 00 00 00 00  00 00 6b 00 00 00 00 00
00 00 00 00 00 00 00 00  00 00 00 00 00 00 00 00
00 00 00 00 00 00 00 00  00 00 00 00 00 00 00 00
00 00 00 00 00 00 00 00  00 00 00 00 35 00 00 00
00 00 00 00 00 00 3b 00  00 00 00 00 00 00 00 00
00 00 00 00 00 00 00 00  00 00 00 00 00 00 00 00
00 00 00 00 00 00 00 00  00 00 00 00 00 00 00 00
00 00 00 00 00 00 00 00  00 00 00 00 00 39 00 00
3b 00 1e 00 00 00 00 00  00 00 00 00 00 00 00 00
00 00 00 00 00 00 00 00  00 00 00 00 00 00 00 00
00 00 00 00 00 00 00 00  00 00 00 00 00 00 00 00
00 00 00 00 00 00 00 00  00 00 00 00 00 00 00 00
00 00 00 00 00 00 00 00  00 07 00 00 00 00 00 00
00 00 00 00 00 3b 00 00  00 00 00 00 00 00 00 00
00 00 00 00 00 00 00 00  00 00 00 00 00 00 00 00
00 00 00 00 00 00 00 00  00 00 00 00 00 00 00 00
00 00 00 00 00 00 00 00  00 00 00 00 00 00 00 00
00 00 00 00 00 00 00 00  00 00 00 00 00 00 00 00
00 00 00 00 00 00 00 00  00 00 00 00 60 00 00 00
00 00 00 00 00 00 00 00  00 00 00 00 00 00 00 00
00 00 00 00 00 00 00 00  00 00 00 00 00 00 00 00
00 00 00 00 00 00 00 3b  00 00 00 19 00 00 0d 00
3b 39 00 0d 00 00 00 00  00 00 00 00 00 00 00 00
00 00 00 00 00 00 00 00  00 00 00 00 00 00 00 00
00 00 00 00 00 00 00 00  00 00 00 00 00 00 00 00
00 00 00 00 00 00 00 00  00 00 00 00 00 35 00 00
37 00 0d 00 00 00 00 00  00 00 00 00 00 00 00 00
00 00 00 00 00 00 00 00  00 00 00 00 00 00 00 00
00 00 00 00 00 00 00 00  00 00 00 00 00 00 00 00
00 00 00 00 00 00 00 00  00 00 00 00 00 00 00 00
00 00 00 00 00 00 00 00  00 00 00 00 00 0d 00 00
00 00 00 00 00 00 00 00  00 00 00 00 00 00 00 00
00 00 00 00 00 00 00 00  00 00 00 00 00 00 00 00
00 00 00 00 00 00 00 00  00 00 00 00 00 00 00 00
00 00 00 00 00 00 00 00  00 00 0d 00 00 00 00 00
00 00 00 00 00 00 00 00  00 00 00 00 00 00 00 00
00 00 00 00 00 00 00 00  00 00 00 00 00 00 00 00
00 00 00 00 00 00 00 00  00 00 00 00 00 00 00 00
00 00 00 00 00 00 00 00  00 00 00 00 00 00 00 00
00 00 00 00 00 00 00 00  0d 00 00 3b 00 00 00 00
00 00 00 00 00 00 00 00  00 00 00 00 00 00 00 00
00 00 00 00 00 00 00 00  00 00 00 00 00 00 00 00
00 00 00 00 00 00 00 00  00 00 00 00 00 00 00 00
00 00 00 00 00 00 00 00  00 00 00 00 00 00 00 00
00 00 00 00 00 00 00 00  00 00 00 00 00 00 00 00
00 00 00 00 00 00 00 00  00 00 00 00 00 00 00 00
00 00 00 00 00 00 00 00  00 00 00 00 00 00 00 00
00 00 00 00 00 00 00 00  00 00 00 00 00 00 00 00
00 00 00 00 00 00 00 3b  0d 0d 00 00 00 00 00 00
00 00 00 00 00 00 00 00  00 00 00 00 00 00 00 00
00 00 00 00 00 00 00 00  00 00 00 00 00 00 00 00
00 00 00 00 00 00 00 00  00 00 00 00 00 00 00 00
00 00 00 00 00 00 00 00  3b 00 07 00 00 00 00 00
00 00 00 00 00 00 00 00  00 00 00 00 00 6a 00 00
00 00 00 00 00 00 00 00  00 00 00 00 00 00 00 00
00 00 00 00 00 00 00 00  00 00 00 00 00 00 00 83
00 00 00 00 00 00 00 00  00 00 00 00 00 00 00 00
00 00 00 00 00 00 00 00  00 00 00 00 00 00 00 00
00 00 00 00 00 00 00 00  00 00 00 00 00 00 00 00
00 00 00 00 00 00 00 00  00 00 00 00 00 00 00 00
00 00 00 00 00 00 00 00  00 00 00 00 00 00 00 00
00 00 00 00 00 00 00 00  39 00 00 00 00 00 00 00
00 19 39 00 00 00 00 00  00 5c 00 00 00 00 00 00
00 00 00 00 00 00 00 00  00 00 00 00 00 32 00 00
00 00 00 00 81 00 00 00  00 00 00 00 00 00 81 81
00 00 00 00 00 00 00 00  00 00 00 00 00 00 00 00
00 00 00 00 00 00 00 00  00 00 00 00 00 00 00 00
00 00 00 00 00 00 00 00  00 00 00 00 00 00 00 00
00 00 00 00 00 00 00 00  00 00 00 00 00 00 00 00
00 00 00 00 00 00 00 00  00 00 00 00 00 00 00 00
00 00 00 00 00 00 00 00  00 00 00 00 00 00 00 00
3b 39 00 00 00 00 00 00  00 00 00 00 00 00 00 00
00 00 00 00 00 00 00 00  00 00 00 00 00 00 00 00
00 00 00 00 00 00 00 00  00 00 00 00 60 5f 00 00
00 00 00 00 00 00 00 00  00 00 00 00 00 00 00 00
00 00 00 00 00 00 00 00  00 00 00 00 00 00 00 00
00 00 00 00 00 00 00 00  00 00 00 00 00 00 00 00
00 00 00 00 00 00 00 00  00 00 00 00 00 00 00 00
00 00 00 00 00 00 00 00  00 00 00 00 00 00 00 00
00 00 00 00 00 00 00 00  39 00 00 35 00 00 0d 00
00 00 00 00 00 00 00 00  00 00 00 00 00 00 00 00
00 00 00 00 00 00 00 00  00 00 00 00 00 00 00 00
00 00 00 00 00 00 6b 00  00 00 00 00 5f 00 00 00
00 00 00 00 00 00 00 00  00 00 00 00 00 00 00 00
00 00 00 00 00 00 00 00  00 00 00 00 00 00 00 00
00 00 00 00 00 00 00 00  00 00 00 00 00 00 00 00
00 00 00 00 00 00 00 00  00 00 00 00 00 00 00 00
00 00 00 00 00 00 00 00  00 00 00 00 00 00 00 00
00 00 00 00 00 00 00 00  00 0d 00 00 00 00 00 00
00 00 00 00 00 00 00 00  00 00 00 00 00 00 00 00
00 00 00 00 00 00 00 00  00 00 00 00 00 00 00 00
51 00 00 00 00 00 00 00  00 00 00 83 00 00 00 00
00 00 00 00 00 00 00 00  00 00 00 00 00 00 00 00
00 00 00 00 00 00 00 00  00 00 00 00 00 00 00 00
00 00 00 00 00 00 00 00  00 00 00 00 00 00 00 00
00 00 00 00 00 00 00 00  00 00 00 00 00 00 00 00
00 00 00 00 00 00 00 00  00 00 00 00 00 00 00 00
00 00 00 00 00 00 00 00  00 00 3b 3b 39 00 00 00
00 00 00 00 00 00 00 00  00 00 00 63 00 00 00 00
00 00 00 00 00 00 00 00  00 00 00 00 00 00 00 00
00 00 00 00 00 00 00 00  00 00 00 00 00 00 00 00
00 00 00 00 00 00 00 00  00 00 00 00 00 00 00 00
00 00 00 00 00 00 00 00  00 00 00 00 00 00 00 00
00 00 00 00 00 00 00 00  00 00 00 00 00 00 00 00
00 00 00 00 00 00 00 00  00 00 00 00 00 00 00 00
00 00 00 00 00 00 00 00  00 00 00 00 00 00 00 00
00 00 00 00 00 00 00 00  00 00 00 00 00 00 00 00
00 00 00 00 00 82 80 00  00 00 00 00 00 00 00 00
00 00 00 00 00 00 00 00  5c 68 00 00 00 00 00 00
00 00 00 00 00 00 00 00  00 00 00 00 00 00 00 00
00 00 00 00 00 00 00 00  00 00 00 00 00 00 00 00
00 00 00 00 00 00 00 00  00 00 00 00 00 00 00 00
00 00 00 00 00 00 00 00  00 00 00 00 00 00 00 00
00 00 00 00 00 00 00 00  00 00 00 00 00 00 00 00
00 00 00 00 00 00 00 00  00 00 00 00 00 00 00 00
00 00 00 00 00 00 00 00  00 00 00 00 00 00 00 00
00 00 00 00 80 68 00 00  00 00 00 00 00 00 00 00
00 00 00 00 00 00 00 00  00 00 00 00 00 00 00 00
00 00 00 00 00 00 00 00  00 00 00 00 00 00 00 82
00 00 00 00 00 00 00 00  00 00 00 00 00 00 00 00
00 00 00 00 00 00 00 00  00 00 00 00 00 00 00 00
00 00 00 00 00 00 00 00  00 00 00 00 00 00 00 00
00 00 00 00 00 00 00 00  00 00 00 00 00 00 00 00
00 00 00 00 00 00 00 00  00 00 00 00 00 00 00 00
00 00 00 00 00 00 00 00  00 00 00 00 00 00 00 00
00 00 00 00 00 82 00 00  00 00 00 00 00 00 00 00
00 00 00 00 00 00 00 00  00 00 00 00 00 00 00 00
00 00 00 00 00 00 00 00  00 00 00 00 00 00 00 00
00 00 00 00 00 00 00 00  00 00 00 00 00 00 00 00
00 00 00 00 00 00 00 00  00 00 00 00 00 00 00 00
00 00 00 00 00 00 00 00  00 00 00 00 00 00 00 00
00 00 00 00 00 00 00 00  00 00 00 00 00 00 00 00
00 00 00 00 00 00 00 00  00 00 00 00 00 00 00 00
00 00 00 00 00 00 00 00  00 00 00 00 00 00 00 00
00 00 00 00 00 00 00 00  00 00 00 00 00 00 00 00
00 00 00 00 00 00 00 00  00 00 00 00 00 00 00 00
00 00 00 00 00 00 00 00  00 00 00 00 00 00 00 00
00 00 00 00 00 00 00 00  00 00 00 00 00 00 00 00
00 00 00 00 00 00 00 00  00 00 00 00 00 00 00 00
00 00 00 00 00 00 00 00  00 00 00 00 00 00 00 00
00 00 00 00 00 00 00 00  00 00 00 00 00 00 00 00
00 00 00 00 00 00 00 00  00 00 00 00 00 00 00 00
00 00 00 00 00 00 00 00  00 00 00 00 00 00 00 00
00 00 00 00 00 00 00 00  00 00 00 00 00 00 00 00
00 00 00 00 00 00 00 00  64 00 00 00 00 00 00 50
00 00 00 00 00 00 00 00  00 00 00 00 00 00 00 64
00 00 00 00 00 00 00 00  00 00 00 00 00 00 00 00
00 00 00 00 00 00 00 00  00 00 00 00 00 00 00 00
00 00 00 00 00 00 00 00  00 00 00 00 00 00 00 00
00 00 00 00 00 00 00 00  00 00 00 00 00 00 00 00
00 00 00 00 00 00 00 00  00 00 00 00 00 00 00 00
00 00 00 00 00 00 00 00  00 00 00 00 00 00 00 00
00 00 00 00 00 00 00 00  00 00 00 00 00 00 00 00
00 00 00 00 00 00 00 00  00 00 00 00 00 00 00 00
00 00 00 00 00 00 00 00  00 00 00 00 00 00 00 00
00 00 00 00 00 00 00 00  00 00 00 00 00 00 00 00
00 00 00 00 00 00 00 00  00 00 00 00 00 00 00 00
00 00 00 00 00 00 00 00  00 00 00 00 00 00 00 00
00 00 00 00 00 00 00 00  00 00 00 00 00 00 00 00
00 00 00 00 00 00 00 00  00 00 00 00 00 00 00 00
00 00 00 00 00 00 00 00  00 00 00 00 00 00 00 62
00 00 00 00 00 00 00 00  00 00 00 00 00 00 00 00
00 00 00 00 00 00 00 00  00 00 00 00 00 00 00 00
00 00 00 00 00 00 00 00  00 00 00 00 00 00 00 00
00 00 00 00 00 00 00 00  00 00 00 00 00 00 00 00
00 00 00 00 00 00 00 00  00 00 00 00 00 00 00 00
00 00 00 00 00 00 00 00  00 00 00 00 00 00 00 00
00 00 00 00 00 00 00 00  00 00 00 00 00 00 00 00
00 00 00 00 00 00 00 00  00 00 00 00 00 00 00 00
00 00 00 00 00 00 00 00  00 00 00 00 00 00 00 00
00 00 00 5d 00 00 00 00  00 00 00 00 00 00 00 00
00 00 00 00 00 00 00 00  00 00 00 00 00 00 00 00
82 00 00 00 00 00 00 00  00 00 00 00 00 00 00 00
00 00 00 00 00 00 00 00  00 00 00 00 00 00 00 00
00 00 00 00 00 00 00 00  00 00 00 00 00 00 00 00
00 00 00 00 00 00 00 00  00 00 00 00 00 00 00 00
00 00 00 00 00 00 00 00  00 00 00 00 00 00 00 00
00 00 00 00 00 00 00 00  00 00 00 00 00 00 00 00
00 00 00 28 00 00 00 00  00 00 00 00 00 00 00 00
00 00 00 00 00 00 00 00  00 00 00 00 00 00 00 00
00 5c 00 00 00 00 00 00  00 00 00 00 00 00 00 00
00 00 00 00 00 52 00 00  00 00 00 00 00 00 00 00
00 00 00 00 00 00 00 00  00 00 00 00 00 00 00 00
00 00 00 00 00 00 00 00  00 00 00 00 00 00 00 00
00 00 00 00 00 00 00 00  00 00 00 00 00 00 00 00
00 00 00 00 00 00 00 00  00 00 00 00 00 00 00 00
00 00 00 00 00 00 00 00  00 00 00 00 00 00 00 00
00 00 00 00 00 00 00 00  00 00 00 00 00 00 00 00
00 00 00 00 00 00 00 00  00 00 00 00 00 00 00 00
00 00 00 00 00 00 00 5d  80 00 00 00 00 00 00 00
00 00 00 00 00 00 00 00  00 00 00 00 00 00 00 6a
00 00 00 00 00 00 00 00  00 00 00 00 00 00 00 00
00 00 00 00 00 00 00 00  00 00 00 00 00 00 00 00
00 00 00 00 00 00 00 00  00 00 00 00 00 00 00 00
00 00 00 00 00 00 00 00  00 82 00 00 6a 00 00 00
00 00 00 00 00 00 00 00  00 00 00 00 00 00 00 00
00 00 00 00 00 00 00 00  00 00 00 00 00 00 00 00
00 00 00 00 00 00 00 00  00 00 00 00 00 00 00 00
00 00 00 00 00 00 00 00  00 00 00 00 00 00 00 00
00 00 00 00 00 00 00 00  00 00 00 68 00 00 00 00
00 00 00 00 00 00 00 00  00 00 00 00 00 00 00 00
00 00 00 00 00 00 00 00  00 00 00 00 00 00 00 00
00 00 00 00 00 00 00 00  00 00 00 00 00 00 00 00
00 00 00 00 00 00 00 00  86 00 00 00 00 80 00 00
00 00 00 00 00 00 00 00  00 00 00 00 82 00 00 00
00 00 00 00 00 00 00 00  00 00 00 00 00 00 00 00
00 00 00 00 00 00 68 00  00 00 00 00 00 00 00 00
00 00 00 00 00 00 00 00  00 00 00 00 00 00 00 00
00 00 00 00 00 00 00 00  00 00 00 00 00 00 00 00
00 00 00 00 00 00 00 00  00 00 00 00 00 00 00 00
00 00 00 00 00 00 00 00  00 00 00 00 00 00 00 00
00 00 00 00 00 00 00 00  00 00 00 00 00 00 00 00
00 00 00 00 00 00 00 5e  00 00 00 00 00 00 00 00
00 68 00 00 00 00 00 00  00 00 00 00 00 00 00 00
00 00 00 00 27 00 00 00  00 00 00 00 00 00 00 00
00 00 00 00 00 00 00 00  00 00 00 00 00 00 00 00
00 00 00 00 00 00 00 00  00 00 00 00 00 00 00 00
00 00 00 00 00 00 00 00  00 00 00 00 00 00 00 80
00 00 00 00 00 00 00 00  00 00 00 00 00 00 00 00
00 00 00 00 00 00 00 00  00 00 00 00 00 00 00 00
00 00 00 00 00 00 00 00  00 00 00 00 00 00 00 00
00 00 00 00 00 00 00 00  00 00 00 00 00 00 00 00
00 00 00 00 00 82 80 00  00 00 00 00 00 00 00 00
00 00 00 00 00 00 00 6a  00 00 00 00 5d 00 00 00
00 00 00 00 00 00 00 00  00 00 00 63 00 00 00 00
00 00 00 00 00 00 00 00  00 00 00 5e 6a 5d 00 00
00 00 00 00 00 00 00 00  00 00 00 00 00 00 00 82
00 00 00 00 00 00 00 00  00 00 00 00 00 00 00 00
00 00 00 00 00 00 00 00  00 00 00 00 00 00 00 00
00 00 00 00 00 00 00 00  00 00 00 00 00 00 00 00
00 00 00 00 00 00 00 00  00 00 00 00 00 00 00 00
00 00 00 00 82 00 00 00  00 00 00 62 00 00 00 00
00 00 80 00 00 00 00 00  00 00 00 00 00 00 00 00
00 00 00 00 00 00 00 00  00 00 00 00 00 00 00 00
00 00 00 00 00 00 00 00  00 00 00 00 00 00 00 00
19 5d 00 00 00 00 00 80  00 00 00 00 00 00 00 00
00 00 00 00 00 00 00 00  00 00 00 00 00 00 00 00
00 00 00 00 00 00 00 00  00 00 00 00 00 00 00 00
00 00 00 00 00 00 00 00  00 00 00 00 00 00 00 00
00 00 00 00 00 00 00 00  00 00 00 00 00 00 00 00
00 00 00 00 00 00 00 00  00 00 00 00 00 00 00 00
00 00 00 00 00 00 00 00  00 00 00 00 00 00 00 00
00 00 00 00 00 00 00 00  00 00 00 00 00 00 00 00
00 00 00 00 00 00 00 00  00 00 00 00 00 00 00 00
00 00 00 00 00 00 00 00  00 00 00 00 00 00 00 00
00 00 00 00 00 00 00 00  00 00 00 00 00 00 00 00
00 00 00 00 00 00 00 00  00 00 00 00 00 00 00 00
00 00 00 00 00 00 00 00  00 00 00 00 00 00 00 00
00 00 00 00 00 00 00 00  00 00 00 00 00 00 00 00
00 00 00 00 00 00 00 00  00 00 00 00 00 00 00 00
00 00 00 00 00 00 00 00  00 00 00 00 00 00 00 00
00 00 00 00 00 00 00 00  00 00 00 00 00 00 00 00
00 00 00 00 00 00 00 00  00 00 00 00 00 00 00 00
00 00 00 00 00 00 00 00  00 00 00 00 00 00 00 00
00 00 00 00 00 00 00 00  00 00 00 00 00 00 00 00
00 00 00 00 00 00 00 00  00 00 00 00 00 00 00 00
00 00 00 00 00 00 00 00  00 00 00 00 00 00 00 00
00 00 00 00 00 00 00 00  00 00 00 00 00 00 00 00
00 00 00 00 00 00 00 00  00 00 00 00 00 00 00 00
00 00 00 00 00 00 00 00  00 00 00 00 00 00 00 00
00 00 00 00 00 00 00 00  00 00 00 00 00 00 00 00
00 00 00 00 00 00 00 00  00 00 00 00 00 00 00 00
00 00 00 00 00 00 00 00  00 00 00 00 00 00 00 00
00 00 00 00 00 00 00 00  00 00 00 00 00 00 00 00
00 00 00 00 00 00 00 00  00 00 00 00 00 00 00 00
00 00 00 00 00 00 00 00  00 00 00 00 00 00 00 00
00 00 00 00 00 00 00 00  00 00 00 00 00 00 00 00
00 00 00 00 00 00 00 00  00 00 00 00 00 00 00 00
00 00 00 00 00 00 00 00  00 00 00 00 00 00 00 00
00 00 00 00 00 00 00 00  00 00 00 00 00 00 00 00
00 00 00 00 00 00 00 00  00 00 00 00 00 00 00 00
00 00 00 00 00 00 00 00  00 00 00 00 00 00 00 00
00 00 00 00 00 00 00 00  00 00 00 00 00 00 00 00
00 00 00 00 00 00 00 00  00 00 00 00 00 00 00 00
00 00 00 00 00 00 00 00  00 00 00 00 00 00 00 00
00 00 00 00 00 00 00 00  00 00 00 00 00 00 00 00
00 00 00 00 00 00 00 00  00 00 00 00 00 00 00 00
00 00 00 00 00 00 00 00  00 00 00 00 00 00 00 00
00 00 00 00 00 00 00 00  00 00 00 00 00 00 00 00
00 00 00 00 00 00 00 00  00 00 00 00 00 00 00 00
00 00 00 00 00 00 00 00  00 00 00 00 00 00 00 00
00 00 00 00 00 00 00 00  00 00 00 00 00 00 00 00
00 00 00 00 00 00 00 00  00 00 00 00 00 00 00 00
00 00 00 00 00 00 00 00  00 00 00 00 00 00 00 00
00 00 00 00 00 00 00 00  00 00 00 00 00 00 00 00
00 00 00 00 00 00 00 00  00 00 00 00 00 00 00 00
00 00 00 00 00 00 00 00  00 00 00 00 00 00 00 00
00 00 00 00 00 00 00 00  00 00 00 00 00 00 00 00
00 00 00 00 00 00 00 00  00 00 00 00 00 00 00 00
00 00 00 00 00 00 00 00  00 00 00 00 00 00 00 00
00 00 00 00 00 00 00 00  00 00 00 00 00 00 00 00
00 00 00 00 00 00 00 00  00 00 00 00 00 00 00 00
00 00 00 00 00 00 00 00  00 00 00 00 00 00 00 00
00 00 00 00 00 00 00 00  00 00 00 00 00 00 00 00
00 00 00 00 00 00 00 00  00 00 00 00 00 00 00 00
00 00 00 00 00 00 00 00  00 00 00 00 00 00 00 00
00 00 00 00 00 00 00 00  00 00 00 00 00 00 00 00
00 00 00 00 00 00 00 00  00 00 00 00 00 00 00 00
00 00 00 00 00 00 00 00  00 00 00 00 00 00 00 00
00 00 00 00 00 00 00 00  07 00 00 00 14 00 00 00
ac 02 00 00 05 00 00 00  00 00 00 00 01 00 00 00
00 00 00 00 00 00 00 00  53 65 6c 66 00 2f fb 00
48 6f fc 00 10 6f fc 00  d8 6e fc 00 a0 6e fc 00
b8 6f fc 00 40 6e fc 00  12 00 00 00 00 00 01 00
01 00 01 00 01 00 00 00  00 00 00 00 00 00 00 00
00 00 00 00 00 00 00 00  02 00 00 00 01 00 00 00
88 13 00 00 47 6f 6e 64  6f 72 00 00 00 00 00 00
00 00 00 00 00 00 00 00  00 00 00 00 8c dc 46 00
00 00 00 00 00 00 12 00  02 00 01 00 01 00 01 00
01 00 00 00 02 00 00 00  00 00 00 00 00 00 00 00
00 00 00 00 03 00 00 00  01 00 00 00 88 13 00 00
4c 6f 72 69 65 6e 00 00  00 00 00 00 00 00 00 00
00 00 00 00 00 00 00 00  8c dc 46 00 00 00 00 00
00 00 02 00 12 00 01 00  01 00 01 00 01 00 00 00
02 00 00 00 00 00 00 00  00 00 00 00 00 00 00 00
04 00 00 00 03 00 00 00  88 13 00 00 49 73 65 6e
67 61 72 64 00 00 00 00  00 00 00 00 00 00 00 00
00 00 00 00 8c dc 46 00  00 00 00 00 01 00 01 00
01 00 12 00 00 00 02 00  00 00 00 00 01 00 01 00
00 00 00 00 00 00 00 00  00 00 00 00 05 00 00 00
01 00 00 00 88 13 00 00  4d 6f 72 64 6f 72 00 00
00 00 00 00 00 00 00 00  00 00 00 00 00 00 00 00
8c dc 46 00 00 00 00 00  01 00 01 00 01 00 00 00
12 00 02 00 02 00 00 00  01 00 01 00 02 00 00 00
00 00 00 00 00 00 00 00  06 00 00 00 01 00 00 00
88 13 00 00 4d 6f 6e 73  74 65 72 73 00 00 00 00
00 00 00 00 00 00 00 00  00 00 00 00 8c dc 46 00
00 00 00 00 01 00 01 00  01 00 02 00 02 00 12 00
02 00 00 00 01 00 00 00  00 00 00 00 00 00 00 00
00 00 00 00 08 00 00 00  01 00 00 00 88 13 00 00
4e 65 75 74 72 61 6c 00  00 00 00 00 00 00 00 00
00 00 00 00 00 00 00 00  8c dc 46 00 00 00 00 00
00 00 00 00 00 00 00 00  00 00 00 00 12 00 00 00
00 00 00 00 00 00 00 00  00 00 00 00 00 00 00 00
09 00 00 00 01 00 00 00  88 13 00 00 46 72 69 65
6e 64 73 00 00 00 00 00  00 00 00 00 00 00 00 00
00 00 00 00 8c dc 46 00  00 00 00 00 00 00 02 00
02 00 01 00 01 00 01 00  01 00 12 00 00 00 00 00
00 00 00 00 00 00 00 00  00 00 00 00 08 00 00 00
01 00 00 00 88 13 00 00  44 72 61 67 6f 6e 20 68
75 6e 74 65 72 73 00 00  00 00 00 00 00 00 00 00
8c dc 46 00 00 00 00 00  01 00 01 00 01 00 01 00
01 00 01 00 01 00 01 00  12 00 00 00 00 00 00 00
00 00 00 00 00 00 00 00  07 00 00 00 14 00 00 00
74 01 00 00 0b 00 00 00  00 00 00 00 01 00 00 00
00 00 00 00 ff ff ff ff  05 00 00 00 00 00 00 00
ff ff ff ff 09 00 00 00  00 00 00 00 ff ff ff ff
02 00 00 00 7c 82 bf 11  78 82 7f 10 00 00 00 00
00 00 00 14 01 00 00 00  d0 07 00 00 10 27 00 00
01 00 00 00 f0 49 02 00  f0 49 02 00 40 0d 03 00
80 84 1e 00 32 00 00 00  14 00 00 00 14 00 00 00
14 00 00 00 01 00 00 00  01 00 00 00 01 00 00 00
01 00 00 00 08 00 00 00  00 8f f7 11 00 cb f7 11
00 00 00 14 80 42 c8 01  01 00 00 00 a0 86 01 00
01 00 00 00 01 00 00 00  60 ae 0a 00 60 e3 16 00
80 96 98 00 60 e3 16 00  32 00 00 00 1e 00 00 00
1e 00 00 00 1e 00 00 00  01 00 00 00 01 00 00 00
01 00 00 00 01 00 00 00  04 00 00 00 e0 80 bf 11
e0 80 7f 10 00 00 00 00  00 00 00 14 d0 07 00 00
d0 07 00 00 10 27 00 00  01 00 00 00 60 ae 0a 00
60 ae 0a 00 60 e3 16 00  80 96 98 00 28 00 00 00
14 00 00 00 1e 00 00 00  14 00 00 00 01 00 00 00
01 00 00 00 01 00 00 00  01 00 00 00 03 00 00 00
c0 90 bf 11 80 d2 ff 29  00 00 00 14 c0 80 7f 10
d0 07 00 00 d0 07 00 00  10 27 00 00 01 00 00 00
a0 25 26 00 00 09 3d 00  80 c3 c9 01 c0 c6 2d 00
28 00 00 00 28 00 00 00  1e 00 00 00 14 00 00 00
01 00 00 00 01 00 00 00  01 00 00 00 01 00 00 00
07 00 00 00 14 00 00 00  50 05 00 00 04 00 00 00
00 00 00 00 80 12 00 00  80 2d 00 00 44 00 00 00
64 00 08 00 00 00 01 00  80 1d 00 00 80 2b 00 00
22 00 00 00 64 00 08 00  00 00 02 00 80 81 00 00
80 5b 00 00 5f 00 00 00  64 00 08 00 00 00 03 00
80 26 00 00 80 65 00 00  23 00 00 00 64 00 02 00
00 00 04 00 80 2d 00 00  80 65 00 00 45 00 00 00
64 00 02 00 00 00 05 00  80 28 00 00 80 6a 00 00
59 00 00 00 64 00 02 00  00 00 06 00 80 31 00 00
80 6a 00 00 2f 00 00 00  64 00 02 00 00 00 07 00
80 5b 00 00 80 3a 00 00  69 00 00 00 64 00 03 00
00 00 08 00 80 55 00 00  80 36 00 00 70 00 00 00
64 00 03 00 00 00 09 00  80 55 00 00 80 3f 00 00
8d 00 00 00 64 00 03 00  00 00 0a 00 80 56 00 00
80 3b 00 00 8c 00 00 00  64 00 03 00 00 00 0b 00
80 50 00 00 80 39 00 00  8d 00 00 00 64 00 03 00
00 00 0c 00 80 52 00 00  80 3e 00 00 08 00 00 00
64 00 03 00 00 00 0d 00  80 33 00 00 80 37 00 00
36 00 00 00 64 00 04 00  00 00 0e 00 80 82 00 00
80 55 00 00 8b 00 00 00  64 00 05 00 00 00 0f 00
80 7d 00 00 80 31 00 00  03 00 00 00 64 00 06 00
00 00 11 00 80 83 00 00  80 34 00 00 04 00 00 00
64 00 06 00 00 00 12 00  80 7b 00 00 80 37 00 00
56 00 00 00 64 00 06 00  00 00 13 00 80 80 00 00
80 35 00 00 35 00 00 00  64 00 06 00 00 00 14 00
80 48 00 00 80 24 00 00  02 00 00 00 64 00 06 00
00 00 17 00 80 46 00 00  80 1d 00 00 02 00 00 00
64 00 06 00 00 00 18 00  80 57 00 00 80 1b 00 00
01 00 00 00 64 00 06 00  00 00 19 00 80 54 00 00
80 22 00 00 01 00 00 00  64 00 06 00 00 00 1a 00
80 6f 00 00 80 12 00 00  0e 00 00 00 64 00 06 00
00 00 1b 00 80 3a 00 00  80 1a 00 00 09 00 00 00
64 00 07 00 00 00 1c 00  80 73 00 00 80 08 00 00
8a 00 00 00 64 00 06 00  00 00 1d 00 80 6a 00 00
80 09 00 00 8a 00 00 00  64 00 06 00 00 00 1e 00
80 82 00 00 80 0a 00 00  8a 00 00 00 64 00 06 00
00 00 1f 00 80 25 00 00  80 35 00 00 09 00 00 00
64 00 07 00 00 00 20 00  80 68 00 00 80 78 00 00
1a 00 00 00 64 00 06 00  00 00 23 00 80 67 00 00
80 7c 00 00 18 00 00 00  64 00 06 00 00 00 24 00
80 7d 00 00 80 66 00 00  19 00 00 00 64 00 06 00
00 00 25 00 80 83 00 00  80 6a 00 00 19 00 00 00
64 00 06 00 00 00 26 00  80 79 00 00 80 6a 00 00
18 00 00 00 64 00 06 00  00 00 27 00 80 65 00 00
80 59 00 00 2a 00 00 00  64 00 06 00 00 00 28 00
80 6c 00 00 80 58 00 00  29 00 00 00 64 00 06 00
00 00 29 00 80 61 00 00  80 53 00 00 29 00 00 00
64 00 06 00 00 00 2a 00  80 85 00 00 80 27 00 00
19 00 00 00 64 00 06 00  00 00 2b 00 80 0a 00 00
80 11 00 00 19 00 00 00  64 00 06 00 00 00 2c 00
80 1f 00 00 80 0a 00 00  19 00 00 00 64 00 06 00
00 00 2d 00 80 12 00 00  80 5b 00 00 18 00 00 00
64 00 06 00 00 00 31 00  80 13 00 00 80 52 00 00
1a 00 00 00 64 00 06 00  00 00 32 00 80 11 00 00
80 49 00 00 1a 00 00 00  64 00 06 00 00 00 33 00
80 2e 00 00 80 1b 00 00  19 00 00 00 64 00 06 00
00 00 34 00 80 36 00 00  80 1b 00 00 19 00 00 00
64 00 06 00 00 00 35 00  80 33 00 00 80 1a 00 00
18 00 00 00 64 00 06 00  00 00 36 00 80 80 00 00
80 7d 00 00 16 00 00 00  64 00 06 00 00 00 37 00
80 77 00 00 80 7e 00 00  15 00 00 00 64 00 06 00
00 00 38 00 80 3b 00 00  80 29 00 00 79 00 00 00
64 00 06 00 00 00 39 00  80 83 00 00 80 4f 00 00
83 00 00 00 64 00 06 00  00 00 3a 00 80 50 00 00
80 2e 00 00 a7 00 00 00  64 00 07 00 00 00 3b 00
80 52 00 00 80 28 00 00  a7 00 00 00 64 00 07 00
00 00 3c 00 80 48 00 00  80 28 00 00 a9 00 00 00
64 00 07 00 00 00 3d 00  80 46 00 00 80 2f 00 00
a9 00 00 00 64 00 07 00  00 00 3e 00 80 51 00 00
80 2c 00 00 aa 00 00 00  64 00 07 00 00 00 3f 00
80 54 00 00 80 2b 00 00  ac 00 00 00 64 00 07 00
00 00 40 00 80 47 00 00  80 2b 00 00 ab 00 00 00
64 00 07 00 00 00 41 00  80 64 00 00 80 4c 00 00
28 00 00 00 64 00 06 00  00 00 73 00 80 80 00 00
80 21 00 00 77 00 00 00  64 00 06 00 00 00 82 00
80 7f 00 00 80 18 00 00  76 00 00 00 64 00 06 00
00 00 83 00 80 82 00 00  80 1d 00 00 35 00 00 00
64 00 06 00 00 00 84 00  80 52 00 00 80 6b 00 00
20 00 00 00 64 00 06 00  00 00 98 00 80 10 00 00
80 72 00 00 1e 00 00 00  64 00 06 00 00 00 b4 00
80 57 00 00 80 0e 00 00  20 00 00 00 64 00 06 00
00 00 01 01 80 6c 00 00  80 4a 00 00 20 00 00 00
64 00 06 00 00 00 0e 01  80 6d 00 00 80 67 00 00
24 00 00 00 64 00 05 00  00 00 10 01 80 62 00 00
80 7c 00 00 19 00 00 00  64 00 06 00 00 00 24 01
80 46 00 00 80 85 00 00  04 00 00 00 64 00 06 00
00 00 27 01 07 00 00 00  14 00 00 00 c0 01 00 00
09 00 00 00 00 00 00 00  0f 00 00 00 03 00 00 00
33 00 00 00 39 00 00 00  04 00 0e 00 00 00 08 00
63 00 00 00 00 00 03 00  00 00 33 00 00 00 38 00
00 00 04 00 0e 00 00 00  0d 00 63 00 00 00 00 00
02 00 00 00 82 00 00 00  57 00 00 00 04 00 0f 00
00 00 13 00 63 00 00 00  00 00 02 00 00 00 83 00
00 00 57 00 00 00 04 00  0f 00 00 00 15 00 63 00
00 00 00 00 04 00 00 00  79 00 00 00 7f 00 00 00
04 00 38 00 00 00 15 00  63 00 00 00 00 00 00 00
00 00 00 00 00 00 00 00  00 00 00 00 00 00 00 00
00 00 00 00 01 00 00 00  21 00 0f 00 00 00 00 00
00 00 00 00 00 00 00 00  00 00 00 00 00 00 00 00
00 00 00 00 01 00 00 00  21 00 0f 00 00 00 00 00
00 00 00 00 00 00 00 00  00 00 00 00 00 00 00 00
00 00 00 00 01 00 00 00  21 00 0f 00 00 00 00 00
00 00 00 00 00 00 00 00  00 00 00 00 00 00 00 00
00 00 00 00 01 00 00 00  21 00 0f 00 00 00 00 00
00 00 00 00 00 00 00 00  00 00 00 00 00 00 00 00
00 00 00 00 01 00 00 00  21 00 0f 00 00 00 00 00
00 00 00 00 00 00 00 00  00 00 00 00 00 00 00 00
12 00 3c 00 00 00 00 00  00 00 00 00 00 00 00 00
00 00 00 00 00 00 00 00  00 00 00 00 00 00 01 00
00 00 01 00 40 42 0f 00  00 00 00 00 00 00 00 00
00 00 00 00 00 00 00 00  00 00 00 00 00 00 01 00
00 00 21 00 0f 00 00 00  00 00 00 00 00 00 00 00
00 00 00 00 00 00 00 00  00 00 00 00 00 00 01 00
00 00 21 00 0f 00 00 00  00 00 00 00 00 00 00 00
00 00 00 00 00 00 00 00  00 00 00 00 00 00 01 00
00 00 21 00 0f 00 00 00  07 00 00 00 14 00 00 00
00 00 00 00 08 00 00 00  00 00 00 00 07 00 00 00
14 00 00 00 50 2e 00 00  06 00 00 00 00 00 00 00
80 1b 00 00 80 2f 00 00  18 00 01 00 10 00 00 00
00 00 00 00 53 08 00 00  08 00 00 00 00 00 00 00
00 00 00 00 ff ff ff ff  10 00 80 1b 64 00 00 00
80 19 00 00 80 31 00 00  0f 00 01 00 10 00 00 00
00 00 00 00 51 08 00 00  08 00 00 00 00 00 00 00
00 00 00 00 ff ff ff ff  15 00 80 19 64 00 00 00
80 16 00 00 80 2e 00 00  04 00 01 00 10 00 00 00
00 00 00 00 50 08 00 00  08 00 00 00 00 00 00 00
00 00 00 00 ff ff ff ff  16 00 80 16 64 00 00 00
80 53 00 00 80 38 00 00  0e 00 01 00 10 00 00 00
00 00 00 00 06 04 00 00  03 00 00 00 00 00 00 00
00 00 00 00 ff ff ff ff  21 00 80 53 65 00 00 00
80 55 00 00 80 3e 00 00  0e 00 01 00 10 00 00 00
00 00 00 00 06 04 00 00  03 00 00 00 00 00 00 00
00 00 00 00 ff ff ff ff  22 00 80 55 65 00 00 00
80 7b 00 00 80 73 00 00  41 00 04 00 00 00 00 00
00 00 00 00 67 02 00 00  05 00 00 00 00 00 00 00
00 00 00 00 ff ff ff ff  2e 00 80 7b 6d 00 00 00
80 76 00 00 80 6f 00 00  41 00 04 00 00 00 00 00
00 00 00 00 67 02 00 00  05 00 00 00 00 00 00 00
00 00 00 00 ff ff ff ff  2f 00 80 76 6d 00 00 00
80 78 00 00 80 72 00 00  50 00 04 00 00 00 00 00
00 00 00 00 63 02 00 00  05 00 00 00 00 00 00 00
00 00 00 00 ff ff ff ff  30 00 80 78 6d 00 00 00
80 55 00 00 80 3a 00 00  64 00 06 00 00 00 00 00
00 00 00 00 b2 02 00 00  03 00 00 00 00 00 00 00
00 00 00 00 ff ff ff ff  42 00 80 55 65 00 00 00
80 59 00 00 80 39 00 00  64 00 03 00 00 00 00 00
00 00 00 00 b1 02 00 00  03 00 00 00 00 00 00 00
00 00 00 00 ff ff ff ff  43 00 80 59 65 00 00 00
80 31 00 00 80 36 00 00  18 00 01 00 10 00 00 00
01 00 00 00 0f 04 00 00  04 00 00 00 00 00 00 00
00 00 00 00 ff ff ff ff  44 00 80 31 66 00 00 00
80 32 00 00 80 34 00 00  50 00 03 00 00 00 00 00
00 00 00 00 62 02 00 00  04 00 00 00 00 00 00 00
00 00 00 00 ff ff ff ff  45 00 80 32 66 00 00 00
80 2e 00 00 80 37 00 00  50 00 03 00 00 00 00 00
00 00 00 00 62 02 00 00  04 00 00 00 00 00 00 00
00 00 00 00 ff ff ff ff  46 00 80 2e 66 00 00 00
80 32 00 00 80 38 00 00  50 00 04 00 00 00 00 00
00 00 00 00 63 02 00 00  04 00 00 00 00 00 00 00
00 00 00 00 ff ff ff ff  47 00 80 32 66 00 00 00
80 35 00 00 80 34 00 00  41 00 03 00 00 00 00 00
00 00 00 00 66 02 00 00  04 00 00 00 00 00 00 00
00 00 00 00 ff ff ff ff  48 00 80 35 66 00 00 00
80 30 00 00 80 39 00 00  41 00 03 00 00 00 00 00
00 00 00 00 66 02 00 00  04 00 00 00 00 00 00 00
00 00 00 00 ff ff ff ff  49 00 80 30 66 00 00 00
80 2a 00 00 80 66 00 00  04 00 03 00 10 00 00 00
00 00 00 00 50 08 00 00  02 00 00 00 00 00 00 00
00 00 00 00 ff ff ff ff  4a 00 80 2a 67 00 00 00
80 2f 00 00 80 6c 00 00  05 00 03 00 10 00 00 00
00 00 00 00 54 08 00 00  02 00 00 00 00 00 00 00
00 00 00 00 ff ff ff ff  4b 00 80 2f 67 00 00 00
80 30 00 00 80 69 00 00  0f 00 03 00 10 00 00 00
00 00 00 00 51 08 00 00  02 00 00 00 00 00 00 00
00 00 00 00 ff ff ff ff  4c 00 80 30 67 00 00 00
80 82 00 00 80 58 00 00  63 00 03 00 00 00 00 00
01 00 00 00 be 02 00 00  05 00 00 00 00 00 00 00
00 00 00 00 b8 0b b8 0b  4d 00 80 82 68 00 00 00
80 81 00 00 80 50 00 00  62 00 01 00 00 00 00 00
00 00 00 00 a1 02 00 00  05 00 00 00 04 00 00 00
00 00 00 00 bc 02 bc 02  4e 00 80 81 2f 01 00 00
80 76 00 00 80 4e 00 00  62 00 01 00 00 00 00 00
00 00 00 00 a1 02 00 00  05 00 00 00 08 00 00 00
00 00 00 00 bc 02 bc 02  4f 00 80 76 30 01 00 00
80 78 00 00 80 5b 00 00  62 00 01 00 00 00 00 00
00 00 00 00 a1 02 00 00  05 00 00 00 03 00 00 00
00 00 00 00 bc 02 bc 02  50 00 80 78 2e 01 00 00
80 83 00 00 80 61 00 00  62 00 01 00 00 00 00 00
00 00 00 00 a1 02 00 00  05 00 00 00 01 00 00 00
00 00 00 00 bc 02 bc 02  51 00 80 83 2d 01 00 00
80 80 00 00 80 5f 00 00  62 00 01 00 00 00 00 00
00 00 00 00 a1 02 00 00  05 00 00 00 02 00 00 00
00 00 00 00 bc 02 bc 02  52 00 80 80 2d 01 00 00
80 7b 00 00 80 70 00 00  62 00 01 00 00 00 00 00
00 00 00 00 a1 02 00 00  05 00 00 00 07 00 00 00
00 00 00 00 bc 02 bc 02  53 00 80 7b 2c 01 00 00
80 7e 00 00 80 69 00 00  69 00 04 00 00 00 00 00
00 00 00 00 ca 02 00 00  05 00 00 00 00 00 00 00
00 00 00 00 ff ff ff ff  54 00 80 7e 6e 00 00 00
80 80 00 00 80 6b 00 00  46 00 04 00 00 00 00 00
00 00 00 00 73 02 00 00  05 00 00 00 00 00 00 00
00 00 00 00 ff ff ff ff  55 00 80 80 6e 00 00 00
80 80 00 00 80 68 00 00  46 00 04 00 00 00 00 00
00 00 00 00 73 02 00 00  05 00 00 00 00 00 00 00
00 00 00 00 ff ff ff ff  56 00 80 80 6e 00 00 00
80 7c 00 00 80 6a 00 00  46 00 04 00 00 00 00 00
00 00 00 00 73 02 00 00  05 00 00 00 00 00 00 00
00 00 00 00 ff ff ff ff  57 00 80 7c 6e 00 00 00
80 84 00 00 80 62 00 00  5c 00 01 00 00 00 00 00
00 00 00 00 9b 02 00 00  05 00 00 00 00 00 00 00
00 00 00 00 ff ff ff ff  58 00 80 84 6c 00 00 00
80 7e 00 00 80 63 00 00  5c 00 01 00 00 00 00 00
00 00 00 00 9b 02 00 00  05 00 00 00 00 00 00 00
00 00 00 00 ff ff ff ff  59 00 80 7e 6c 00 00 00
80 7e 00 00 80 5f 00 00  60 00 01 00 00 00 00 00
00 00 00 00 9f 02 00 00  05 00 00 00 00 00 00 00
00 00 00 00 ff ff ff ff  5a 00 80 7e 6c 00 00 00
80 85 00 00 80 5e 00 00  60 00 01 00 00 00 00 00
00 00 00 00 9f 02 00 00  05 00 00 00 00 00 00 00
00 00 00 00 ff ff ff ff  5b 00 80 85 6c 00 00 00
80 7f 00 00 80 5c 00 00  5c 00 01 00 00 00 00 00
00 00 00 00 9b 02 00 00  05 00 00 00 00 00 00 00
00 00 00 00 ff ff ff ff  5c 00 80 7f 6c 00 00 00
80 80 00 00 80 74 00 00  41 00 04 00 00 00 00 00
00 00 00 00 67 02 00 00  05 00 00 00 00 00 00 00
00 00 00 00 ff ff ff ff  5d 00 80 80 6d 00 00 00
80 78 00 00 80 59 00 00  60 00 01 00 00 00 00 00
00 00 00 00 9f 02 00 00  05 00 00 00 00 00 00 00
00 00 00 00 ff ff ff ff  5e 00 80 78 6b 00 00 00
80 76 00 00 80 56 00 00  60 00 01 00 00 00 00 00
00 00 00 00 9f 02 00 00  05 00 00 00 00 00 00 00
00 00 00 00 ff ff ff ff  5f 00 80 76 6b 00 00 00
80 77 00 00 80 5d 00 00  60 00 01 00 00 00 00 00
00 00 00 00 9f 02 00 00  05 00 00 00 00 00 00 00
00 00 00 00 ff ff ff ff  60 00 80 77 6b 00 00 00
80 7f 00 00 80 4f 00 00  55 00 01 00 00 00 00 00
00 00 00 00 94 02 00 00  05 00 00 00 00 00 00 00
00 00 00 00 ff ff ff ff  61 00 80 7f 69 00 00 00
80 83 00 00 80 4e 00 00  55 00 01 00 00 00 00 00
00 00 00 00 94 02 00 00  05 00 00 00 00 00 00 00
00 00 00 00 ff ff ff ff  62 00 80 83 69 00 00 00
80 81 00 00 80 52 00 00  55 00 01 00 00 00 00 00
00 00 00 00 94 02 00 00  05 00 00 00 00 00 00 00
00 00 00 00 ff ff ff ff  63 00 80 81 69 00 00 00
80 7e 00 00 80 53 00 00  55 00 01 00 00 00 00 00
00 00 00 00 94 02 00 00  05 00 00 00 00 00 00 00
00 00 00 00 ff ff ff ff  64 00 80 7e 69 00 00 00
80 7e 00 00 80 51 00 00  58 00 01 00 00 00 00 00
00 00 00 00 97 02 00 00  05 00 00 00 00 00 00 00
00 00 00 00 ff ff ff ff  65 00 80 7e 69 00 00 00
80 78 00 00 80 49 00 00  41 00 04 00 00 00 00 00
00 00 00 00 67 02 00 00  05 00 00 00 00 00 00 00
00 00 00 00 ff ff ff ff  66 00 80 78 6a 00 00 00
80 71 00 00 80 4c 00 00  41 00 04 00 00 00 00 00
00 00 00 00 67 02 00 00  05 00 00 00 00 00 00 00
00 00 00 00 ff ff ff ff  67 00 80 71 6a 00 00 00
80 75 00 00 80 4c 00 00  50 00 04 00 00 00 00 00
00 00 00 00 63 02 00 00  05 00 00 00 00 00 00 00
00 00 00 00 ff ff ff ff  68 00 80 75 6a 00 00 00
80 77 00 00 80 4c 00 00  50 00 04 00 00 00 00 00
00 00 00 00 63 02 00 00  05 00 00 00 00 00 00 00
00 00 00 00 ff ff ff ff  69 00 80 77 6a 00 00 00
80 76 00 00 80 4a 00 00  50 00 04 00 00 00 00 00
00 00 00 00 63 02 00 00  05 00 00 00 00 00 00 00
00 00 00 00 ff ff ff ff  6a 00 80 76 6a 00 00 00
80 6b 00 00 80 66 00 00  55 00 01 00 00 00 00 00
00 00 00 00 94 02 00 00  05 00 00 00 00 00 00 00
00 00 00 00 ff ff ff ff  6b 00 80 6b 6e 00 00 00
80 6c 00 00 80 68 00 00  55 00 01 00 00 00 00 00
00 00 00 00 94 02 00 00  05 00 00 00 00 00 00 00
00 00 00 00 ff ff ff ff  6c 00 80 6c 6e 00 00 00
80 6a 00 00 80 67 00 00  58 00 01 00 00 00 00 00
00 00 00 00 97 02 00 00  05 00 00 00 00 00 00 00
00 00 00 00 ff ff ff ff  6d 00 80 6a 6e 00 00 00
80 6b 00 00 80 5b 00 00  45 00 04 00 00 00 00 00
00 00 00 00 77 02 00 00  05 00 00 00 00 00 00 00
00 00 00 00 ff ff ff ff  6e 00 80 6b 6f 00 00 00
80 68 00 00 80 58 00 00  45 00 04 00 00 00 00 00
00 00 00 00 77 02 00 00  05 00 00 00 00 00 00 00
00 00 00 00 ff ff ff ff  6f 00 80 68 6f 00 00 00
80 62 00 00 80 57 00 00  45 00 04 00 00 00 00 00
00 00 00 00 77 02 00 00  05 00 00 00 00 00 00 00
00 00 00 00 ff ff ff ff  70 00 80 62 6f 00 00 00
80 63 00 00 80 54 00 00  45 00 04 00 00 00 00 00
00 00 00 00 77 02 00 00  05 00 00 00 00 00 00 00
00 00 00 00 ff ff ff ff  71 00 80 63 6f 00 00 00
80 5f 00 00 80 54 00 00  45 00 04 00 00 00 00 00
00 00 00 00 77 02 00 00  05 00 00 00 00 00 00 00
00 00 00 00 ff ff ff ff  72 00 80 5f 6f 00 00 00
80 83 00 00 80 37 00 00  41 00 04 00 00 00 00 00
00 00 00 00 67 02 00 00  05 00 00 00 00 00 00 00
00 00 00 00 ff ff ff ff  74 00 80 83 70 00 00 00
80 7f 00 00 80 3a 00 00  41 00 04 00 00 00 00 00
00 00 00 00 67 02 00 00  05 00 00 00 00 00 00 00
00 00 00 00 ff ff ff ff  75 00 80 7f 70 00 00 00
80 7b 00 00 80 35 00 00  41 00 04 00 00 00 00 00
00 00 00 00 67 02 00 00  05 00 00 00 00 00 00 00
00 00 00 00 ff ff ff ff  76 00 80 7b 70 00 00 00
80 82 00 00 80 33 00 00  50 00 04 00 00 00 00 00
00 00 00 00 63 02 00 00  05 00 00 00 00 00 00 00
00 00 00 00 ff ff ff ff  77 00 80 82 70 00 00 00
80 7e 00 00 80 35 00 00  50 00 04 00 00 00 00 00
00 00 00 00 63 02 00 00  05 00 00 00 00 00 00 00
00 00 00 00 ff ff ff ff  78 00 80 7e 70 00 00 00
80 82 00 00 80 39 00 00  50 00 04 00 00 00 00 00
00 00 00 00 63 02 00 00  05 00 00 00 00 00 00 00
00 00 00 00 ff ff ff ff  79 00 80 82 70 00 00 00
80 7c 00 00 80 31 00 00  50 00 04 00 00 00 00 00
00 00 00 00 63 02 00 00  05 00 00 00 00 00 00 00
00 00 00 00 ff ff ff ff  7a 00 80 7c 70 00 00 00
80 81 00 00 80 36 00 00  51 00 04 00 00 00 00 00
00 00 00 00 90 02 00 00  05 00 00 00 00 00 00 00
00 00 00 00 ff ff ff ff  7b 00 80 81 70 00 00 00
80 6b 00 00 80 40 00 00  46 00 04 00 00 00 00 00
00 00 00 00 73 02 00 00  05 00 00 00 00 00 00 00
00 00 00 00 ff ff ff ff  7c 00 80 6b 71 00 00 00
80 6c 00 00 80 41 00 00  46 00 04 00 00 00 00 00
00 00 00 00 73 02 00 00  05 00 00 00 00 00 00 00
00 00 00 00 ff ff ff ff  7d 00 80 6c 71 00 00 00
80 68 00 00 80 44 00 00  46 00 04 00 00 00 00 00
00 00 00 00 73 02 00 00  05 00 00 00 00 00 00 00
00 00 00 00 ff ff ff ff  7e 00 80 68 71 00 00 00
80 67 00 00 80 46 00 00  46 00 04 00 00 00 00 00
00 00 00 00 73 02 00 00  05 00 00 00 00 00 00 00
00 00 00 00 ff ff ff ff  7f 00 80 67 71 00 00 00
80 66 00 00 80 41 00 00  46 00 04 00 00 00 00 00
00 00 00 00 73 02 00 00  05 00 00 00 00 00 00 00
00 00 00 00 ff ff ff ff  80 00 80 66 71 00 00 00
80 70 00 00 80 0d 00 00  47 00 03 00 00 00 00 00
00 00 00 00 8a 02 00 00  06 00 00 00 00 00 00 00
00 00 00 00 ff ff ff ff  81 00 80 70 85 00 00 00
80 81 00 00 80 1f 00 00  0f 00 04 00 10 00 00 00
00 00 00 00 51 08 00 00  09 00 00 00 00 00 00 00
00 00 00 00 ff ff ff ff  85 00 80 81 72 00 00 00
80 83 00 00 80 1b 00 00  0f 00 04 00 10 00 00 00
00 00 00 00 51 08 00 00  09 00 00 00 00 00 00 00
00 00 00 00 ff ff ff ff  86 00 80 83 72 00 00 00
80 7e 00 00 80 1a 00 00  0f 00 04 00 10 00 00 00
00 00 00 00 51 08 00 00  09 00 00 00 00 00 00 00
00 00 00 00 ff ff ff ff  87 00 80 7e 72 00 00 00
80 84 00 00 80 20 00 00  18 00 04 00 10 00 00 00
00 00 00 00 53 08 00 00  09 00 00 00 00 00 00 00
00 00 00 00 ff ff ff ff  88 00 80 84 72 00 00 00
80 3d 00 00 80 28 00 00  5b 00 01 00 00 00 00 00
00 00 00 00 9a 02 00 00  06 00 00 00 00 00 00 00
00 00 00 00 ff ff ff ff  89 00 80 3d 73 00 00 00
80 3e 00 00 80 2b 00 00  5b 00 01 00 00 00 00 00
00 00 00 00 9a 02 00 00  06 00 00 00 00 00 00 00
00 00 00 00 ff ff ff ff  8a 00 80 3e 73 00 00 00
80 3b 00 00 80 2c 00 00  57 00 01 00 00 00 00 00
00 00 00 00 96 02 00 00  06 00 00 00 00 00 00 00
00 00 00 00 ff ff ff ff  8b 00 80 3b 73 00 00 00
80 3a 00 00 80 28 00 00  54 00 01 00 00 00 00 00
00 00 00 00 93 02 00 00  06 00 00 00 00 00 00 00
00 00 00 00 ff ff ff ff  8c 00 80 3a 73 00 00 00
80 48 00 00 80 22 00 00  40 00 03 00 00 00 00 00
00 00 00 00 5a 02 00 00  06 00 00 00 00 00 00 00
00 00 00 00 ff ff ff ff  8d 00 80 48 74 00 00 00
80 44 00 00 80 1f 00 00  40 00 03 00 00 00 00 00
00 00 00 00 5a 02 00 00  06 00 00 00 00 00 00 00
00 00 00 00 ff ff ff ff  8e 00 80 44 74 00 00 00
80 47 00 00 80 26 00 00  4f 00 03 00 00 00 00 00
00 00 00 00 5e 02 00 00  06 00 00 00 00 00 00 00
00 00 00 00 ff ff ff ff  8f 00 80 47 74 00 00 00
80 47 00 00 80 20 00 00  40 00 04 00 00 00 00 00
00 00 00 00 5b 02 00 00  06 00 00 00 00 00 00 00
00 00 00 00 ff ff ff ff  90 00 80 47 74 00 00 00
80 49 00 00 80 1b 00 00  4f 00 03 00 00 00 00 00
00 00 00 00 5e 02 00 00  06 00 00 00 00 00 00 00
00 00 00 00 ff ff ff ff  91 00 80 49 74 00 00 00
80 39 00 00 80 0c 00 00  44 00 03 00 00 00 00 00
00 00 00 00 6e 02 00 00  06 00 00 00 00 00 00 00
00 00 00 00 ff ff ff ff  92 00 80 39 75 00 00 00
80 3d 00 00 80 0f 00 00  44 00 03 00 00 00 00 00
00 00 00 00 6e 02 00 00  06 00 00 00 00 00 00 00
00 00 00 00 ff ff ff ff  93 00 80 3d 75 00 00 00
80 43 00 00 80 10 00 00  44 00 03 00 00 00 00 00
00 00 00 00 6e 02 00 00  06 00 00 00 00 00 00 00
00 00 00 00 ff ff ff ff  94 00 80 43 76 00 00 00
80 47 00 00 80 11 00 00  44 00 04 00 00 00 00 00
00 00 00 00 6f 02 00 00  06 00 00 00 00 00 00 00
00 00 00 00 ff ff ff ff  95 00 80 47 76 00 00 00
80 54 00 00 80 72 00 00  47 00 04 00 00 00 00 00
00 00 00 00 8b 02 00 00  06 00 00 00 00 00 00 00
00 00 00 00 ff ff ff ff  96 00 80 54 8f 00 00 00
80 5f 00 00 80 65 00 00  40 00 04 00 00 00 00 00
00 00 00 00 5b 02 00 00  06 00 00 00 00 00 00 00
00 00 00 00 ff ff ff ff  97 00 80 5f 92 00 00 00
80 46 00 00 80 14 00 00  44 00 03 00 00 00 00 00
00 00 00 00 6e 02 00 00  06 00 00 00 00 00 00 00
00 00 00 00 ff ff ff ff  99 00 80 46 76 00 00 00
80 42 00 00 80 13 00 00  46 00 04 00 00 00 00 00
00 00 00 00 73 02 00 00  06 00 00 00 00 00 00 00
00 00 00 00 ff ff ff ff  9a 00 80 42 76 00 00 00
80 46 00 00 80 0e 00 00  46 00 04 00 00 00 00 00
00 00 00 00 73 02 00 00  06 00 00 00 00 00 00 00
00 00 00 00 ff ff ff ff  9b 00 80 46 76 00 00 00
80 4a 00 00 80 13 00 00  46 00 04 00 00 00 00 00
00 00 00 00 73 02 00 00  06 00 00 00 00 00 00 00
00 00 00 00 ff ff ff ff  9c 00 80 4a 76 00 00 00
80 45 00 00 80 16 00 00  46 00 04 00 00 00 00 00
00 00 00 00 73 02 00 00  06 00 00 00 00 00 00 00
00 00 00 00 ff ff ff ff  9d 00 80 45 76 00 00 00
80 3d 00 00 80 13 00 00  46 00 03 00 00 00 00 00
00 00 00 00 72 02 00 00  06 00 00 00 00 00 00 00
00 00 00 00 ff ff ff ff  9e 00 80 3d 75 00 00 00
80 38 00 00 80 0f 00 00  46 00 03 00 00 00 00 00
00 00 00 00 72 02 00 00  06 00 00 00 00 00 00 00
00 00 00 00 ff ff ff ff  9f 00 80 38 75 00 00 00
80 3e 00 00 80 0d 00 00  46 00 03 00 00 00 00 00
00 00 00 00 72 02 00 00  06 00 00 00 00 00 00 00
00 00 00 00 ff ff ff ff  a0 00 80 3e 75 00 00 00
80 2c 00 00 80 0e 00 00  67 00 03 00 00 00 00 00
00 00 00 00 c1 02 00 00  06 00 00 00 00 00 00 00
00 00 00 00 ff ff ff ff  a1 00 80 2c 77 00 00 00
80 2e 00 00 80 0c 00 00  67 00 03 00 00 00 00 00
00 00 00 00 c1 02 00 00  06 00 00 00 00 00 00 00
00 00 00 00 ff ff ff ff  a2 00 80 2e 77 00 00 00
80 2f 00 00 80 10 00 00  67 00 03 00 00 00 00 00
00 00 00 00 c1 02 00 00  06 00 00 00 00 00 00 00
00 00 00 00 ff ff ff ff  a3 00 80 2f 77 00 00 00
80 30 00 00 80 0e 00 00  67 00 03 00 00 00 00 00
00 00 00 00 c1 02 00 00  06 00 00 00 00 00 00 00
00 00 00 00 ff ff ff ff  a4 00 80 30 77 00 00 00
80 1c 00 00 80 0c 00 00  49 00 03 00 00 00 00 00
00 00 00 00 7a 02 00 00  06 00 00 00 00 00 00 00
00 00 00 00 ff ff ff ff  a5 00 80 1c 78 00 00 00
80 1e 00 00 80 0d 00 00  49 00 03 00 00 00 00 00
00 00 00 00 7a 02 00 00  06 00 00 00 00 00 00 00
00 00 00 00 ff ff ff ff  a6 00 80 1e 78 00 00 00
80 20 00 00 80 0c 00 00  49 00 03 00 00 00 00 00
00 00 00 00 7a 02 00 00  06 00 00 00 00 00 00 00
00 00 00 00 ff ff ff ff  a7 00 80 20 78 00 00 00
80 23 00 00 80 0e 00 00  49 00 03 00 00 00 00 00
00 00 00 00 7a 02 00 00  06 00 00 00 00 00 00 00
00 00 00 00 ff ff ff ff  a8 00 80 23 78 00 00 00
80 0b 00 00 80 13 00 00  49 00 03 00 00 00 00 00
00 00 00 00 7a 02 00 00  06 00 00 00 00 00 00 00
00 00 00 00 ff ff ff ff  a9 00 80 0b 79 00 00 00
80 0c 00 00 80 12 00 00  49 00 03 00 00 00 00 00
00 00 00 00 7a 02 00 00  06 00 00 00 00 00 00 00
00 00 00 00 ff ff ff ff  aa 00 80 0c 79 00 00 00
80 09 00 00 80 0f 00 00  49 00 03 00 00 00 00 00
00 00 00 00 7a 02 00 00  06 00 00 00 00 00 00 00
00 00 00 00 ff ff ff ff  ab 00 80 09 79 00 00 00
80 08 00 00 80 11 00 00  49 00 03 00 00 00 00 00
00 00 00 00 7a 02 00 00  06 00 00 00 00 00 00 00
00 00 00 00 ff ff ff ff  ac 00 80 08 79 00 00 00
80 09 00 00 80 14 00 00  49 00 03 00 00 00 00 00
00 00 00 00 7a 02 00 00  06 00 00 00 00 00 00 00
00 00 00 00 ff ff ff ff  ad 00 80 09 79 00 00 00
80 13 00 00 80 0e 00 00  46 00 04 00 00 00 00 00
00 00 00 00 73 02 00 00  06 00 00 00 00 00 00 00
00 00 00 00 ff ff ff ff  ae 00 80 13 7a 00 00 00
80 16 00 00 80 0d 00 00  46 00 03 00 00 00 00 00
00 00 00 00 72 02 00 00  06 00 00 00 00 00 00 00
00 00 00 00 ff ff ff ff  af 00 80 16 7a 00 00 00
80 1a 00 00 80 11 00 00  46 00 04 00 00 00 00 00
00 00 00 00 73 02 00 00  06 00 00 00 00 00 00 00
00 00 00 00 ff ff ff ff  b0 00 80 1a 7a 00 00 00
80 17 00 00 80 10 00 00  46 00 03 00 00 00 00 00
00 00 00 00 72 02 00 00  06 00 00 00 00 00 00 00
00 00 00 00 ff ff ff ff  b1 00 80 17 7a 00 00 00
80 0e 00 00 80 1d 00 00  6a 00 03 00 00 00 00 00
00 00 00 00 cd 02 00 00  06 00 00 00 00 00 00 00
00 00 00 00 ff ff ff ff  b2 00 80 0e 7b 00 00 00
80 12 00 00 80 19 00 00  6a 00 04 00 00 00 00 00
00 00 00 00 ce 02 00 00  06 00 00 00 00 00 00 00
00 00 00 00 ff ff ff ff  b3 00 80 12 7b 00 00 00
80 15 00 00 80 1e 00 00  6a 00 03 00 00 00 00 00
00 00 00 00 cd 02 00 00  06 00 00 00 00 00 00 00
00 00 00 00 ff ff ff ff  b5 00 80 15 7b 00 00 00
80 18 00 00 80 1c 00 00  4b 00 04 00 00 00 00 00
00 00 00 00 83 02 00 00  06 00 00 00 00 00 00 00
00 00 00 00 ff ff ff ff  b6 00 80 18 7b 00 00 00
80 0f 00 00 80 22 00 00  4b 00 04 00 00 00 00 00
00 00 00 00 83 02 00 00  06 00 00 00 00 00 00 00
00 00 00 00 ff ff ff ff  b7 00 80 0f 7b 00 00 00
80 17 00 00 80 20 00 00  4a 00 04 00 00 00 00 00
00 00 00 00 7f 02 00 00  06 00 00 00 00 00 00 00
00 00 00 00 ff ff ff ff  b8 00 80 17 7b 00 00 00
80 0d 00 00 80 1a 00 00  4a 00 04 00 00 00 00 00
00 00 00 00 7f 02 00 00  06 00 00 00 00 00 00 00
00 00 00 00 ff ff ff ff  b9 00 80 0d 7b 00 00 00
80 2c 00 00 80 1f 00 00  49 00 03 00 00 00 00 00
00 00 00 00 7a 02 00 00  06 00 00 00 00 00 00 00
00 00 00 00 ff ff ff ff  ba 00 80 2c 7c 00 00 00
80 2f 00 00 80 1d 00 00  49 00 03 00 00 00 00 00
00 00 00 00 7a 02 00 00  06 00 00 00 00 00 00 00
00 00 00 00 ff ff ff ff  bb 00 80 2f 7c 00 00 00
80 33 00 00 80 1f 00 00  49 00 03 00 00 00 00 00
00 00 00 00 7a 02 00 00  06 00 00 00 00 00 00 00
00 00 00 00 ff ff ff ff  bc 00 80 33 7c 00 00 00
80 35 00 00 80 1c 00 00  49 00 03 00 00 00 00 00
00 00 00 00 7a 02 00 00  06 00 00 00 00 00 00 00
00 00 00 00 ff ff ff ff  bd 00 80 35 7c 00 00 00
80 30 00 00 80 20 00 00  49 00 03 00 00 00 00 00
00 00 00 00 7a 02 00 00  06 00 00 00 00 00 00 00
00 00 00 00 ff ff ff ff  be 00 80 30 7c 00 00 00
80 0f 00 00 80 4a 00 00  4b 00 03 00 00 00 00 00
00 00 00 00 82 02 00 00  06 00 00 00 00 00 00 00
00 00 00 00 ff ff ff ff  bf 00 80 0f 7d 00 00 00
80 13 00 00 80 47 00 00  4b 00 03 00 00 00 00 00
00 00 00 00 82 02 00 00  06 00 00 00 00 00 00 00
00 00 00 00 ff ff ff ff  c0 00 80 13 7d 00 00 00
80 13 00 00 80 4b 00 00  4b 00 03 00 00 00 00 00
00 00 00 00 82 02 00 00  06 00 00 00 00 00 00 00
00 00 00 00 ff ff ff ff  c1 00 80 13 7d 00 00 00
80 11 00 00 80 4c 00 00  4b 00 03 00 00 00 00 00
00 00 00 00 82 02 00 00  06 00 00 00 00 00 00 00
00 00 00 00 ff ff ff ff  c2 00 80 11 7d 00 00 00
80 16 00 00 80 45 00 00  4b 00 03 00 00 00 00 00
00 00 00 00 82 02 00 00  06 00 00 00 00 00 00 00
00 00 00 00 ff ff ff ff  c3 00 80 16 7d 00 00 00
80 14 00 00 80 55 00 00  4b 00 04 00 00 00 00 00
00 00 00 00 83 02 00 00  06 00 00 00 00 00 00 00
00 00 00 00 ff ff ff ff  c4 00 80 14 7e 00 00 00
80 11 00 00 80 54 00 00  4b 00 04 00 00 00 00 00
00 00 00 00 83 02 00 00  06 00 00 00 00 00 00 00
00 00 00 00 ff ff ff ff  c5 00 80 11 7e 00 00 00
80 12 00 00 80 51 00 00  4b 00 04 00 00 00 00 00
00 00 00 00 83 02 00 00  06 00 00 00 00 00 00 00
00 00 00 00 ff ff ff ff  c6 00 80 12 7e 00 00 00
80 16 00 00 80 51 00 00  4b 00 04 00 00 00 00 00
00 00 00 00 83 02 00 00  06 00 00 00 00 00 00 00
00 00 00 00 ff ff ff ff  c7 00 80 16 7e 00 00 00
80 1f 00 00 80 3f 00 00  67 00 03 00 00 00 00 00
00 00 00 00 c1 02 00 00  06 00 00 00 00 00 00 00
00 00 00 00 ff ff ff ff  c8 00 80 1f 7f 00 00 00
80 22 00 00 80 3e 00 00  67 00 03 00 00 00 00 00
00 00 00 00 c1 02 00 00  06 00 00 00 00 00 00 00
00 00 00 00 ff ff ff ff  c9 00 80 22 7f 00 00 00
80 24 00 00 80 3c 00 00  67 00 03 00 00 00 00 00
00 00 00 00 c1 02 00 00  06 00 00 00 00 00 00 00
00 00 00 00 ff ff ff ff  ca 00 80 24 7f 00 00 00
80 28 00 00 80 3d 00 00  67 00 03 00 00 00 00 00
00 00 00 00 c1 02 00 00  06 00 00 00 00 00 00 00
00 00 00 00 ff ff ff ff  cb 00 80 28 7f 00 00 00
80 22 00 00 80 50 00 00  44 00 04 00 00 00 00 00
01 00 00 00 6f 02 00 00  06 00 00 00 00 00 00 00
00 00 00 00 ff ff ff ff  cc 00 80 22 80 00 00 00
80 24 00 00 80 53 00 00  69 00 04 00 00 00 00 00
00 00 00 00 ca 02 00 00  06 00 00 00 00 00 00 00
00 00 00 00 ff ff ff ff  cd 00 80 24 80 00 00 00
80 26 00 00 80 50 00 00  46 00 04 00 00 00 00 00
00 00 00 00 73 02 00 00  06 00 00 00 00 00 00 00
00 00 00 00 ff ff ff ff  ce 00 80 26 80 00 00 00
80 1f 00 00 80 4f 00 00  46 00 04 00 00 00 00 00
00 00 00 00 73 02 00 00  06 00 00 00 00 00 00 00
00 00 00 00 ff ff ff ff  cf 00 80 1f 80 00 00 00
80 20 00 00 80 53 00 00  46 00 04 00 00 00 00 00
00 00 00 00 73 02 00 00  06 00 00 00 00 00 00 00
00 00 00 00 ff ff ff ff  d0 00 80 20 80 00 00 00
80 3a 00 00 80 5a 00 00  45 00 03 00 00 00 00 00
00 00 00 00 76 02 00 00  06 00 00 00 00 00 00 00
00 00 00 00 ff ff ff ff  d1 00 80 3a 81 00 00 00
80 35 00 00 80 59 00 00  45 00 03 00 00 00 00 00
00 00 00 00 76 02 00 00  06 00 00 00 00 00 00 00
00 00 00 00 ff ff ff ff  d2 00 80 35 81 00 00 00
80 37 00 00 80 5d 00 00  45 00 03 00 00 00 00 00
00 00 00 00 76 02 00 00  06 00 00 00 00 00 00 00
00 00 00 00 ff ff ff ff  d3 00 80 37 81 00 00 00
80 3a 00 00 80 58 00 00  45 00 03 00 00 00 00 00
00 00 00 00 76 02 00 00  06 00 00 00 00 00 00 00
00 00 00 00 ff ff ff ff  d4 00 80 3a 81 00 00 00
80 3c 00 00 80 59 00 00  45 00 03 00 00 00 00 00
00 00 00 00 76 02 00 00  06 00 00 00 00 00 00 00
00 00 00 00 ff ff ff ff  d5 00 80 3c 81 00 00 00
80 38 00 00 80 5b 00 00  45 00 03 00 00 00 00 00
00 00 00 00 76 02 00 00  06 00 00 00 00 00 00 00
00 00 00 00 ff ff ff ff  d6 00 80 38 81 00 00 00
80 11 00 00 80 5d 00 00  49 00 03 00 00 00 00 00
00 00 00 00 7a 02 00 00  06 00 00 00 00 00 00 00
00 00 00 00 ff ff ff ff  d7 00 80 11 82 00 00 00
80 12 00 00 80 5e 00 00  49 00 03 00 00 00 00 00
00 00 00 00 7a 02 00 00  06 00 00 00 00 00 00 00
00 00 00 00 ff ff ff ff  d8 00 80 12 82 00 00 00
80 15 00 00 80 5e 00 00  49 00 03 00 00 00 00 00
00 00 00 00 7a 02 00 00  06 00 00 00 00 00 00 00
00 00 00 00 ff ff ff ff  d9 00 80 15 82 00 00 00
80 15 00 00 80 70 00 00  15 00 03 00 10 00 00 00
00 00 00 00 1d 04 00 00  06 00 00 00 00 00 00 00
00 00 00 00 ff ff ff ff  da 00 80 15 83 00 00 00
80 64 00 00 80 2c 00 00  41 00 04 00 00 00 00 00
00 00 00 00 67 02 00 00  05 00 00 00 00 00 00 00
00 00 00 00 ff ff ff ff  db 00 80 64 89 00 00 00
80 13 00 00 80 6d 00 00  04 00 03 00 10 00 00 00
00 00 00 00 1b 04 00 00  06 00 00 00 00 00 00 00
00 00 00 00 ff ff ff ff  dc 00 80 13 83 00 00 00
80 85 00 00 80 0c 00 00  47 00 04 00 00 00 00 00
01 00 00 00 8b 02 00 00  06 00 00 00 09 00 00 00
00 00 00 00 ff ff ff ff  dd 00 80 85 84 00 00 00
80 76 00 00 80 0d 00 00  47 00 03 00 00 00 00 00
00 00 00 00 8a 02 00 00  06 00 00 00 00 00 00 00
00 00 00 00 ff ff ff ff  de 00 80 76 85 00 00 00
80 68 00 00 80 0c 00 00  47 00 02 00 00 00 00 00
00 00 00 00 89 02 00 00  06 00 00 00 00 00 00 00
00 00 00 00 ff ff ff ff  df 00 80 68 86 00 00 00
80 67 00 00 80 31 00 00  41 00 04 00 00 00 00 00
00 00 00 00 67 02 00 00  05 00 00 00 00 00 00 00
00 00 00 00 ff ff ff ff  e0 00 80 67 89 00 00 00
80 56 00 00 80 0c 00 00  6a 00 04 00 00 00 00 00
00 00 00 00 ce 02 00 00  06 00 00 00 00 00 00 00
00 00 00 00 ff ff ff ff  e1 00 80 56 87 00 00 00
80 59 00 00 80 0e 00 00  6a 00 04 00 00 00 00 00
00 00 00 00 ce 02 00 00  06 00 00 00 00 00 00 00
00 00 00 00 ff ff ff ff  e2 00 80 59 87 00 00 00
80 5d 00 00 80 0f 00 00  6a 00 04 00 00 00 00 00
00 00 00 00 ce 02 00 00  06 00 00 00 00 00 00 00
00 00 00 00 ff ff ff ff  e3 00 80 5d 87 00 00 00
80 54 00 00 80 0f 00 00  6a 00 04 00 00 00 00 00
00 00 00 00 ce 02 00 00  06 00 00 00 00 00 00 00
00 00 00 00 ff ff ff ff  e4 00 80 54 87 00 00 00
80 57 00 00 80 1f 00 00  40 00 04 00 00 00 00 00
00 00 00 00 5b 02 00 00  06 00 00 00 00 00 00 00
00 00 00 00 ff ff ff ff  e5 00 80 57 88 00 00 00
80 5a 00 00 80 1c 00 00  40 00 04 00 00 00 00 00
00 00 00 00 5b 02 00 00  06 00 00 00 00 00 00 00
00 00 00 00 ff ff ff ff  e6 00 80 5a 88 00 00 00
80 5b 00 00 80 1f 00 00  40 00 04 00 00 00 00 00
00 00 00 00 5b 02 00 00  06 00 00 00 00 00 00 00
00 00 00 00 ff ff ff ff  e7 00 80 5b 88 00 00 00
80 58 00 00 80 22 00 00  40 00 04 00 00 00 00 00
00 00 00 00 5b 02 00 00  06 00 00 00 00 00 00 00
00 00 00 00 ff ff ff ff  e8 00 80 58 88 00 00 00
80 59 00 00 80 1e 00 00  4f 00 04 00 00 00 00 00
00 00 00 00 5f 02 00 00  06 00 00 00 00 00 00 00
00 00 00 00 ff ff ff ff  e9 00 80 59 88 00 00 00
80 5c 00 00 80 21 00 00  4f 00 04 00 00 00 00 00
00 00 00 00 5f 02 00 00  06 00 00 00 00 00 00 00
00 00 00 00 ff ff ff ff  ea 00 80 5c 88 00 00 00
80 57 00 00 80 23 00 00  4f 00 04 00 00 00 00 00
00 00 00 00 5f 02 00 00  06 00 00 00 00 00 00 00
00 00 00 00 ff ff ff ff  eb 00 80 57 88 00 00 00
80 66 00 00 80 30 00 00  41 00 04 00 00 00 00 00
00 00 00 00 67 02 00 00  05 00 00 00 00 00 00 00
00 00 00 00 ff ff ff ff  ec 00 80 66 89 00 00 00
80 67 00 00 80 2f 00 00  41 00 03 00 00 00 00 00
00 00 00 00 66 02 00 00  05 00 00 00 00 00 00 00
00 00 00 00 ff ff ff ff  ed 00 80 67 89 00 00 00
80 66 00 00 80 2d 00 00  50 00 03 00 00 00 00 00
00 00 00 00 62 02 00 00  05 00 00 00 00 00 00 00
00 00 00 00 ff ff ff ff  ee 00 80 66 89 00 00 00
80 69 00 00 80 31 00 00  50 00 04 00 00 00 00 00
00 00 00 00 63 02 00 00  05 00 00 00 00 00 00 00
00 00 00 00 ff ff ff ff  ef 00 80 69 89 00 00 00
80 74 00 00 80 26 00 00  4c 00 04 00 00 00 00 00
00 00 00 00 87 02 00 00  06 00 00 00 00 00 00 00
00 00 00 00 ff ff ff ff  f0 00 80 74 8a 00 00 00
80 77 00 00 80 25 00 00  4c 00 04 00 00 00 00 00
00 00 00 00 87 02 00 00  06 00 00 00 00 00 00 00
00 00 00 00 ff ff ff ff  f1 00 80 77 8a 00 00 00
80 73 00 00 80 28 00 00  4c 00 04 00 00 00 00 00
00 00 00 00 87 02 00 00  06 00 00 00 00 00 00 00
00 00 00 00 ff ff ff ff  f2 00 80 73 8a 00 00 00
80 6a 00 00 80 18 00 00  46 00 04 00 00 00 00 00
00 00 00 00 73 02 00 00  06 00 00 00 00 00 00 00
00 00 00 00 ff ff ff ff  f3 00 80 6a 8b 00 00 00
80 6c 00 00 80 1b 00 00  46 00 04 00 00 00 00 00
00 00 00 00 73 02 00 00  06 00 00 00 00 00 00 00
00 00 00 00 ff ff ff ff  f4 00 80 6c 8b 00 00 00
80 70 00 00 80 1c 00 00  46 00 04 00 00 00 00 00
00 00 00 00 73 02 00 00  06 00 00 00 00 00 00 00
00 00 00 00 ff ff ff ff  f5 00 80 70 8b 00 00 00
80 6e 00 00 80 19 00 00  63 00 02 00 00 00 00 00
00 00 00 00 bc 02 00 00  06 00 00 00 00 00 00 00
00 00 00 00 ff ff ff ff  f6 00 80 6e 8b 00 00 00
80 40 00 00 80 46 00 00  68 00 03 00 00 00 00 00
00 00 00 00 c5 02 00 00  06 00 00 00 00 00 00 00
00 00 00 00 ff ff ff ff  f7 00 80 40 8c 00 00 00
80 43 00 00 80 42 00 00  68 00 03 00 00 00 00 00
00 00 00 00 c5 02 00 00  06 00 00 00 00 00 00 00
00 00 00 00 ff ff ff ff  f8 00 80 43 8c 00 00 00
80 47 00 00 80 43 00 00  68 00 03 00 00 00 00 00
00 00 00 00 c5 02 00 00  06 00 00 00 00 00 00 00
00 00 00 00 ff ff ff ff  f9 00 80 47 8c 00 00 00
80 44 00 00 80 3f 00 00  68 00 03 00 00 00 00 00
00 00 00 00 c5 02 00 00  06 00 00 00 00 00 00 00
00 00 00 00 ff ff ff ff  fa 00 80 44 8c 00 00 00
80 4f 00 00 80 4b 00 00  67 00 04 00 00 00 00 00
00 00 00 00 c2 02 00 00  06 00 00 00 00 00 00 00
00 00 00 00 ff ff ff ff  fb 00 80 4f 8d 00 00 00
80 4d 00 00 80 4e 00 00  67 00 04 00 00 00 00 00
00 00 00 00 c2 02 00 00  06 00 00 00 00 00 00 00
00 00 00 00 ff ff ff ff  fc 00 80 4d 8d 00 00 00
80 48 00 00 80 4f 00 00  67 00 04 00 00 00 00 00
00 00 00 00 c2 02 00 00  06 00 00 00 00 00 00 00
00 00 00 00 ff ff ff ff  fd 00 80 48 8d 00 00 00
80 45 00 00 80 51 00 00  67 00 04 00 00 00 00 00
00 00 00 00 c2 02 00 00  06 00 00 00 00 00 00 00
00 00 00 00 ff ff ff ff  fe 00 80 45 8d 00 00 00
80 4b 00 00 80 4d 00 00  6a 00 04 00 00 00 00 00
00 00 00 00 ce 02 00 00  06 00 00 00 00 00 00 00
00 00 00 00 ff ff ff ff  ff 00 80 4b 8d 00 00 00
80 45 00 00 80 4e 00 00  6a 00 04 00 00 00 00 00
00 00 00 00 ce 02 00 00  06 00 00 00 00 00 00 00
00 00 00 00 ff ff ff ff  00 01 80 45 8d 00 00 00
80 3c 00 00 80 67 00 00  54 00 01 00 00 00 00 00
00 00 00 00 93 02 00 00  05 00 00 00 00 00 00 00
00 00 00 00 ff ff ff ff  02 01 80 3c 8e 00 00 00
80 40 00 00 80 63 00 00  54 00 01 00 00 00 00 00
00 00 00 00 93 02 00 00  05 00 00 00 00 00 00 00
00 00 00 00 ff ff ff ff  03 01 80 40 8e 00 00 00
80 3f 00 00 80 65 00 00  61 00 01 00 00 00 00 00
01 00 00 00 a0 02 00 00  05 00 00 00 00 00 00 00
00 00 00 00 ff ff ff ff  04 01 80 3f 8e 00 00 00
80 49 00 00 80 69 00 00  4c 00 03 00 00 00 00 00
00 00 00 00 86 02 00 00  06 00 00 00 00 00 00 00
00 00 00 00 ff ff ff ff  05 01 80 49 90 00 00 00
80 4e 00 00 80 6b 00 00  4c 00 04 00 00 00 00 00
00 00 00 00 87 02 00 00  06 00 00 00 00 00 00 00
00 00 00 00 ff ff ff ff  06 01 80 4e 90 00 00 00
80 51 00 00 80 6a 00 00  4c 00 03 00 00 00 00 00
00 00 00 00 86 02 00 00  06 00 00 00 00 00 00 00
00 00 00 00 ff ff ff ff  07 01 80 51 90 00 00 00
80 4a 00 00 80 67 00 00  4c 00 03 00 00 00 00 00
00 00 00 00 86 02 00 00  06 00 00 00 00 00 00 00
00 00 00 00 ff ff ff ff  08 01 80 4a 90 00 00 00
80 5c 00 00 80 65 00 00  40 00 03 00 00 00 00 00
00 00 00 00 5a 02 00 00  06 00 00 00 00 00 00 00
00 00 00 00 ff ff ff ff  09 01 80 5c 92 00 00 00
80 5c 00 00 80 6a 00 00  40 00 03 00 00 00 00 00
00 00 00 00 5a 02 00 00  06 00 00 00 00 00 00 00
00 00 00 00 ff ff ff ff  0a 01 80 5c 92 00 00 00
80 60 00 00 80 6a 00 00  40 00 04 00 00 00 00 00
00 00 00 00 5b 02 00 00  06 00 00 00 00 00 00 00
00 00 00 00 ff ff ff ff  0b 01 80 60 92 00 00 00
80 5e 00 00 80 68 00 00  4f 00 03 00 00 00 00 00
00 00 00 00 5e 02 00 00  06 00 00 00 00 00 00 00
00 00 00 00 ff ff ff ff  0c 01 80 5e 92 00 00 00
80 60 00 00 80 67 00 00  4f 00 03 00 00 00 00 00
00 00 00 00 5e 02 00 00  06 00 00 00 00 00 00 00
00 00 00 00 ff ff ff ff  0d 01 80 60 92 00 00 00
80 5e 00 00 80 6b 00 00  4f 00 04 00 00 00 00 00
00 00 00 00 5f 02 00 00  06 00 00 00 00 00 00 00
00 00 00 00 ff ff ff ff  0f 01 80 5e 92 00 00 00
80 7f 00 00 80 37 00 00  62 00 01 00 00 00 00 00
00 00 00 00 a1 02 00 00  05 00 00 00 05 00 00 00
00 00 00 00 bc 02 bc 02  11 01 80 7f 31 01 00 00
80 61 00 00 80 7a 00 00  4b 00 04 00 00 00 00 00
00 00 00 00 83 02 00 00  06 00 00 00 00 00 00 00
00 00 00 00 ff ff ff ff  12 01 80 61 93 00 00 00
80 66 00 00 80 77 00 00  4b 00 04 00 00 00 00 00
00 00 00 00 83 02 00 00  06 00 00 00 00 00 00 00
00 00 00 00 ff ff ff ff  13 01 80 66 93 00 00 00
80 64 00 00 80 76 00 00  4b 00 04 00 00 00 00 00
00 00 00 00 83 02 00 00  06 00 00 00 00 00 00 00
00 00 00 00 ff ff ff ff  14 01 80 64 93 00 00 00
80 75 00 00 80 7d 00 00  42 00 03 00 00 00 00 00
00 00 00 00 6a 02 00 00  06 00 00 00 00 00 00 00
00 00 00 00 ff ff ff ff  15 01 80 75 94 00 00 00
80 7b 00 00 80 7c 00 00  42 00 03 00 00 00 00 00
00 00 00 00 6a 02 00 00  06 00 00 00 00 00 00 00
00 00 00 00 ff ff ff ff  16 01 80 7b 94 00 00 00
80 7e 00 00 80 80 00 00  42 00 04 00 00 00 00 00
00 00 00 00 6b 02 00 00  06 00 00 00 00 00 00 00
00 00 00 00 ff ff ff ff  17 01 80 7e 95 00 00 00
80 78 00 00 80 83 00 00  42 00 04 00 00 00 00 00
00 00 00 00 6b 02 00 00  06 00 00 00 00 00 00 00
00 00 00 00 ff ff ff ff  18 01 80 78 95 00 00 00
80 81 00 00 80 84 00 00  42 00 04 00 00 00 00 00
00 00 00 00 6b 02 00 00  06 00 00 00 00 00 00 00
00 00 00 00 ff ff ff ff  19 01 80 81 95 00 00 00
80 7d 00 00 80 7e 00 00  40 00 03 00 00 00 00 00
00 00 00 00 5a 02 00 00  06 00 00 00 00 00 00 00
00 00 00 00 ff ff ff ff  1a 01 80 7d 94 00 00 00
80 74 00 00 80 80 00 00  40 00 03 00 00 00 00 00
00 00 00 00 5a 02 00 00  06 00 00 00 00 00 00 00
00 00 00 00 ff ff ff ff  1b 01 80 74 94 00 00 00
80 78 00 00 80 7c 00 00  4f 00 03 00 00 00 00 00
00 00 00 00 5e 02 00 00  06 00 00 00 00 00 00 00
00 00 00 00 ff ff ff ff  1c 01 80 78 94 00 00 00
80 7c 00 00 80 86 00 00  4f 00 04 00 00 00 00 00
00 00 00 00 5f 02 00 00  06 00 00 00 00 00 00 00
00 00 00 00 ff ff ff ff  1d 01 80 7c 95 00 00 00
80 82 00 00 80 81 00 00  40 00 04 00 00 00 00 00
00 00 00 00 5b 02 00 00  06 00 00 00 00 00 00 00
00 00 00 00 ff ff ff ff  1e 01 80 82 95 00 00 00
80 7b 00 00 80 82 00 00  40 00 04 00 00 00 00 00
00 00 00 00 5b 02 00 00  06 00 00 00 00 00 00 00
00 00 00 00 ff ff ff ff  1f 01 80 7b 95 00 00 00
80 61 00 00 80 82 00 00  68 00 04 00 00 00 00 00
00 00 00 00 c6 02 00 00  06 00 00 00 00 00 00 00
00 00 00 00 ff ff ff ff  20 01 80 61 96 00 00 00
80 38 00 00 80 84 00 00  41 00 04 00 00 00 00 00
00 00 00 00 67 02 00 00  06 00 00 00 00 00 00 00
00 00 00 00 ff ff ff ff  21 01 80 38 97 00 00 00
80 69 00 00 80 84 00 00  68 00 04 00 00 00 00 00
00 00 00 00 c6 02 00 00  06 00 00 00 00 00 00 00
00 00 00 00 ff ff ff ff  22 01 80 69 96 00 00 00
80 68 00 00 80 86 00 00  68 00 04 00 00 00 00 00
00 00 00 00 c6 02 00 00  06 00 00 00 00 00 00 00
00 00 00 00 ff ff ff ff  23 01 80 68 96 00 00 00
80 4b 00 00 80 85 00 00  51 00 03 00 00 00 00 00
00 00 00 00 8f 02 00 00  06 00 00 00 00 00 00 00
00 00 00 00 ff ff ff ff  25 01 80 4b 97 00 00 00
80 4d 00 00 80 83 00 00  50 00 03 00 00 00 00 00
00 00 00 00 62 02 00 00  06 00 00 00 00 00 00 00
00 00 00 00 ff ff ff ff  26 01 80 4d 97 00 00 00
80 4e 00 00 80 85 00 00  41 00 03 00 00 00 00 00
00 00 00 00 66 02 00 00  06 00 00 00 00 00 00 00
00 00 00 00 ff ff ff ff  28 01 80 4e 97 00 00 00
80 49 00 00 80 83 00 00  41 00 03 00 00 00 00 00
00 00 00 00 66 02 00 00  06 00 00 00 00 00 00 00
00 00 00 00 ff ff ff ff  29 01 80 49 97 00 00 00
80 3a 00 00 80 83 00 00  51 00 04 00 00 00 00 00
00 00 00 00 90 02 00 00  06 00 00 00 06 00 00 00
00 00 00 00 bc 02 bc 02  2a 01 80 3a 9b 00 00 00
80 3c 00 00 80 82 00 00  50 00 04 00 00 00 00 00
00 00 00 00 63 02 00 00  06 00 00 00 00 00 00 00
00 00 00 00 ff ff ff ff  2b 01 80 3c 97 00 00 00
80 36 00 00 80 85 00 00  50 00 04 00 00 00 00 00
00 00 00 00 63 02 00 00  06 00 00 00 00 00 00 00
00 00 00 00 ff ff ff ff  2c 01 80 36 97 00 00 00
80 37 00 00 80 82 00 00  41 00 04 00 00 00 00 00
00 00 00 00 67 02 00 00  06 00 00 00 00 00 00 00
00 00 00 00 ff ff ff ff  2d 01 80 37 97 00 00 00
80 3a 00 00 80 80 00 00  41 00 04 00 00 00 00 00
00 00 00 00 67 02 00 00  06 00 00 00 00 00 00 00
00 00 00 00 ff ff ff ff  2e 01 80 3a 97 00 00 00
80 3e 00 00 80 84 00 00  41 00 04 00 00 00 00 00
00 00 00 00 67 02 00 00  06 00 00 00 00 00 00 00
00 00 00 00 ff ff ff ff  2f 01 80 3e 97 00 00 00
80 16 00 00 80 12 00 00  42 00 03 00 00 00 00 00
00 00 00 00 6a 02 00 00  06 00 00 00 00 00 00 00
00 00 00 00 ff ff ff ff  30 01 80 16 7a 00 00 00
80 18 00 00 80 0d 00 00  42 00 03 00 00 00 00 00
00 00 00 00 6a 02 00 00  06 00 00 00 00 00 00 00
00 00 00 00 ff ff ff ff  31 01 80 18 7a 00 00 00
80 65 00 00 80 56 00 00  45 00 04 00 00 00 00 00
00 00 00 00 77 02 00 00  05 00 00 00 00 00 00 00
00 00 00 00 ff ff ff ff  32 01 80 65 98 00 00 00
80 62 00 00 80 4f 00 00  45 00 04 00 00 00 00 00
00 00 00 00 77 02 00 00  05 00 00 00 00 00 00 00
00 00 00 00 ff ff ff ff  33 01 80 62 98 00 00 00
80 66 00 00 80 4b 00 00  45 00 04 00 00 00 00 00
00 00 00 00 77 02 00 00  05 00 00 00 00 00 00 00
00 00 00 00 ff ff ff ff  34 01 80 66 98 00 00 00
80 67 00 00 80 50 00 00  45 00 04 00 00 00 00 00
00 00 00 00 77 02 00 00  05 00 00 00 00 00 00 00
00 00 00 00 ff ff ff ff  35 01 80 67 98 00 00 00
80 7f 00 00 80 47 00 00  46 00 04 00 00 00 00 00
00 00 00 00 73 02 00 00  05 00 00 00 00 00 00 00
00 00 00 00 ff ff ff ff  36 01 80 7f 99 00 00 00
80 82 00 00 80 45 00 00  46 00 04 00 00 00 00 00
00 00 00 00 73 02 00 00  05 00 00 00 00 00 00 00
00 00 00 00 ff ff ff ff  37 01 80 82 99 00 00 00
80 85 00 00 80 46 00 00  46 00 04 00 00 00 00 00
00 00 00 00 73 02 00 00  05 00 00 00 00 00 00 00
00 00 00 00 ff ff ff ff  38 01 80 85 99 00 00 00
80 64 00 00 80 85 00 00  68 00 04 00 00 00 00 00
00 00 00 00 c6 02 00 00  06 00 00 00 00 00 00 00
00 00 00 00 ff ff ff ff  39 01 80 64 96 00 00 00
80 12 00 00 80 71 00 00  15 00 03 00 10 00 00 00
00 00 00 00 1d 04 00 00  06 00 00 00 00 00 00 00
00 00 00 00 ff ff ff ff  3a 01 80 12 83 00 00 00
80 0f 00 00 80 72 00 00  0f 00 03 00 10 00 00 00
00 00 00 00 1c 04 00 00  06 00 00 00 00 00 00 00
00 00 00 00 ff ff ff ff  3b 01 80 0f 83 00 00 00
07 00 00 00 14 00 00 00  24 1f 00 00 07 00 00 00
00 00 00 00 0a 00 00 00  44 72 6f 70 20 4c 6f 63
61 74 69 6f 6e 00 00 00  00 00 00 00 00 00 00 00
86 02 00 00 00 00 00 00  00 00 00 00 00 91 00 00
00 00 00 00 00 00 00 00  00 00 00 00 ff ff ff ff
00 00 06 00 00 00 00 00  02 00 01 00 01 00 00 00
00 00 00 00 1a 00 00 00  2d 00 00 00 00 00 00 00
00 00 00 00 00 00 00 00  00 00 00 00 00 00 00 00
00 00 00 00 00 00 00 00  00 00 00 00 05 00 00 00
06 00 00 00 00 00 00 00  00 00 00 00 00 00 00 00
00 00 00 00 00 00 00 00  00 00 00 00 00 00 00 00
00 00 00 00 58 00 6e 73  74 00 00 00 00 00 b0 14
00 00 70 f3 ff ff 00 00  00 00 00 01 90 cb b0 14
00 00 70 f3 ff ff 08 00  00 00 0a 00 00 00 00 00
00 00 00 00 00 00 00 00  00 00 00 00 00 00 54 00
00 00 00 00 59 00 00 00  30 91 00 00 00 00 00 00
00 00 00 00 00 00 00 00  00 00 00 00 00 00 00 00
00 00 00 00 00 00 00 00  00 00 d8 90 46 00 00 00
00 00 00 00 00 00 00 00  00 00 00 00 00 00 11 01
80 a0 30 13 3c 4e 6f 6e  65 3e 00 90 46 00 00 00
00 00 00 00 00 00 00 00  00 00 00 00 00 00 ff ff
ff ff 08 76 16 01 00 00  03 00 08 00 18 7f 1d 01
78 89 00 02 00 00 80 33  00 00 00 00 00 00 ff ff
18 c6 ff ff 3c 4e 6f 6e  65 3e 00 00 00 00 00 00
00 00 04 01 90 cb 11 00  00 00 00 01 c0 cd 11 01
d8 ce 11 01 f0 cf 11 01  08 d1 11 01 20 d2 11 00
00 00 00 00 00 00 00 00  00 00 00 00 00 00 00 00
00 00 00 00 3c 4e 6f 6e  65 3e 00 00 00 00 00 00
00 00 00 00 00 00 00 00  00 00 00 00 00 00 00 00
00 00 00 00 10 00 00 00  00 00 00 00 4e 08 00 00
00 00 00 00 00 00 00 00  00 91 00 00 00 00 00 00
00 00 00 00 3c 4e 6f 6e  65 3e 00 ff 00 00 06 00
00 00 00 00 02 00 01 00  07 00 00 00 09 01 09 01
03 00 08 00 60 7a e9 01  10 91 e9 01 00 00 80 0d
00 00 00 00 00 00 a8 6d  1d 01 00 00 00 00 00 00
00 00 00 00 3c 4e 6f 6e  65 3e 00 00 00 00 80 ed
00 00 80 0d 00 00 11 01  80 64 ed 00 00 00 0d 00
00 00 a1 00 00 00 00 00  00 00 26 00 00 00 9c ff
ff ff 00 00 00 00 30 14  00 00 90 f3 ff ff 00 00
00 00 00 01 3c 4e 6f 6e  65 3e 00 f3 ff ff 0a 00
00 00 0a 00 00 00 00 00  00 00 00 00 00 00 00 00
00 00 00 00 00 00 54 00  00 00 00 00 00 00 00 00
30 91 00 00 00 00 00 00  00 00 00 00 00 00 00 00
00 00 00 00 3c 4e 6f 6e  65 3e 00 00 00 00 00 00
00 00 d8 90 46 00 00 00  00 00 00 00 00 00 00 00
00 00 00 00 00 00 11 01  80 a0 90 12 3c 4e 6f 6e
65 3e cc 90 46 00 00 00  00 00 00 00 00 00 00 00
00 00 00 00 3c 4e 6f 6e  65 3e 00 76 16 01 00 00
03 00 08 00 78 89 12 02  78 01 00 00 00 00 80 30
00 00 00 00 00 00 ff ff  18 c6 ff ff 00 00 00 00
48 c8 00 00 00 00 00 00  00 00 04 01 90 cb 11 00
00 00 00 01 44 72 6f 70  20 4c 6f 63 61 74 69 6f
6e 00 00 00 00 00 28 6b  1d 01 00 00 00 00 00 00
ff ff ff ff 00 00 4c 00  00 00 03 00 00 00 80 71
00 00 80 45 00 00 11 01  80 64 71 00 00 00 45 00
00 00 25 00 02 00 01 00  02 00 00 00 00 00 00 00
1b 00 00 00 32 00 00 00  00 00 00 00 00 00 00 00
00 00 00 00 00 00 00 00  00 00 00 00 00 00 00 00
00 00 00 00 00 00 00 00  05 00 00 00 06 00 00 00
00 00 00 00 00 00 00 00  00 00 00 00 00 00 00 00
00 00 00 00 00 00 00 00  00 00 00 00 00 00 00 00
58 00 6e 73 74 00 00 00  00 00 00 00 00 00 00 00
00 00 00 00 00 00 d8 90  46 00 00 00 00 00 00 00
00 00 00 00 00 00 00 00  00 00 11 01 80 a0 00 00
00 00 00 00 00 00 cc 90  46 00 00 00 00 00 00 00
59 00 00 00 00 00 00 00  00 00 ff ff ff ff 08 76
16 01 00 00 00 00 00 00  00 00 00 00 00 00 00 00
00 00 11 01 80 a0 00 00  00 00 ff ff 18 c6 ff ff
00 00 00 00 48 c8 00 00  00 00 00 00 00 00 00 01
3c 4e 6f 6e 65 3e 00 01  c0 cd 11 01 d8 ce 11 01
f0 cf 11 01 08 d1 11 01  20 d2 11 00 00 00 00 00
00 00 00 00 00 00 00 00  00 00 00 00 00 00 00 00
00 00 00 00 00 00 00 00  00 00 00 00 00 00 00 00
3c 4e 6f 6e 65 3e 00 00  00 00 00 00 00 00 00 00
00 00 00 00 00 00 00 00  86 02 00 00 00 00 00 00
00 00 00 00 00 00 00 00  00 00 00 00 00 00 00 00
00 00 00 00 ff ff ff ff  00 00 06 00 00 00 00 00
3c 4e 6f 6e 65 3e 00 00  9f 00 35 00 03 00 08 00
d8 e7 17 02 78 01 3a 00  00 00 80 47 00 00 00 00
00 00 28 6b 1d 01 00 00  00 00 00 00 ff ff ff ff
00 00 4c 00 00 00 03 00  00 00 80 6e 00 00 80 47
3c 4e 6f 6e 65 3e 00 00  00 00 47 00 00 00 22 00
00 00 00 00 00 00 22 00  00 00 d6 ff ff ff 00 00
00 00 50 04 00 00 d0 fa  ff ff 00 00 00 00 00 00
00 00 50 04 00 00 d0 fa  ff ff 1e 00 00 00 0a 00
3c 4e 6f 6e 65 3e 00 00  00 00 00 00 00 00 00 00
00 00 2d 00 00 00 00 00  00 00 00 00 30 91 00 00
00 00 00 00 00 00 00 00  00 00 00 00 00 00 00 00
00 00 00 00 00 00 00 00  00 00 00 00 00 00 d8 90
3c 4e 6f 6e 65 3e 00 00  00 00 00 00 00 00 00 00
00 00 11 01 80 a0 00 00  00 00 00 00 00 00 cc 90
46 00 00 00 00 00 00 00  00 00 00 00 00 00 00 00
00 00 ff ff ff ff 08 76  16 01 00 00 00 00 00 00
3c 4e 6f 6e 65 3e 00 00  00 00 11 01 80 a0 00 00
00 00 ff ff 18 c6 ff ff  00 00 00 00 48 c8 00 00
00 00 00 00 00 00 00 01  90 cb 11 00 00 00 00 01
c0 cd 11 01 d8 ce 11 01  f0 cf 11 01 08 d1 11 01
3c 4e 6f 6e 65 3e 00 00  00 00 00 00 00 00 00 00
00 00 00 00 00 00 00 00  00 00 00 00 00 00 00 00
00 00 00 00 00 00 00 00  00 00 00 00 00 00 00 00
00 00 00 00 00 00 00 00  00 00 00 00 00 00 00 00
44 72 6f 70 20 4c 6f 63  61 74 69 6f 6e 00 00 00
00 00 00 00 00 00 00 00  00 00 00 00 00 00 00 00
00 00 00 00 00 00 00 00  00 00 00 00 00 00 00 00
00 00 00 00 00 00 00 00  00 00 00 00 00 00 00 00
02 00 01 00 03 00 00 00  00 00 00 00 21 00 00 00
28 00 00 00 00 00 00 00  00 00 00 00 00 00 00 00
00 00 00 00 00 00 00 00  00 00 00 00 00 00 00 00
00 00 00 00 05 00 00 00  06 00 00 00 00 00 00 00
00 00 00 00 00 00 00 00  00 00 00 00 00 00 00 00
00 00 00 00 00 00 00 00  00 00 00 00 58 00 4c 00
00 00 04 00 00 00 80 90  00 00 80 6a 00 00 11 01
80 64 90 00 00 00 6a 00  00 00 88 00 00 00 2d 00
00 00 21 00 00 00 1f 00  00 00 00 00 00 00 10 11
00 00 b0 05 00 00 00 00  00 00 08 01 59 00 10 11
00 00 b0 05 00 00 0a 00  00 00 0a 00 00 00 00 00
00 00 00 00 00 00 00 00  00 00 00 00 00 00 30 00
00 00 00 00 00 00 00 00  30 91 00 00 00 00 00 00
00 00 00 00 00 00 00 00  00 00 00 00 3c 4e 6f 6e
65 3e 00 00 00 00 00 00  00 00 d8 90 46 00 00 00
00 00 00 00 00 00 00 00  00 00 00 00 00 00 11 01
80 a0 00 00 00 00 80 b7  00 00 cc 90 46 00 00 00
00 00 00 00 00 00 00 00  00 00 00 00 3c 4e 6f 6e
65 3e 00 76 16 01 00 00  03 00 08 00 70 86 1d 01
18 7f 00 01 00 00 80 c6  00 00 00 00 00 00 ff ff
18 c6 ff ff 00 00 00 00  48 c8 00 00 00 00 00 00
00 00 01 01 90 cb 11 00  00 00 00 01 3c 4e 6f 6e
65 3e 00 01 f0 cf 11 01  08 d1 11 01 20 d2 11 00
00 00 00 00 00 00 00 00  00 00 00 00 00 00 00 00
00 00 00 00 00 00 00 00  00 00 00 00 00 00 00 00
00 00 00 00 00 00 00 00  00 00 00 00 3c 4e 6f 6e
65 3e 00 00 00 00 00 00  00 00 00 00 87 02 00 00
00 00 00 00 00 00 00 00  00 91 00 00 00 00 00 00
00 00 00 00 00 00 00 00  ff ff ff ff 00 00 07 00
00 00 00 00 00 00 00 00  00 00 d8 90 3c 4e 6f 6e
65 3e 00 00 70 44 e9 01  78 01 3a 00 00 00 80 68
00 00 00 00 00 00 28 6b  1d 01 00 00 00 00 00 00
00 00 00 00 00 00 4c 00  00 00 04 00 00 00 80 92
00 00 80 68 00 00 11 01  80 64 92 00 3c 4e 6f 6e
65 3e 00 00 00 00 2b 00  00 00 21 00 00 00 1f 00
00 00 00 00 00 00 50 11  00 00 70 05 00 00 00 00
00 00 00 00 00 00 50 11  00 00 70 05 00 00 13 00
00 00 0a 00 00 00 00 00  00 00 00 00 3c 4e 6f 6e
65 3e 00 00 00 00 30 00  00 00 00 00 00 00 00 00
30 91 00 00 00 00 00 00  00 00 00 00 00 00 00 00
00 00 00 00 00 00 00 00  00 00 00 00 00 00 00 00
00 00 d8 90 46 00 00 00  00 00 00 00 3c 4e 6f 6e
65 3e 00 00 00 00 11 01  80 a0 00 00 00 00 00 00
00 00 cc 90 46 00 00 00  00 00 00 00 00 00 00 00
00 00 00 00 00 00 ff ff  ff ff 08 76 16 01 00 00
03 00 08 00 18 7f 1d 01  78 89 00 02 44 72 6f 70
20 4c 6f 63 61 74 69 6f  6e 00 ff ff 00 00 07 00
00 00 00 00 00 00 00 00  00 00 d8 90 a8 01 35 00
03 00 08 00 18 07 e9 01  b8 a2 e9 01 00 00 80 38
00 00 00 00 00 00 28 6b  1d 01 00 00 02 00 01 00
04 00 00 00 00 00 00 00  24 00 00 00 2a 00 00 00
00 00 00 00 00 00 00 00  00 00 00 00 00 00 00 00
00 00 00 00 00 00 00 00  00 00 00 00 00 00 00 00
05 00 00 00 06 00 00 00  00 00 00 00 00 00 00 00
00 00 00 00 00 00 00 00  00 00 00 00 00 00 00 00
00 00 00 00 00 00 00 00  58 00 00 00 00 00 00 00
00 00 00 00 00 00 00 00  00 00 31 00 00 00 00 00
00 00 00 00 30 91 00 00  00 00 00 00 00 00 00 00
00 00 00 00 00 00 00 00  00 00 00 00 00 00 00 00
00 00 00 00 00 00 d8 90  59 00 00 00 00 00 00 00
00 00 00 00 00 00 00 00  00 00 11 01 80 a0 00 00
00 00 00 00 00 00 cc 90  46 00 00 00 00 00 00 00
00 00 00 00 00 00 00 00  00 00 ff ff ff ff 08 76
16 01 00 00 03 00 08 00  3c 4e 6f 6e 65 3e 00 01
00 00 80 e0 00 00 00 00  00 00 ff ff 18 c6 ff ff
00 00 00 00 48 c8 00 00  00 00 00 00 00 00 01 01
90 cb 11 00 00 00 00 01  c0 cd 11 01 d8 ce 11 01
f0 cf 11 01 08 d1 11 01  3c 4e 6f 6e 65 3e 00 00
00 00 00 00 00 00 00 00  00 00 00 00 00 00 00 00
00 00 00 00 00 00 00 00  00 00 00 00 00 00 00 00
00 00 00 00 00 00 00 00  00 00 00 00 00 00 00 00
00 00 00 00 00 00 00 00  3c 4e 6f 6e 65 3e 00 00
00 00 00 00 00 91 00 00  00 00 00 00 00 00 00 00
00 00 00 00 ff ff ff ff  00 00 07 00 00 00 00 00
00 00 00 00 00 00 d8 90  73 01 35 00 03 00 08 00
18 91 e6 01 f0 42 eb 01  3c 4e 6f 6e 65 3e 00 00
00 00 28 6b 1d 01 00 00  00 00 00 00 00 00 00 00
00 00 4c 00 00 00 04 00  00 00 80 99 00 00 80 3b
00 00 11 01 80 64 99 00  00 00 3b 00 00 00 91 00
00 00 00 00 00 00 21 00  3c 4e 6f 6e 65 3e 00 00
00 00 30 12 00 00 d0 ff  ff ff 00 00 00 00 00 01
90 cb 30 12 00 00 d0 ff  ff ff 1c 00 00 00 0a 00
00 00 00 00 00 00 00 00  00 00 00 00 00 00 00 00
00 00 31 00 00 00 00 00  3c 4e 6f 6e 65 3e 00 00
00 00 00 00 00 00 00 00  00 00 00 00 00 00 00 00
00 00 00 00 00 00 00 00  00 00 00 00 00 00 d8 90
46 00 00 00 00 00 00 00  00 00 00 00 00 00 00 00
00 00 11 01 80 a0 00 00  3c 4e 6f 6e 65 3e 00 90
46 00 00 00 00 00 00 00  00 00 00 00 00 00 00 00
00 00 ff ff ff ff 08 76  16 01 00 00 03 00 08 00
e8 1e e7 01 30 85 00 01  00 00 80 de 00 00 00 00
00 00 ff ff 18 c6 ff ff  3c 4e 6f 6e 65 3e 00 00
00 00 00 00 00 00 01 01  90 cb 11 00 00 00 00 01
c0 cd 11 01 d8 ce 11 01  f0 cf 11 01 08 d1 11 01
20 d2 11 00 00 00 00 00  00 00 00 00 00 00 00 00
00 00 00 00 00 00 00 00  44 72 6f 70 20 4c 6f 63
61 74 69 6f 6e 00 00 00  00 00 e0 33 fb 00 00 00
00 00 00 00 00 00 00 00  00 00 6a 00 00 00 04 00
00 00 80 12 00 00 80 19  00 00 f6 00 80 64 12 00
00 00 19 00 00 00 00 00  02 00 01 00 05 00 00 00
00 00 00 00 1a 00 00 00  2f 00 00 00 00 00 00 00
00 00 00 00 00 00 00 00  00 00 00 00 00 00 00 00
00 00 00 00 00 00 00 00  00 00 00 00 05 00 00 00
06 00 00 00 00 00 00 00  00 00 00 00 00 00 00 00
00 00 00 00 00 00 00 00  00 00 00 00 00 00 00 00
00 00 00 00 58 00 00 00  00 00 00 00 00 00 00 00
00 00 00 00 00 00 00 00  00 00 d8 90 46 00 00 00
00 00 00 00 00 00 00 00  00 00 00 00 00 00 f6 00
80 a0 00 00 00 00 00 00  00 00 cc 90 46 00 00 00
00 00 00 00 59 00 00 00  00 00 00 00 00 00 ff ff
ff ff 00 76 fb 00 00 00  00 00 00 00 00 00 00 00
00 00 00 00 00 00 00 00  00 00 00 00 00 00 ff ff
18 c6 ff ff 00 00 00 00  48 c8 00 00 00 00 00 00
00 00 00 00 3c 4e 6f 6e  65 3e 00 00 c0 cd f6 00
d8 ce f6 00 f0 cf f6 00  08 d1 f6 00 20 d2 f6 00
00 00 00 00 00 00 00 00  00 00 00 00 00 00 00 00
00 00 00 00 00 00 00 00  00 00 00 00 00 00 00 00
00 00 00 00 3c 4e 6f 6e  65 3e 00 00 00 00 00 00
00 00 00 00 00 00 00 00  00 00 00 00 ce 02 00 00
00 00 00 00 00 00 00 00  00 00 00 00 00 00 00 00
00 00 00 00 00 00 00 00  ff ff ff ff 00 00 08 00
00 00 00 00 3c 4e 6f 6e  65 3e 00 00 73 01 35 00
2f 00 08 03 58 39 fd 00  28 a7 fd 00 00 00 80 1e
00 00 00 00 00 00 e0 33  fb 00 00 00 00 00 00 00
00 00 00 00 00 00 6a 00  00 00 03 00 00 00 80 15
00 00 80 1e 3c 4e 6f 6e  65 3e 00 00 00 00 1e 00
00 00 00 00 00 00 00 00  00 00 a7 ff ff ff cc ff
ff ff 00 00 00 00 f0 f4  ff ff 90 f9 ff ff 80 15
00 00 80 1e 00 00 f0 f4  ff ff 90 f9 ff ff 02 00
00 00 00 00 3c 4e 6f 6e  65 3e 00 00 00 00 00 00
00 00 00 00 00 00 7b 00  00 00 00 00 00 00 00 00
30 91 00 00 00 00 00 00  00 00 00 00 00 00 00 00
00 00 00 00 00 00 00 00  00 00 00 00 00 00 00 00
00 00 d8 90 3c 4e 6f 6e  65 3e 00 00 00 00 00 00
00 00 00 00 00 00 f6 00  80 a0 00 00 00 00 00 00
00 00 cc 90 46 00 00 00  00 00 00 00 00 00 00 00
00 00 00 00 00 00 ff ff  ff ff 00 76 fb 00 00 00
00 00 00 00 3c 4e 6f 6e  65 3e 00 00 00 00 00 00
00 00 00 00 00 00 ff ff  18 c6 ff ff 00 00 00 00
48 c8 00 00 00 00 00 00  00 00 00 00 90 cb f6 00
00 00 00 00 c0 cd f6 00  d8 ce f6 00 f0 cf f6 00
08 d1 f6 00 3c 4e 6f 6e  65 3e 00 00 00 00 00 00
00 00 00 00 00 00 00 00  00 00 00 00 00 00 00 00
00 00 00 00 00 00 00 00  00 00 00 00 00 00 00 00
00 00 00 00 00 00 00 00  00 00 00 00 00 00 00 00
00 00 00 00 44 72 6f 70  20 4c 6f 63 61 74 69 6f
6e 00 ff ff 00 00 07 00  00 00 00 00 00 00 00 00
00 00 00 00 3e 01 35 00  10 00 08 03 58 39 fd 00
28 a7 fd 00 00 00 80 1c  00 00 00 00 00 00 e0 33
fb 00 00 00 02 00 01 00  06 00 00 00 00 00 00 00
16 00 00 00 2e 00 00 00  00 00 00 00 00 00 00 00
00 00 00 00 00 00 00 00  00 00 00 00 00 00 00 00
00 00 00 00 00 00 00 00  05 00 00 00 06 00 00 00
00 00 00 00 00 00 00 00  00 00 00 00 00 00 00 00
00 00 00 00 00 00 00 00  00 00 00 00 00 00 00 00
58 00 00 00 00 00 00 00  00 00 00 00 00 00 00 00
00 00 7b 00 00 00 00 00  00 00 00 00 30 91 00 00
00 00 00 00 00 00 00 00  00 00 00 00 00 00 00 00
00 00 00 00 00 00 00 00  00 00 00 00 00 00 d8 90
59 00 00 00 00 00 00 00  00 00 00 00 00 00 00 00
00 00 f6 00 80 a0 00 00  00 00 00 00 00 00 cc 90
46 00 00 00 00 00 00 00  00 00 00 00 00 00 00 00
00 00 ff ff ff ff 00 76  fb 00 00 00 00 00 00 00
3c 4e 6f 6e 65 3e 00 00  00 00 00 00 00 00 00 00
00 00 ff ff 18 c6 ff ff  00 00 00 00 48 c8 00 00
00 00 00 00 00 00 00 00  90 cb f6 00 00 00 00 00
c0 cd f6 00 d8 ce f6 00  f0 cf f6 00 08 d1 f6 00
3c 4e 6f 6e 65 3e 00 00  00 00 00 00 00 00 00 00
00 00 00 00 00 00 00 00  00 00 00 00 00 00 00 00
00 00 00 00 00 00 00 00  00 00 00 00 00 00 00 00
00 00 00 00 00 00 00 00  00 00 00 00 00 00 00 00
3c 4e 6f 6e 65 3e 00 00  00 00 00 00 00 00 00 00
00 00 00 00 00 00 00 00  00 00 00 00 ff ff ff ff
00 00 06 00 00 00 00 00  00 00 00 00 00 00 00 00
09 01 35 00 45 00 08 03  58 39 fd 00 28 a7 fd 00
3c 4e 6f 6e 65 3e 00 00  00 00 e0 33 fb 00 00 00
00 00 00 00 00 00 00 00  00 00 4b 00 00 00 04 00
00 00 80 0f 00 00 80 22  00 00 f6 00 80 64 0f 00
00 00 22 00 00 00 00 00  00 00 00 00 00 00 a1 ff
3c 4e 6f 6e 65 3e 00 00  00 00 30 f4 ff ff 10 fa
ff ff 80 0f 00 00 80 22  00 00 30 f4 ff ff 10 fa
ff ff 10 00 00 00 00 00  00 00 00 00 00 00 00 00
00 00 00 00 00 00 00 00  00 00 7b 00 00 00 00 00
3c 4e 6f 6e 65 3e 00 00  00 00 00 00 00 00 00 00
00 00 00 00 00 00 00 00  00 00 00 00 00 00 00 00
00 00 00 00 00 00 d8 90  46 00 00 00 00 00 00 00
00 00 00 00 00 00 00 00  00 00 f6 00 80 a0 00 00
3c 4e 6f 6e 65 3e 00 90  46 00 00 00 00 00 00 00
00 00 00 00 00 00 00 00  00 00 ff ff ff ff 00 76
fb 00 00 00 00 00 00 00  00 00 00 00 00 00 00 00
00 00 00 00 00 00 00 00  00 00 ff ff 18 c6 ff ff
3c 4e 6f 6e 65 3e 00 00  00 00 00 00 00 00 00 00
90 cb f6 00 00 00 00 00  c0 cd f6 00 d8 ce f6 00
f0 cf f6 00 08 d1 f6 00  20 d2 f6 00 00 00 00 00
00 00 00 00 00 00 00 00  00 00 00 00 00 00 00 00
44 72 6f 70 20 4c 6f 63  61 74 69 6f 6e 00 00 00
00 00 00 00 00 00 00 00  83 02 00 00 00 00 00 00
00 00 00 00 00 00 00 00  00 00 00 00 00 00 00 00
00 00 00 00 ff ff ff ff  00 00 06 00 00 00 00 00
02 00 01 00 07 00 00 00  00 00 00 00 14 00 00 00
31 00 00 00 00 00 00 00  00 00 00 00 00 00 00 00
00 00 00 00 00 00 00 00  00 00 00 00 00 00 00 00
00 00 00 00 05 00 00 00  06 00 00 00 00 00 00 00
00 00 00 00 00 00 00 00  00 00 00 00 00 00 00 00
00 00 00 00 00 00 00 00  00 00 00 00 58 00 ce ff
ff ff 00 00 00 00 30 f5  ff ff d0 f9 ff ff 80 17
00 00 80 20 00 00 30 f5  ff ff d0 f9 ff ff 01 00
00 00 00 00 00 00 00 00  00 00 00 00 00 00 00 00
00 00 00 00 00 00 7b 00  00 00 00 00 59 00 00 00
30 91 00 00 00 00 00 00  00 00 00 00 00 00 00 00
00 00 00 00 00 00 00 00  00 00 00 00 00 00 00 00
00 00 d8 90 46 00 00 00  00 00 00 00 00 00 00 00
00 00 00 00 00 00 f6 00  80 a0 00 00 3c 4e 6f 6e
65 3e 00 90 46 00 00 00  00 00 00 00 00 00 00 00
00 00 00 00 00 00 ff ff  ff ff 00 76 fb 00 00 00
00 00 00 00 00 00 00 00  00 00 00 00 00 00 00 00
00 00 00 00 00 00 ff ff  18 c6 ff ff 3c 4e 6f 6e
65 3e 00 00 00 00 00 00  00 00 00 00 90 cb f6 00
00 00 00 00 c0 cd f6 00  d8 ce f6 00 f0 cf f6 00
08 d1 f6 00 20 d2 f6 00  00 00 00 00 00 00 00 00
00 00 00 00 00 00 00 00  00 00 00 00 3c 4e 6f 6e
65 3e 00 00 00 00 00 00  00 00 00 00 00 00 00 00
00 00 00 00 00 00 00 00  00 00 00 00 00 00 00 00
00 00 00 00 7f 02 00 00  00 00 00 00 00 00 00 00
00 00 00 00 00 00 00 00  00 00 00 00 3c 4e 6f 6e
65 3e 00 ff 00 00 0a 00  00 00 00 00 00 00 00 00
00 00 00 00 9f 00 35 00  f3 00 08 03 50 47 fd 00
78 01 3b 00 00 00 80 1a  00 00 00 00 00 00 e0 33
fb 00 00 00 00 00 00 00  00 00 00 00 3c 4e 6f 6e
65 3e 00 00 00 00 80 0d  00 00 80 1a 00 00 f6 00
80 64 0d 00 00 00 1a 00  00 00 00 00 00 00 00 00
00 00 9f ff ff ff c8 ff  ff ff 00 00 00 00 f0 f3
ff ff 10 f9 ff ff 80 0d  00 00 80 1a 3c 4e 6f 6e
65 3e 00 f9 ff ff 11 00  00 00 00 00 00 00 00 00
00 00 00 00 00 00 00 00  00 00 00 00 00 00 7b 00
00 00 00 00 00 00 00 00  30 91 00 00 00 00 00 00
00 00 00 00 00 00 00 00  00 00 00 00 3c 4e 6f 6e
65 3e 00 00 00 00 00 00  00 00 d8 90 46 00 00 00
00 00 00 00 00 00 00 00  00 00 00 00 00 00 f6 00
80 a0 00 00 00 00 00 00  00 00 cc 90 46 00 00 00
00 00 00 00 00 00 00 00  00 00 00 00 3c 4e 6f 6e
65 3e 00 76 fb 00 00 00  00 00 00 00 00 00 00 00
00 00 00 00 00 00 00 00  00 00 00 00 00 00 ff ff
18 c6 ff ff 00 00 00 00  48 c8 00 00 00 00 00 00
00 00 00 00 90 cb f6 00  00 00 00 00 44 72 6f 70
20 4c 6f 63 61 74 69 6f  6e 00 00 00 00 00 00 00
00 00 00 00 00 00 00 00  00 00 00 00 00 00 00 00
00 00 00 00 00 00 00 00  00 00 00 00 00 00 00 00
00 00 00 00 00 00 00 00  00 00 00 00 02 00 01 00
08 00 00 00 00 00 00 00  19 00 00 00 30 00 00 00
00 00 00 00 00 00 00 00  00 00 00 00 00 00 00 00
00 00 00 00 00 00 00 00  00 00 00 00 00 00 00 00
05 00 00 00 06 00 00 00  00 00 00 00 00 00 00 00
00 00 00 00 00 00 00 00  00 00 00 00 00 00 00 00
00 00 00 00 00 00 00 00  58 00 49 00 00 00 03 00
00 00 80 2c 00 00 80 1f  00 00 f6 00 80 64 2c 00
00 00 1f 00 00 00 00 00  00 00 00 00 00 00 be ff
ff ff cd ff ff ff 00 00  00 00 d0 f7 ff ff b0 f9
ff ff 80 2c 00 00 80 1f  59 00 d0 f7 ff ff b0 f9
ff ff 00 00 00 00 00 00  00 00 00 00 00 00 00 00
00 00 00 00 00 00 00 00  00 00 7c 00 00 00 00 00
00 00 00 00 30 91 00 00  00 00 00 00 00 00 00 00
00 00 00 00 00 00 00 00  3c 4e 6f 6e 65 3e 00 00
00 00 00 00 00 00 d8 90  46 00 00 00 00 00 00 00
00 00 00 00 00 00 00 00  00 00 f6 00 80 a0 00 00
00 00 00 00 00 00 cc 90  46 00 00 00 00 00 00 00
00 00 00 00 00 00 00 00  3c 4e 6f 6e 65 3e 00 76
fb 00 00 00 00 00 00 00  00 00 00 00 00 00 00 00
00 00 00 00 00 00 00 00  00 00 ff ff 18 c6 ff ff
00 00 00 00 48 c8 00 00  00 00 00 00 00 00 00 00
90 cb f6 00 00 00 00 00  3c 4e 6f 6e 65 3e 00 00
f0 cf f6 00 08 d1 f6 00  20 d2 f6 00 00 00 00 00
00 00 00 00 00 00 00 00  00 00 00 00 00 00 00 00
00 00 00 00 00 00 00 00  00 00 00 00 00 00 00 00
00 00 00 00 00 00 00 00  3c 4e 6f 6e 65 3e 00 00
00 00 00 00 00 00 00 00  7a 02 00 00 00 00 00 00
00 00 00 00 00 00 00 00  00 00 00 00 00 00 00 00
00 00 00 00 ff ff ff ff  00 00 07 00 00 00 00 00
00 00 00 00 00 00 00 00  3c 4e 6f 6e 65 3e 00 03
20 03 3b 00 20 03 3b 00  00 00 80 1d 00 00 00 00
00 00 e0 33 fb 00 00 00  00 00 00 00 00 00 00 00
00 00 49 00 00 00 03 00  00 00 80 2f 00 00 80 1d
00 00 f6 00 80 64 2f 00  3c 4e 6f 6e 65 3e 00 00
00 00 00 00 00 00 c1 ff  ff ff cb ff ff ff 00 00
00 00 30 f8 ff ff 70 f9  ff ff 80 2f 00 00 80 1d
00 00 30 f8 ff ff 70 f9  ff ff 00 00 00 00 00 00
00 00 00 00 00 00 00 00  3c 4e 6f 6e 65 3e 00 00
00 00 7c 00 00 00 00 00  00 00 00 00 30 91 00 00
00 00 00 00 00 00 00 00  00 00 00 00 00 00 00 00
00 00 00 00 00 00 00 00  00 00 00 00 00 00 d8 90
46 00 00 00 00 00 00 00  3c 4e 6f 6e 65 3e 00 00
00 00 f6 00 80 a0 00 00  00 00 00 00 00 00 cc 90
46 00 00 00 00 00 00 00  00 00 00 00 00 00 00 00
00 00 ff ff ff ff 00 76  fb 00 00 00 00 00 00 00
00 00 00 00 00 00 00 00  47 72 6f 75 70 20 43 6f
6d 6d 61 6e 64 20 3a 20  50 61 74 72 6f 6c 00 00
00 00 00 00 e4 00 00 00  c0 50 4f 00 00 00 04 00
00 00 80 5e 00 00 80 6b  00 00 f6 00 80 64 5e 00
00 00 6b 00 00 00 00 00  06 00 00 00 09 00 00 00
00 00 00 00 0e 00 00 00  53 00 00 00 3c 00 00 00
00 00 00 00 00 00 00 00  00 00 00 00 00 00 00 00
00 00 00 00 00 00 00 00  89 00 00 00 07 00 00 00
05 00 00 00 06 00 00 00  00 00 00 00 00 00 00 00
00 00 00 00 00 00 00 00  00 00 00 00 00 00 00 00
02 00 00 00 43 6f 6e 73  74 00 00 00 00 00 00 00
00 00 00 00 00 00 00 00  00 00 d8 90 46 00 00 00
00 00 00 00 00 00 00 00  00 00 00 00 00 00 f6 00
80 a0 00 00 00 00 40 23  fb 00 cc 90 46 00 00 00
00 00 00 00 58 00 00 00  00 00 00 00 00 00 ff ff
ff ff 00 76 fb 00 00 00  80 64 54 00 00 00 0f 00
00 00 00 00 00 00 00 00  00 00 ea ff ff ff ff ff
18 c6 ff ff 00 00 00 00  48 c8 10 f7 ff ff 00 00
00 00 80 00 59 00 f6 00  00 00 00 00 c0 cd f6 00
d8 ce f6 00 f0 cf f6 00  08 d1 f6 00 20 d2 f6 00
00 00 00 00 00 00 00 00  00 00 00 00 00 00 00 00
00 00 00 00 00 00 00 00  00 00 00 00 00 00 00 00
00 00 00 00 3c 4e 6f 6e  65 3e 00 00 00 00 00 00
00 00 00 00 00 00 00 00  00 00 00 00 5f 02 00 00
00 00 00 00 00 00 00 00  00 a0 00 00 00 00 00 00
00 00 cc 90 46 00 00 00  ff ff ff ff 00 00 08 00
00 00 00 00 3c 4e 6f 6e  65 3e 00 76 65 00 35 00
1f 01 08 02 44 72 6f 70  20 4c 6f 63 61 74 69 6f
6e 00 00 00 00 00 ff ff  18 c6 ff ff 00 00 00 00
48 c8 00 00 00 00 00 00  00 00 00 00 90 cb f6 00
00 00 00 00 3c 4e 6f 6e  65 3e 00 00 f0 cf f6 00
08 d1 f6 00 02 00 01 00  05 00 00 00 1a 00 00 00
2f 00 00 00 00 00 00 00  00 00 00 00 00 00 00 00
00 00 00 00 00 00 00 00  00 00 00 00 00 00 00 00
00 00 00 00 3c 4e 6f 6e  65 3e 00 00 00 00 00 00
00 00 00 00 00 00 00 00  00 00 00 00 00 00 00 00
00 00 00 00 00 00 00 00  00 00 00 00 58 00 00 00
ff ff ff ff 00 00 08 00  00 00 00 00 00 00 00 00
00 00 00 00 3c 4e 6f 6e  65 3e 00 02 28 20 e3 01
70 3f fd 00 00 00 80 1f  00 00 00 00 00 00 40 23
fb 00 00 00 00 00 00 00  00 00 00 00 59 00 40 00
00 00 04 00 00 00 80 57  00 00 80 1f 00 00 f6 00
80 64 57 00 3c 4e 6f 6e  65 3e 00 00 00 00 00 00
00 00 ed ff ff ff c8 ff  ff ff 00 00 00 00 b0 fd
ff ff 10 f9 ff ff 80 57  00 00 80 1f 3c 4e 6f 6e
65 3e 00 f9 ff ff 01 00  00 00 00 00 00 00 00 00
00 00 00 00 47 72 6f 75  70 00 00 00 00 00 88 00
00 00 00 00 00 00 00 00  30 91 00 00 00 00 00 00
00 00 00 00 00 00 00 00  00 00 00 00 3c 4e 6f 6e
65 3e 00 00 00 00 00 00  00 00 d8 90 46 00 00 00
00 00 00 00 47 72 6f 75  70 20 43 6f 6d 6d 61 6e
64 20 3a 20 50 61 74 72  6f 6c 32 00 3c 4e 6f 6e
65 3e 00 76 fb 00 00 00  00 00 00 00 00 00 00 00
00 00 00 00 00 00 00 00  00 00 00 00 00 00 ff ff
18 c6 ff ff 06 00 00 00  0a 00 00 00 00 00 00 00
0e 00 00 00 2d 00 00 00  68 00 00 00 00 00 00 00
00 00 00 00 00 00 00 00  00 00 00 00 00 00 00 00
00 00 00 00 83 00 00 00  07 00 00 00 05 00 00 00
06 00 00 00 00 00 00 00  00 00 00 00 00 00 00 00
00 00 00 00 00 00 00 00  00 00 00 00 02 00 00 00
43 6f 6e 73 74 00 00 00  00 00 00 00 00 00 00 00
5b 02 00 00 00 00 00 00  00 00 00 00 00 00 00 00
00 00 00 00 00 00 00 00  00 00 00 00 ff ff ff ff
00 00 08 00 00 00 00 00  00 00 00 00 00 00 00 00
58 00 6f 6e 65 3e 00 02  28 20 e3 01 70 3f fd 00
00 00 80 1c 00 00 00 00  00 00 40 23 fb 00 00 00
00 00 00 00 00 00 00 00  00 00 40 00 00 00 04 00
00 00 80 5a 00 00 80 1c  00 00 f6 00 80 64 5a 00
59 00 6f 6e 65 3e 00 00  00 00 00 00 00 00 f0 ff
ff ff c5 ff ff ff 00 00  00 00 10 fe ff ff b0 f8
ff ff 80 5a 00 00 80 1c  00 00 10 fe ff ff b0 f8
ff ff 0c 00 00 00 00 00  00 00 00 00 00 00 00 00
3c 4e 6f 6e 65 3e 00 00  00 00 88 00 00 00 00 00
00 00 00 00 30 91 00 00  00 00 00 00 00 00 00 00
00 00 00 00 00 00 00 00  00 00 00 00 00 00 00 00
00 00 00 00 00 00 d8 90  46 00 00 00 00 00 00 00
3c 4e 6f 6e 65 3e 00 00  65 00 9a 00 b0 01 08 02
44 72 6f 70 20 4c 6f 63  61 74 69 6f 6e 00 00 00
00 00 00 00 00 00 00 00  00 00 ff ff ff ff 00 76
fb 00 00 00 00 00 00 00  00 00 00 00 00 00 00 00
3c 4e 6f 6e 65 3e 00 00  00 00 ff ff 18 c6 ff ff
02 00 01 00 06 00 00 00  16 00 00 00 2e 00 00 00
00 00 00 00 00 00 00 00  00 00 00 00 00 00 00 00
00 00 00 00 00 00 00 00  00 00 00 00 00 00 00 00
3c 4e 6f 6e 65 3e 00 00  00 00 00 00 00 00 00 00
00 00 00 00 00 00 00 00  00 00 00 00 00 00 00 00
00 00 00 00 00 00 00 00  58 00 00 00 00 00 00 00
00 00 00 00 00 00 00 00  5b 02 00 00 00 00 00 00
3c 4e 6f 6e 65 3e 00 00  00 00 00 00 00 00 00 00
00 00 00 00 ff ff ff ff  00 00 08 00 00 00 00 00
00 00 00 00 00 00 00 00  59 00 35 00 9c 00 08 02
70 3f fd 00 08 35 fc 00  00 00 80 1f 00 00 00 00
3c 4e 6f 6e 65 3e 00 00  00 00 00 00 00 00 00 00
00 00 40 00 00 00 04 00  00 00 80 5b 00 00 80 1f
00 00 f6 00 80 64 5b 00  3c 4e 6f 6e 65 3e 00 00
00 00 00 00 00 00 f1 ff  ff ff c8 ff ff ff 00 00
47 72 6f 75 70 00 10 f9  ff ff 80 5b 00 00 80 1f
00 00 30 fe ff ff 10 f9  ff ff 01 00 00 00 00 00
00 00 00 00 00 00 00 00  3c 4e 6f 6e 65 3e 00 00
00 00 88 00 00 00 00 00  00 00 00 00 30 91 00 00
00 00 00 00 00 00 00 00  07 00 00 00 14 00 00 00
70 02 00 00 0a 00 00 00  00 00 00 00 83 00 00 00
68 01 00 00 03 00 00 00  09 00 00 00 89 00 00 00
e0 01 00 00 03 00 00 00  08 00 00 00 8f 00 00 00
b0 04 00 00 0a 00 00 00  ff ff ff ff 97 00 00 00
78 00 00 00 06 00 00 00  ff ff ff ff 84 00 00 00
b0 04 00 00 02 00 00 00  ff ff ff ff 80 00 00 00
f0 00 00 00 02 00 00 00  ff ff ff ff 66 00 00 00
78 00 00 00 06 00 00 00  ff ff ff ff 68 00 00 00
10 27 00 00 06 00 00 00  ff ff ff ff 8e 00 00 00
b4 00 00 00 02 00 00 00  ff ff ff ff 95 00 00 00
a4 01 00 00 06 00 00 00  ff ff ff ff 6d 00 00 00
0e 01 00 00 02 00 00 00  ff ff ff ff 6e 00 00 00
0e 01 00 00 02 00 00 00  ff ff ff ff 6c 00 00 00
0e 01 00 00 02 00 00 00  ff ff ff ff 6b 00 00 00
0e 01 00 00 02 00 00 00  ff ff ff ff 69 00 00 00
0e 01 00 00 02 00 00 00  ff ff ff ff 6a 00 00 00
0e 01 00 00 06 00 00 00  ff ff ff ff 99 00 00 00
0e 01 00 00 02 00 00 00  ff ff ff ff 70 00 00 00
b4 00 00 00 02 00 00 00  ff ff ff ff 76 00 00 00
a4 01 00 00 02 00 00 00  ff ff ff ff 75 00 00 00
68 01 00 00 02 00 00 00  ff ff ff ff 87 00 00 00
78 00 00 00 06 00 00 00  ff ff ff ff 8b 00 00 00
68 01 00 00 06 00 00 00  ff ff ff ff 73 00 00 00
78 00 00 00 06 00 00 00  ff ff ff ff 9b 00 00 00
b0 04 00 00 06 00 00 00  ff ff ff ff 2c 01 00 00
b0 04 00 00 06 00 00 00  ff ff ff ff 2d 01 00 00
b0 04 00 00 02 00 00 00  ff ff ff ff 2e 01 00 00
b0 04 00 00 02 00 00 00  ff ff ff ff 2f 01 00 00
b0 04 00 00 02 00 00 00  ff ff ff ff 30 01 00 00
b0 04 00 00 02 00 00 00  ff ff ff ff 31 01 00 00
b0 04 00 00 02 00 00 00  ff ff ff ff 7a 00 00 00
2c 01 00 00 02 00 00 00  ff ff ff ff 85 00 00 00
1c 02 00 00 02 00 00 00  ff ff ff ff 94 00 00 00
2c 01 00 00 02 00 00 00  ff ff ff ff 65 00 00 00
1e 00 00 00 02 00 00 00  ff ff ff ff 67 00 00 00
1e 00 00 00 02 00 00 00  ff ff ff ff 64 00 00 00
1e 00 00 00 02 00 00 00  ff ff ff ff 72 00 00 00
78 00 00 00 06 00 00 00  ff ff ff ff 90 00 00 00
78 00 00 00 06 00 00 00  ff ff ff ff 98 00 00 00
78 00 00 00 06 00 00 00  ff ff ff ff 07 00 00 00
14 00 00 00 1c 00 00 00  0c 00 00 00 00 00 00 00
00 00 00 00 00 00 00 00  00 00 00 00 ff ff ff ff
ff ff ff ff ff ff ff ff  ff ff ff ff
